molecule_id,smiles
m_005e53,CC=CC=CC=CC=O;C1C=CC=CC=C1C=O;COC=CC=CC=CC=O;O=CC=CC=CC=O;CC=CC1=CC=CC=C1C=O;C1C=CC=CC=C(C=O)C=C1;CC=CC=CC1=C(C=O)C=C1;CC1=CC=CC=C1C=O;C1OC=CC=CC=C1C=O;C1OC=CC=CC=C(C=O)C=C1;C1C=CC=CC2=C(C=O)C=C12;COC=CC=CC1=C(C=O)C=C1;COC1=CC=CC=C1C=O;C1C=CC=CC=C(C2=O)C=C12;C12C=CC=CC=C(C=O)C=C1C=C2;O=CC=CC=C(C=O)C=C;C1OC=CC=CC2=C(C=O)C=C12;O=CC=CC1=C(C=O)C=C1;C1C=CC=CC=C(C=O)C#C1;C12OC=CC=CC=C(C=O)C=C1C=C2;C12C=CC=CC=C(C3=O)C=C1C=C23;C1OC=CC=CC=C(C2=O)C=C12;C12C=CC=CC=C(C=O)C3=C1C=C23;C12OC=CC=CC=C(C3=O)C=C1C=C23;C12C=CC=CC=C(C=O)C=C1C#C2
m_006153,COC=CC=CC=CC=O;CC=CC1=CC=CC=C1C=O;COC1=CC=CC=C1C=O;C1OC=CC=CC=C1C=O;C1OC=CC=CC=C(C=O)C=C1;COC=CC=CC1=C(C=O)C=C1;C1OC=CC=CC2=C(C=O)C=C12;C12OC=CC=CC=C(C=O)C=C1C=C2;C1OC=CC=CC2=C(C=O)C=C2C=C1;COC=CC1=CC=CC=C1C=O;C1OC=CC=CC=C(C2=O)C=C12;C12OC=CC=CC=C(C3=O)C=C1C=C23;C12OC=CC=CC=C(C=O)C3=C1C=C23;C1OC=CC=CC=C(C=O)C#C1;C12OC=CC=CC=C(C=O)C=C1C#C2;COC=CC=CC=C(C=O)C=C;COC=CC=CC=C(C=O)C#C;C1OC=CC=CC=C(C=O)C=C1C#C;COC=CC=CC#CC=O;C1OC=CC=CC=C(C=O)C=C1C=C;COC=CC=CC1=C(C=O)C=C1C#C;COC=CC1=CC=CC=C1;CC=CC1=CC=CC=C1;COC1=CC=CC=C1;CCO
m_00b5aa,COC1=CC=CC=C1C=O;COC=CC1=CC=CC=C1C=O;COC=CC1=CC=CC=C1;COC1=CC=CC=C1;CCO;CCO;CCO;CCO;CCO;CCO;CCO;CCO;CCO;CCO;CCO;CCO;CCO;CCO;CCO;CCO;CCO;CCO;CCO;CCO;CCO
m_01e922,COC1=CC=CC=C1C=O;O=CC=CC=CC=O;O=C(O)C1=CC=CC=C1C=O;O=CC=CC=CC=CC=O;O=CC=CC=C(C=O)C=C;O=CC=CC1=C(C=O)C=C1;O=CC=C1C=C(C=O)C1;O=C(O)C=CC1=CC=CC=C1C=O;O=C(O)COC1=CC=CC=C1C=O;O=CC=CC=C(C=O)C#C;O=CC=CC=C(C1=O)C=C1;O=CC=CC=CC#CC=O;O=CC=CC=C(C=O)C=C=C;O=CC=CC=C(C=O)C=CC;O=CC=CC#CC=O;O=C(O)C1=CC=CC=C1;O=CC1=CC=CC=C1;COC1=CC=CC=C1;O=CC1=CC=CC=C1C=O;O=CC=CC=CC=C;O;CCO;CCO;CCO;CCO
m_0259d4,CC=CC=CC=CC=O;COC=CC=CC=CC=O;CC=CC1=CC=CC=C1C=O;O=CC=CC=CC=O;O=CC=CC=CC=CC=O;C1C=CC=CC=C1C=O;C1OC=CC=CC=C1C=O;C1C=CC=CC=C(C=O)C=C1;CCC=CC1=CC=CC=C1C=O;CC=CC=CC1=C(C=O)C=C1;C1OC=CC=CC=C(C=O)C=C1;COC=CC=CC=CC=CC=O;CC1=CC=CC=C1C=O;COC1=CC=CC=C1C=O;O=CC=CC1=C(C=O)C=C1;COC=CC=CC1=C(C=O)C=C1;O=CC1=CC=CC=C1C=O;C12C=CC=CC=C(C=O)C=C1C=C2;C1OC=CC=CC2=C(C=O)C=C12;CC=CC=C1C=C(C=O)C=C1;C12OC=CC=CC=C(C=O)C=C1C=C2;C1C=CC=CC2=C(C=O)C=C12;COC=CC1=CC=CC=C1C=O;O=CC=CC1=C(C=O)C=C1C=C;O=CC=CC1=C(C2=O)C=C1C=C2
m_02d188,CC=CC1=CC=CC=C1C=O;COC=CC=CC=CC=O;CC=CC=CC=CC=O;COC1=CC=CC=C1C=O;C1C=CC=CC=C1C=O;C1C=CC=CC=C(C=O)C=C1;CC=CC=CC1=C(C=O)C=C1;C1OC=CC=CC=C(C=O)C=C1;COC=CC=CC1=C(C=O)C=C1;C12C=CC=CC=C(C=O)C=C1C=C2;COC=CC1=CC=CC=C1C=O;C1OC=CC=CC2=C(C=O)C=C12;C12C=CC=CC=C(C3=O)C=C1C=C23;C12C=CC=CC=C(C=O)C3=C1C=C23;C12C=CC=CC=C(C=O)C=C1C#C2;C1C=CC=CC=C(C=O)C=C1C#C;COC=CC=CC=C(C=O)C#C;CC=CC=CC=C(C=O)C#C;CC=CC=CC#CC=O;COC=CC1=CC=CC=C1;CC=CC1=CC=CC=C1;COC1=CC=CC=C1;CCO;CCO;CCO
m_0318b5,CC=CC=CC=CC=O;COC=CC=CC=CC=O;CC=CC1=CC=CC=C1C=O;C1C=CC=CC=C1C=O;C1C=CC=CC=C(C=O)C=C1;C1OC=CC=CC=C(C=O)C=C1;CC=CC=CC1=C(C=O)C=C1;COC=CC=CC1=C(C=O)C=C1;CC1=CC=CC=C1C=O;COC1=CC=CC=C1C=O;C1OC=CC=CC2=C(C=O)C=C12;C12OC=CC=CC=C(C=O)C=C1C=C2;CC=CC=CC=CC=CC=O;C12C=CC=CC=C(C=O)C=C1C=C2;C1OC=CC=CC=C(C2=O)C=C12;C12OC=CC=CC=C(C3=O)C=C1C=C23;C12C=CC=CC=C(C3=O)C=C1C=C23;C12OC=CC=CC=C(C=O)C3=C1C=C23;C12C=CC=CC=C(C=O)C3=C1C=C23;C12OC=CC=CC=C(C=O)C=C1C#C2;C1OC=CC=CC=C(C=O)C#C1;C12C=CC=CC=C(C=O)C=C1C#C2;COC=CC=CC=C(C=O)C#C;C1OC=CC=CC=C(C=O)C=C1C#C;C1C=CC=CC=C(C=O)C=C1C#C
m_043e86,COC1=CC=CC=C1C=O;O=C(O)C1=CC=CC=C1C=O;O=C(O)COC1=CC=CC=C1C=O;COC1=CC=CC=C1;CCO;CCO;CCO;CCO;CCO;CCO;CCO;CCO;CCO;CCO;CCO;CCO;CCO;CCO;CCO;CCO;CCO;CCO;CCO;CCO;CCO
m_050bf1,CCC(C)CCCCC(=O)NCCCC1=CC2=CC=C1C=C2;CCC(C)CCCCC(=O)NCCCC1=CC=CC2=C1C=CC=C2;CCC(C)CCCCC(=O)NCCCC1=CC=CC=C1;CCC(C)CCCCC(=O)NCCCC1=C2C=CC=C1C=C2;CCC1(C)CCCCC(=O)NCCCC2=CC3=CC=C2C=C3C=C1;CCC(C)CCCCC(=O)NCCCC1=C2C=CC=C1C2;CCC(C)C1CCCC(=O)NCCCC2=CC=CC3=C2C=CC=C3C=C1;CCC1(C)CCCCC(=O)NCCCC2=CC=CC3=C2C=CC=C31;CCC(C)CCCCC(=O)NCCCC1=CC=CC=C1C=O;CCC(C)CCCCC(=O)NCCCC1=CC=C2C=C1C=CC=C2;CCC(C)CCCCC(=O)NCCCC1=C2C=CC=C1C2C=O;CCC(C)CCCCC(=O)NCC1CC=CC=C1;CCC(C)CCCCC(=O)NCCCC1=CC=CC2=C1C3=CC=C2C=C3;CCC(C)CCC1CC(=O)NCCCC2=CC=CC3=C2C4=CC=C3C=C14;CCC(C1)CCCCC(=O)NCCCC2=CC=CC3=C2C=CC=C3C=C1;CCC(C)CCCC1C(=O)NCCCC2=CC=CC3=C2C=CC=C3C=C1;CCC(C)CCC1CC(=O)NCCCC2=CC=CC3=C2C=CC4=C3C=C14;CCC(C)C=1CCCC(=O)NCCCC2=CC=CC3=C2C=CC=C3C=C=1;CCC(C)CCCCC(=O)NCCCC1=CC=CC2=C1C=CC=C2C=C;CCC(C)CCCCC(=O)NCCCCCC(C)CC1CCCCCC1;CCC(C)CC1CCC(=O)NCCCC2=CC3=CC=C2C=C3C=C1;CCC(C)C1CC2CC(=O)NCCCC3=CC=CC4=C3C=CC=C4C=C12;CCC(C)CCCCC(=O)NCC1CC=CC=C1C=O;CCC(C)CCC1CC(=O)NCCCC2=CC=CC3=C2C=CC=C3C#C1;CCC(C)CCCCC(=O)NCCCCCC(C)CC1CCCCC1
m_05b52e,COC=CC=CC=CC=O;C1OC=CC=CC=C1C=O;C1OC=CC=CC=C(C=O)C=C1;COC=CC=CC1=C(C=O)C=C1;COC1=CC=CC=C1C=O;C1OC=CC=CC2=C(C=O)C=C12;C12OC=CC=CC=C(C=O)C=C1C=C2;C1OC=CC=CC=C(C2=O)C=C12;C12OC=CC=CC=C(C3=O)C=C1C=C23;C=1OC=CC=CC=C(C=O)C=C=1;C12OC=CC=CC=C(C=O)C3=C1C=C23;C12OC=CC=CC=C(C=O)C=C1C#C2;COC=CC=CC=C(C=O)C=C;COC=CC=CC=C(C=O)C#C;C1OC=CC=CC=C(C=O)C=C1C#C;C1OC=CC=CC=C(C=O)C=C1C=C;COC=CC=CC#CC=O;C1OC=CC=CC=C(C=O)C#C1;CCO;CCO;CCO;CCO;CCO;CCO;CCO
m_068354,CCC=CC1=CC=CC=C1C=O;CC=CC1=CC=CC=C1C=O;CCC1=CC=CC=C1C=O;COC=CC=CC=CC=O;O=CC=CC=CC=O;COC1=CC=CC=C1C=O;C1OC=CC=CC=C1C=O;O=CC=CC=CC=CC=O;O=CC=CC=C(C=O)C=C;C1OC=CC=CC=C(C=O)C=C1;O=CC=CC1=C(C=O)C=C1;COC=CC=CC1=C(C=O)C=C1;COC=CC1=CC=CC=C1C=O;C1OC=CC=CC2=C(C=O)C=C12;O=CC=CC=C(C=O)C=CC=C;O=CC=CC1=C(C=O)C=C1C=C;C12OC=CC=CC=C(C=O)C=C1C=C2;C1OC=CC=CC2=C(C=O)C=C2C=C1;C1OC=CC=CC=C(C2=O)C=C12;O=CC=CC=C(C1=O)C=CC=C1;C12OC=CC=CC=C(C3=O)C=C1C=C23;O=CC=CC=C(C=O)C1=CC=C1;C12OC=CC=CC=C(C=O)C3=C1C=C23;O=CC=CC=C(C=O)C=CC;C1OC=CC=CC=C(C=O)C#C1
m_06e13d,O=CC=CC=CC=O;CC=CC1=CC=CC=C1C=O;O=CC=CC=C(C=O)C=C;O=CC=CC1=C(C=O)C=C1;O=CC=CC=C(C=O)C=CC=C;O=CC=CC=C(C1=O)C=CC=C1;O=CC=CC=C(C=O)C1=CC=C1;O=CC=CC=C(C=O)C=CC#C;O=CC=CC=C(C=O)C=CC;O=CC=CC=C(C=O)C#C;O=CC=CC=C(C=O)C=C=C;O=CC=CC=C(C=O)C=C1C=C1;CC=CC1=CC=CC=C1;CCO;CCO;CCO;CCO;CCO;CCO;CCO;CCO;CCO;CCO;CCO;CCO
m_06f339,O=C(O)C1=CC=CC=C1C=O;O=C(O)C=CC1=CC=CC=C1C=O;CCC1(C)CCCCC(=O)NCCCC=CC2=CC=CC=C2C=C1;CCC(C)CCCCC(=O)NCCCC1=CC2=CC=C1C=C2;CCC(C)CCCCC(=O)NCCCC=CC1=CC2=CC=C1C=C2;CCC(C)CCCCC(=O)NCCCC1=CC=CC2=C1C=CC=C2;CCC1(C)C2CCCC(=O)NCCCC=CC3=CC=CC=C3C=C1C=C2;CCC(C)CCCCC(=O)NCCCC=CC1=CC=CC=C1;CCC(C)C1CCCC(=O)NCCCC=CC2=CC3=CC=C2C=C3C=C1;CCC(C)C1CCCC(=O)NCCCC2=CC=CC3=C2C=CC=C3C=C1;CC1C(C)CCCCC(=O)NCCCC=CC2=CC=CC=C2C=C1;CCC1(C)CCC2CC(=O)NCCCC=CC3=CC=CC4=C3C=C1C=C24;CCC(C)CCCCC(=O)NCCCC=C1C=CC2=CC=C1C=C2;CCC(C)CCCCC(=O)NCCCC1=CC=CC=C1;CCC(C)CCCCC(=O)NCCCC=CC1=C2C=CC=C1C=C2;CCC(C)CCCCC(=O)NCCCC1=CC=CC2=C1C3=CC=C2C=C3;CCC1(C)CCC2CC(=O)NCCCC=CC3=CC=CC=C3C4=C1C=C24;CCC1(C)CCCC2C(=O)NCCCC=CC3=CC=CC=C3C=C1C=C2;CCC(C)CCCCC(=O)NCCCC1=CC=CC=C1C=O;CCC1(C)C=2CCCC(=O)NCCCC=CC3=CC=CC=C3C=C1C=C=2;CCC1(C)CCCCC(=O)NCCCC=CC2=CC=CC=C2C=C1C=C;CCC(C)CCCCC(=O)NCCCC=CC1=CC2=CC=C1C=C2C=C;CCC(C)CCCCC(=O)NCC1CC=CC=C1;CCC1(C)C2CC3CC(=O)NCCCC=CC4=CC=CC=C4C=C1C=C23;CCC1(C)CCC2CC(=O)NCCCC=CC3=CC=CC=C3C=C1C#C2
m_070985,COC1=CC=CC=C1C=O;O=C(O)COC1=CC=CC=C1C=O;O=C(O)C1=CC=CC=C1;COC1=CC=CC=C1;O;CCO;CCO;CCO;CCO;CCO;CCO;CCO;CCO;CCO;CCO;CCO;CCO;CCO;CCO;CCO;CCO;CCO;CCO;CCO;CCO
m_074e83,COC=CC=CC=CC=O;COC=CC=CC=O;CC=CC1=CC=CC=C1C=O;COC1=CC=CC=C1C=O;C1OC=CC=CC=C(C=O)C=C1;COC=CC=CC1=C(C=O)C=C1;C1OC=CC=CC=C(C=O)C=CC=C1;C12OC=CC=CC=C(C=O)C=C1C=C2;C1OC=CC=CC2=C(C=O)C=C2C=C1;COC=CC=CC=C(C1=O)C=CC=C1;C12OC=CC=CC=C(C3=O)C=C1C=C23;C1OC=CC=CC2=C(C3=O)C=C2C=C13;C12OC=CC=CC=C(C=O)C3=C1C=C23;C12OC=CC=CC=C(C=O)C=C1C#C2;O=C(O)C=CC1=CC=CC=C1C=O;C1OC=CC=CC=C(C=O)C=C1C#C;COC=CC=CC=C(C=O)C#C;COC=CC=CC1=C(C=O)C=C1C#C;COC=CC=CC=C(C=O)C=CC#C;COC=CC1=CC=CC=C1;CC=CC1=CC=CC=C1;COC1=CC=CC=C1;CCO;CCO;CCO
m_089267,CCC(C)CCCC(=O)NCCC=CC1=CC2=CC=C1C=C2;CCC(C)CCCC(=O)NCCC1=CC=CC2=C1C=CC=C2;CCC(C)CCCC(=O)NCCC=CC1=CC=CC2=C1C=CC=C2;CCC(C)CCCCC(=O)NCCCC1=CC2=CC=C1C=C2;CCC(C)CCCC(=O)NCCCC1=CC2=CC=C1C=C2;CCC1(C)CCCC(=O)NCCC=CC2=CC3=CC=C2C=C3C=C1;CCC(C)CCCC(=O)NCCC=CC1=CC=CC=C1;CCC(C)CCCC(=O)NCCC1=CC2=CC=C1C=C2;CCC(C)CCCC(=O)NCCC=CC1=C2C=CC=C1C=C2;CCC1(C)CCCC(=O)NCCC2=CC=CC3=C2C=CC=C3C=C1;CCC(C)C1CCC(=O)NCCC=CC2=CC=CC3=C2C=CC=C3C=C1;CC1C(C)CCCC(=O)NCCC=CC2=CC3=CC=C2C=C3C=C1;CCC(C)CCCCC(=O)NCCCC1=CC=CC2=C1C=CC=C2;CCC(C)CCCC(=O)NCCC1=CC=CC=C1;CCC(C)CCCCC(=O)NCC1CC=CC2=C1C=CC=C2;CCC(C)CCCC(=O)NCCCC1=CC=CC=C1;CCC(C)CCCCC(=O)NCCCC1=CC=CC=C1;CCC(C)CCCC(=O)NCCC=CC1=CC=CC2=C1C3=CC=C2C=C3;CCC1(C)CCCCC(=O)NCCCC2=CC3=CC=C2C=C3C=C1;CCC(C)CCCC(=O)NCCC1=CC2=CC=C1C=C2C=O;CCC(C)CCCC(=O)NCCC1=CC=CC2=C1C3=CC=C2C=C3;CCC(C)CCCCC(=O)NCCCC1=C2C=CC=C1C2;CCC(C)C1CCCC(=O)NCCCC2=CC=CC3=C2C=CC=C3C=C1;CCC1(C)CCCCC(=O)NCCCC2=CC=CC3=C2C=CC=C31;CCC(C1)CCCC(=O)NCCC=CC2=CC=CC3=C2C=CC=C3C=C1
m_08d7f1,COC=CC1=CC=CC=C1C=O;COC1=CC=CC=C1C=O;O=C(O)C1=CC=CC=C1C=O;O=C(O)C=CC1=CC=CC=C1C=O;O=C(O)CC1=CC=CC=C1C=O;O=C(O)C1=CC=CC=C1;COC=CC1=CC=CC=C1;COC1=CC=CC=C1;O;CCO;CCO;CCO;CCO;CCO;CCO;CCO;CCO;CCO;CCO;CCO;CCO;CCO;CCO;CCO;CCO
m_0a8bf5,COC=CC1=CC=CC=C1C=O;COC1=CC=CC=C1C=O;COC=CC1=CC=CC=C1;COC1=CC=CC=C1;O=C(O1)CC=CC=C1;CCO;CCO;CCO;CCO;CCO;CCO;CCO;CCO;CCO;CCO;CCO;CCO;CCO;CCO;CCO;CCO;CCO;CCO;CCO;CCO
m_0af51a,CC=CC=CC=CC=O;C1C=CC=CC=C1C=O;O=CC=CC=CC=O;C1C=CC=CC=C(C=O)C=C1;CC=CC=CC1=C(C=O)C=C1;CC1=CC=CC=C1C=O;C1C=CC=CC2=C(C=O)C=C12;C1C=CC=CC=C(C2=O)C=C12;C1C=CC=CC=C(C=O)C#C1;CC=CC=CC#CC=O;CC=CC=CC=C(C=O)C#C;C1C=CC=CC=C(C=O)C=C1C=C;CC=CC1=CC=CC=C1;O=C(O)C1=CC=CC=C1;CCO;CCO;CCO;CCO;CCO;CCO;CCO;CCO;CCO;CCO;CCO
m_0c4e10,COC=CC=CC=CC=O;CC=CC1=CC=CC=C1C=O;C1OC=CC=CC=C1C=O;C1OC=CC=CC=C(C=O)C=C1;COC=CC=CC1=C(C=O)C=C1;COC1=CC=CC=C1C=O;C1OC=CC=CC2=C(C=O)C=C12;C12OC=CC=CC=C(C=O)C=C1C=C2;C1OC=CC=CC2=C(C=O)C=C2C=C1;C1OC=CC=CC=C(C2=O)C=C12;C12OC=CC=CC=C(C3=O)C=C1C=C23;C12OC=CC=CC=C(C=O)C3=C1C=C23;C1OC=CC=CC=C(C=O)C#C1;C12OC=CC=CC=C(C=O)C=C1C#C2;COC=CC=CC=C(C=O)C=C;COC=CC=CC=C(C=O)C#C;C1OC=CC=CC=C(C=O)C=C1C#C;COC=CC=CC#CC=O;C1OC=CC=CC=C(C=O)C=C1C=C;COC=CC=CC1=C(C=O)C=C1C#C;COC=CC=CC1=C(C=O)C=C1C=C;COC=CC1=CC=CC=C1;CC=CC1=CC=CC=C1;COC1=CC=CC=C1;CCO
m_0cc9ea,CC=CC=CC=CC=O;COC=CC=CC=CC=O;C1C=CC=CC=C1C=O;C1C=CC=CC=C(C=O)C=C1;C1OC=CC=CC=C1C=O;CC=CC=CC1=C(C=O)C=C1;C12C=CC=CC=C(C=O)C=C1C=C2;C1C=CC=CC2=C(C=O)C=C2C=C1;C12C=CC=CC=C(C3=O)C=C1C=C23;C12C=CC=CC=C(C=O)C3=C1C=C23;C12C=CC=CC=C(C=O)C=C1C#C2;C1C=CC=CC=C(C=O)C=C1C#C;CC=CC=CC1=C(C=O)C=C1C#C;CC=CC=CC=C(C=O)C#C;COC=CC=CC#CC=O;CC=CC1=CC=CC=C1;CCO;CCO;CCO;CCO;CCO;CCO;CCO;CCO;CCO
m_0d08be,COC1=CC=CC=C1C=O;COC1=CC=CC=C1;O=C(O)C=CC=C;CCO;CCO;CCO;CCO;CCO;CCO;CCO;CCO;CCO;CCO;CCO;CCO;CCO;CCO;CCO;CCO;CCO;CCO;CCO;CCO;CCO;CCO
m_0d2197,COC=CC=CC=CC=O;CC=CC1=CC=CC=C1C=O;C1OC=CC=CC=C1C=O;COC1=CC=CC=C1C=O;COC=CC=CC#CC=O;COC=CC1=CC=CC=C1;CC=CC1=CC=CC=C1;COC1=CC=CC=C1;CCO;CCO;CCO;CCO;CCO;CCO;CCO;CCO;CCO;CCO;CCO;CCO;CCO;CCO;CCO;CCO;CCO
m_0d3550,COC=CC=CC=CC=O;COC1=CC=CC=C1C=O;COC=CC1=CC=CC=C1C=O;C1OC=CC=CC=C1C=O;O=C(O)C1=CC=CC=C1C=O;C1OC=CC=CC=C(C=O)C=C1;COC=CC=CC1=C(C=O)C=C1;C1OC=CC=CC2=C(C=O)C=C12;C1OC=CC=CC=C(C2=O)C=C12;C1OC=CC=CC=C(C=O)C#C1;COC=CC=CC=C(C=O)C#C;COC=CC=CC=C(C=O)C=C;COC=CC=CC#CC=O;O=C(O)C=CC1=CC=CC=C1C=O;O=C(O)CC1=CC=CC=C1C=O;O=C(O)C1=CC=CC=C1;COC=CC1=CC=CC=C1;CC=CC1=CC=CC=C1;COC1=CC=CC=C1;CC=CC1=CC=CC=C1C=O;O;CCO;CCO;CCO;CCO
m_0d463f,COC=CC=CC=CC=O;COC1=CC=CC=C1C=O;COC=CC1=CC=CC=C1C=O;C1OC=CC=CC=C(C=O)C=C1;COC=CC=CC1=C(C=O)C=C1;C12OC=CC=CC=C(C=O)C=C1C=C2;COC=CC=CC=C(C1=O)C=CC=C1;C12OC=CC=CC=C(C3=O)C=C1C=C23;C1OC=CC=CC=C(C2=O)C=CC=C2C=C1;C1OC=CC=CC=C(C=O)C=C1C;C12OC=CC=CC=C(C=O)C3=C1C=C23;C1OC=CC=CC=C(C2=O)C=C1C=C2;C12OC=CC=CC=C(C=O)C=C1C#C2;O=C(O)COC1=CC=CC=C1C=O;C1OC=CC=CC=C(C=O)C=C1C#C;COC=CC=CC=C(C=O)C#C;C1OC=CC=CC=C(C=O)C=C1C=C;COC=CC=CC=C(C1=O)C=CC=C1C#C;O=C(O)C=CC1=CC=CC=C1C=O;O=C(O)CC1=CC=CC=C1C=O;O=C(O)C1=CC=CC=C1;COC=CC1=CC=CC=C1;COC1=CC=CC=C1;O;CCO
m_0ea8a3,CC=CC=CC=CC=O;CC=CC1=CC=CC=C1C=O;C1C=CC=CC=C1C=O;COC=CC=CC=CC=O;C1C=CC=CC=C(C=O)C=C1;CC=CC=CC1=C(C=O)C=C1;C1OC=CC=CC=C1C=O;CC1=CC=CC=C1C=O;C1OC=CC=CC=C(C=O)C=C1;COC=CC=CC1=C(C=O)C=C1;COC1=CC=CC=C1C=O;CC=CC=C1C=C(C=O)C=C1;C1C=CC=CC2=C(C=O)C=C12;C12C=CC=CC=C(C=O)C=C1C=C2;C1C=CC=CC=C(C2=O)C=C12;C1OC=CC=CC2=C(C=O)C=C12;C12OC=CC=CC=C(C=O)C=C1C=C2;C1OC=CC=CC2=C(C=O)C=C2C=C1;C12C=CC=CC=C(C3=O)C=C1C=C23;C1C=CC=CC=C(C=O)C#C1;C12C=CC=CC=C(C=O)C3=C1C=C23;C12OC=CC=CC=C(C3=O)C=C1C=C23;C1OC=CC=CC2=C(C3=O)C=C2C=C13;C12C=CC=CC=C(C=O)C=C1C#C2;CC=CC=CC=C(C=O)C=C
m_0ee46b,CC=CC=CC=CC=O;CC=CC1=CC=CC=C1C=O;C1C=CC=CC=C1C=O;COC=CC1=CC=CC=C1C=O;O=CC=CC=CC=O;COC1=CC=CC=C1C=O;CC1=CC=CC=C1C=O;CC=CC=CC1=C(C=O)C=C1;C1C=CC=CC=C(C=O)C=C1;O=CC=CC=C(C=O)C=C;O=CC=CC1=C(C=O)C=C1;CC=CC=C1C=C(C=O)C=C1;C12C=CC=CC=C(C=O)C=C1C=C2;CC=CC=CC=C(C=O)C=C;O=CC=CC=C(C=O)C=CC=C;O=CC=CC=C(C1=O)C=CC=C1;O=CC=CC=C(C=O)C1=CC=C1;O=CC=CC=C(C=O)C=CC;O=CC=CC=C(C=O)C=CC#C;C1C=CC=CC=C(C=O)C=C1C;O=CC=CC=C(C=O)C#C;C1C=CC=CC=C(C=O)C#C1;CC=CC=CC#CC=O;O=CC=CC=C(C=O)C=C=C;O=CC=CC=C(C=O)C=C1C=C1
m_0f05e7,CC=CC=CC=CC=O;CC=CC=CC=CC=CC=O;C1C=CC=CC=C1C=O;C1C=CC=CC=C(C=O)C=C1;COC1=CC=CC=C1C=O;CC=CC=CC1=C(C=O)C=C1;COC=CC1=CC=CC=C1C=O;CC1=CC=CC=C1C=O;CC=CC1=CC=CC=C1C=O;C1C=CC=CC2=C(C=O)C=C12;C1C=CC=CC=C(C2=O)C=C12;C1C=CC=CC=C(C=O)C#C1;O=C(O)C=CC1=CC=CC=C1C=O;O=C(O)COC1=CC=CC=C1C=O;CC=CC=CC#CC=O;CC=CC=CC=C(C=O)C#C;C1C=CC=CC=C(C=O)C=C1C=C;O=C(O)CC1=CC=CC=C1C=O;COC=CC1=CC=CC=C1;O=C(O)C1=CC=CC=C1;CC=CC1=CC=CC=C1;COC1=CC=CC=C1;O;CCO;CCO
m_0fe9d9,COC=CC=CC=CC=O;O=CC=CC=CC=O;COC1=CC=CC=C1C=O;C1OC=CC=CC=C1C=O;C1OC=CC=CC=C(C=O)C=C1;COC=CC=CC1=C(C=O)C=C1;C1OC=CC=CC2=C(C=O)C=C12;C1OC=CC=CC2=C(C=O)C=C2C=C1;COC=CC=C1C=C(C=O)C=C1;C12OC=CC=CC=C(C=O)C=C1C=C2;C1OC=CC=CC2=C(C3=O)C=C2C=C13;C12OC=CC=CC=C(C3=O)C=C1C=C23;C1OC=CC=CC=C(C2=O)C=C12;C1OC=CC=CC=C(C=O)C#C1;C1OC=CC=CC2=C(C=O)C3=C2C=C13;O=C(O)C=CC1=CC=CC=C1C=O;C12OC=CC=CC=C(C=O)C3=C1C=C23;COC=CC=CC=C(C=O)C=C;O=C(O)COC1=CC=CC=C1C=O;C1OC=CC=CC2=C(C=O)C=C2C#C1;C12OC=CC=CC=C(C=O)C=C1C#C2;COC=CC=CC=C(C=O)C#C;COC=CC=CC#CC=O;C1OC=CC=CC=C(C=O)C=C1C#C;C1OC=CC=CC=C(C=O)C=C1C=C
m_108fdb,COC=CC=CC=CC=O;CC=CC1=CC=CC=C1C=O;COC1=CC=CC=C1C=O;COC=CC1=CC=CC=C1C=O;C1OC=CC=CC=C1C=O;C1OC=CC=CC=C(C=O)C=C1;COC=CC=CC1=C(C=O)C=C1;C1OC=CC=CC2=C(C=O)C=C12;C12OC=CC=CC=C(C=O)C=C1C=C2;C12OC=CC=CC=C(C3=O)C=C1C=C23;C1OC=CC=CC=C(C2=O)C=C12;C=1OC=CC=CC=C(C=O)C=C=1;C12OC=CC=CC=C(C=O)C3=C1C=C23;C12OC=CC=CC=C(C=O)C=C1C#C2;C1OC=CC=CC=C(C=O)C#C1;COC=CC=CC=C(C=O)C=C;COC=CC=CC=C(C=O)C#C;C1OC=CC=CC=C(C=O)C=C1C#C;C1OC=CC=CC=C(C=O)C=C1C=C;COC=CC=CC#CC=O;COC=CC1=CC=CC=C1;CC=CC1=CC=CC=C1;COC1=CC=CC=C1;CCO;CCO
m_12945e,COC=CC=CC=CC=O;CC=CC1=CC=CC=C1C=O;C1OC=CC=CC=C1C=O;C1OC=CC=CC=C(C=O)C=C1;COC=CC=CC1=C(C=O)C=C1;COC1=CC=CC=C1C=O;C12OC=CC=CC=C(C=O)C=C1C=C2;C1OC=CC=CC2=C(C=O)C=C2C=C1;C1OC=CC=CC2=C(C=O)C=C12;O=C(O)C1=CC=CC=C1C=O;CCC(C)CCCCC(=O)NCCC1=CC=CC2=C1C=CC=C2;CCC(C)CCCCC(=O)NCCC=CC1=CC2=CC=C1C=C2;C12OC=CC=CC=C(C3=O)C=C1C=C23;C1OC=CC=CC2=C(C3=O)C=C2C=C13;O=C(O)C=CC1=CC=CC=C1C=O;CCC(C)CCCCC(=O)NCCC1=CC2=CC=C1C=C2;CCC(C)CCCCC(=O)NCCC=CC1=CC=CC2=C1C=CC=C2;CCC(C1)CCCCC(=O)NCCC=CC2=CC3=CC=C2C=C3C=C1;CCC(C)CC1CCC(=O)NCCC=CC2=CC=CC3=C2C=CC=C3C=C1;CCC(C1)CCCCC(=O)NCCC2=CC=CC3=C2C=CC=C3C=C1;CCC(C)CCCCC(=O)NCCC=CC1=CC=CC=C1;C12OC=CC=CC=C(C=O)C3=C1C=C23;C1OC=CC=CC2=C(C=O)C3=C2C=C13;CCC(C)CCCCC(=O)NCCC=CC1=C2C=CC=C1C=C2;CCC(C)CCCCC(=O)NCCC1=CC=CC=C1
m_13152b,CC=CC=CC=CC=O;COC=CC=CC=CC=O;C1C=CC=CC=C1C=O;O=CC=CC=CC=O;C1C=CC=CC=C(C=O)C=C1;COC1=CC=CC=C1C=O;CC=CC=CC1=C(C=O)C=C1;CC1=CC=CC=C1C=O;C1OC=CC=CC=C(C=O)C=C1;COC=CC1=CC=CC=C1C=O;COC=CC=CC1=C(C=O)C=C1;C1C=CC=CC2=C(C=O)C=C12;C12C=CC=CC=C(C=O)C=C1C=C2;C1OC=CC=CC2=C(C=O)C=C12;COC=CC=CC=CC=CC=O;C12OC=CC=CC=C(C=O)C=C1C=C2;C1C=CC=CC=C(C2=O)C=C12;C12C=CC=CC=C(C3=O)C=C1C=C23;C12OC=CC=CC=C(C3=O)C=C1C=C23;C12C=CC=CC=C(C=O)C3=C1C=C23;C1C=CC=CC=C(C=O)C#C1;C12OC=CC=CC=C(C=O)C3=C1C=C23;C12C=CC=CC=C(C=O)C=C1C#C2;C1OC=CC=CC=C(C2=O)C=C12;C12OC=CC=CC=C(C=O)C=C1C#C2
m_134d4a,CC=CC1=CC=CC=C1C=O;COC1=CC=CC=C1C=O;COC=CC1=CC=CC=C1C=O;COC=CC=CC=CC=CC=O;C1OC=CC=CC=CC=C1C=O;C1OC=CC=CC=CC=C(C=O)C=C1;C1OC=CC=CC=CC2=C(C=O)C=C12;C1OC=CC=CC=CC=C(C2=O)C=C12;COC=CC=CC=CC#CC=O;C1OC=CC=CC=CC=C(C=O)C#C1;COC=CC=CC=C1C=C1C=O;COC=CC=CC=CC=C(C=O)C#C;COC=CC=CC=CC=C(C=O)C=C;COC=CC1=CC=CC=C1;CC=CC1=CC=CC=C1;COC1=CC=CC=C1;CCO;CCO;CCO;CCO;CCO;CCO;CCO;CCO;CCO
m_145679,COC1=CC=CC=C1C=O;CCC(C)CCCC(=O)NCCC=CC1=CC2=CC=C1C=C2;O=C(O)C1=CC=CC=C1C=O;CCC(C)CCCC(=O)NCCC1=CC=CC2=C1C=CC=C2;CCC(C)CCCC(=O)NCCC=CC1=CC=CC2=C1C=CC=C2;CCC(C)CCCC(=O)NCCCC1=CC2=CC=C1C=C2;CCC(C)CCCC(=O)NCCC=CC1=CC=CC=C1;CCC(C)CCCC(=O)NCCC=CC1=C2C=CC=C1C=C2;CCC(C)CCCC(=O)NCCC1=CC2=CC=C1C=C2;CCC1(C)CCCC(=O)NCCC=CC2=CC3=CC=C2C=C3C=C1;CCC1(C)CCCC(=O)NCCC2=CC=CC3=C2C=CC=C3C=C1;CCC(C)CCCC(=O)NCCC1=CC=CC=C1;CC1C(C)CCCC(=O)NCCC=CC2=CC3=CC=C2C=C3C=C1;CCC(C)CCCC(=O)NCCCC1=CC=CC=C1;CCC(C)CCCC(=O)NCCC=CC1=CC=CC2=C1C3=CC=C2C=C3;CCC(C)CCCC(=O)NCCCC1=CC2=CC=C1C=C2C=O;CCC(C)CC1CC(=O)NCCC=CC2=CC3=CC=C2C=C3C=C1;CCC1(C)C2CCC(=O)NCCC3=CC=CC4=C3C=CC=C4C=C1C=C2;CCC1(C)C2CCC(=O)NCCC=CC3=CC4=CC=C3C=C4C=C1C=C2;CCC1(C)CCC2C(=O)NCCC3=CC=CC4=C3C=C5C=C4C=C1C=C25;CCC1(C)CCC2C(=O)NCCC=CC3=CC4=CC=C3C=C4C=C1C=C2;CCC1(C)CCC2C(=O)NCCC3=CC=CC4=C3C=CC5=C4C=C1C=C25;CCC(C)CCCC(=O)NCC1CC=CC=C1;CCC1(C)CCCC(=O)NCCC=CC2=CC3=CC=C2C=C3C=C1C;CCC1(C)CCCC(=O)NCCC2=CC=CC3=C2C=C4C=C3C=C1C4
m_153108,CC=CC=CC=CC=O;C1C=CC=CC=C1C=O;O=CC=CC=CC=O;CC1=CC=CC=C1C=O;C1C=CC=CC=C(C=O)C=C1;CC=CC=CC1=C(C=O)C=C1;O=CC=CC=CC=CC=O;CC=CC=CC=C(C=O)C=C;C12C=CC=CC=C(C=O)C=C1C=C2;C1C=CC=CC=C(C=O)C=C1C;CC=CC=CC#CC=O;C1C=CC=CC=C(C=O)C=C1C#C;CC=CC=CC=C(C=O)C#C;C1C=CC=CC=C(C=O)C=C1C=C;CC=CC1=CC=CC=C1;CC=CC1=CC=CC=C1C=O;CCO;CCO;CCO;CCO;CCO;CCO;CCO;CCO;CCO
m_156305,CC=CC1=CC=CC=C1C=O;CCC=CC1=CC=CC=C1C=O;COC=CC=CC=CC=O;C1OC=CC=CC=C1C=O;C=CC1=CC=CC=C1C=O;C1OC=CC=CC=C(C=O)C=C1;COC1=CC=CC=C1C=O;COC=CC=CC1=C(C=O)C=C1;C1OC=CC=CC2=C(C=O)C=C12;C12OC=CC=CC=C(C=O)C=C1C=C2;C1OC=CC=CC2=C(C=O)C=C2C=C1;C1OC=CC=CC=C(C2=O)C=C12;C12OC=CC=CC=C(C3=O)C=C1C=C23;C12OC=CC=CC=C(C=O)C3=C1C=C23;C1OC=CC=CC=C(C=O)C#C1;C12OC=CC=CC=C(C=O)C=C1C#C2;COC=CC=CC=C(C=O)C=C;COC=CC=CC=C(C=O)C#C;C1OC=CC=CC=C(C=O)C=C1C#C;COC=CC=CC#CC=O;C1OC=CC=CC=C(C=O)C=C1C=C;COC=CC=CC1=C(C=O)C=C1C#C;COC=CC=CC1=C(C=O)C=C1C=C;CC=CC1=CC=CC=C1;C=CC1=CC=CC=C1
m_15dab4,CC=CC=CC=CC=O;C1C=CC=CC=C1C=O;COC=CC=CC=CC=O;CC=CC1=CC=CC=C1C=O;O=CC=CC=CC=O;C1C=CC=CC=C(C=O)C=C1;CC=CC=CC1=C(C=O)C=C1;CC1=CC=CC=C1C=O;C1OC=CC=CC=C(C=O)C=C1;COC=CC=CC1=C(C=O)C=C1;C12C=CC=CC=C(C=O)C=C1C=C2;COC1=CC=CC=C1C=O;C1OC=CC=CC2=C(C=O)C=C12;C12OC=CC=CC=C(C=O)C=C1C=C2;C12C=CC=CC=C(C3=O)C=C1C=C23;C12C=CC=CC=C(C=O)C3=C1C=C23;C12OC=CC=CC=C(C3=O)C=C1C=C23;C12C=CC=CC=C(C=O)C=C1C#C2;C12OC=CC=CC=C(C=O)C3=C1C=C23;C1OC=CC=CC=C(C2=O)C=C12;C12OC=CC=CC=C(C=O)C=C1C#C2;C1C=CC=CC=C(C=O)C=C1C#C;COC=CC=CC=C(C=O)C#C;C1OC=CC=CC=C(C=O)C=C1C#C;CC=CC=CC=C(C=O)C#C
m_163bfd,CC=CC=CC=CC=O;CC=CC=CC=CC=CC=O;C1C=CC=CC=C1C=O;COC=CC=CC=CC=O;C1C=CC=CC=C(C=O)C=C1;C1C=CC=CC=CC=C1C=O;O=CC=CC=CC=O;CC=CC=CC1=C(C=O)C=C1;CC=CC1=CC=CC=C1C=O;CC1=CC=CC=C1C=O;COC=CC1=CC=CC=C1C=O;C1OC=CC=CC=C(C=O)C=C1;C12C=CC=CC=C(C=O)C=C1C=C2;COC=CC=CC1=C(C=O)C=C1;O=CC=CC=CC=CC=O;COC1=CC=CC=C1C=O;O=CC=CC=C(C=O)C=C;C12C=CC=CC=C(C3=O)C=C1C=C23;C1OC=CC=CC2=C(C=O)C=C12;O=CC=CC1=C(C=O)C=C1;C12OC=CC=CC=C(C=O)C=C1C=C2;C12C=CC=CC=C(C=O)C3=C1C=C23;C12OC=CC=CC=C(C3=O)C=C1C=C23;C12C=CC=CC=C(C=O)C=C1C#C2;O=CC=CC=C(C=O)C=CC=C
m_163da0,COC=CC=CC=CC=O;COC1=CC=CC=C1C=O;COC=CC1=CC=CC=C1C=O;C1OC=CC=CC=C(C=O)C=C1;COC=CC=CC1=C(C=O)C=C1;C1OC=CC=CC2=C(C=O)C=C12;C12OC=CC=CC=C(C=O)C=C1C=C2;C12OC=CC=CC=C(C3=O)C=C1C=C23;C12OC=CC=CC=C(C=O)C3=C1C=C23;C1OC=CC=CC=C(C2=O)C=C12;C12OC=CC=CC=C(C=O)C=C1C#C2;COC=CC=CC=C(C=O)C#C;C1OC=CC=CC=C(C=O)C=C1C#C;C1OC=CC=CC=C(C=O)C=C1C=C;O=C(O)C=CC1=CC=CC=C1C=O;O=C(O)C1=CC=CC=C1;COC=CC1=CC=CC=C1;COC1=CC=CC=C1;O;CCO;CCO;CCO;CCO;CCO;CCO
m_1700bc,CC=CC1=CC=CC=C1C=O;COC1=CC=CC=C1C=O;O=C(O)C1=CC=CC=C1C=O;O=C(O)C=CC1=CC=CC=C1C=O;O=C(O)COC1=CC=CC=C1C=O;O=C(O)CC1=CC=CC=C1C=O;O=C(O)C1=CC=CC=C1;CC=CC1=CC=CC=C1;COC1=CC=CC=C1;O;CCO;CCO;CCO;CCO;CCO;CCO;CCO;CCO;CCO;CCO;CCO;CCO;CCO;CCO;CCO
m_1712db,COC=CC1=CC=CC=C1C=O;COC1=CC=CC=C1C=O;O=C(O)C1=CC=CC=C1C=O;COC=CC1=CC=CC=C1;COC1=CC=CC=C1;O;CCO;CCO;CCO;CCO;CCO;CCO;CCO;CCO;CCO;CCO;CCO;CCO;CCO;CCO;CCO;CCO;CCO;CCO;CCO
m_1777b7,COC=CC=CC=CC=O;COC1=CC=CC=C1C=O;C1OC=CC=CC=C(C=O)C=C1;COC=CC1=CC=CC=C1C=O;COC=CC=CC1=C(C=O)C=C1;C1OC=CC=CC2=C(C=O)C=C12;C12OC=CC=CC=C(C=O)C=C1C=C2;C1OC=CC=CC=C(C2=O)C=C12;C12OC=CC=CC=C(C3=O)C=C1C=C23;C12OC=CC=CC=C(C=O)C3=C1C=C23;C1OC=CC=CC=C(C=O)C#C1;C12OC=CC=CC=C(C=O)C=C1C#C2;COC=CC=CC=C(C=O)C=C;COC=CC=CC=C(C=O)C#C;C1OC=CC=CC=C(C=O)C=C1C#C;C1OC=CC=CC=C(C=O)C=C1C=C;COC=CC1=CC=CC=C1;COC1=CC=CC=C1;CCO;CCO;CCO;CCO;CCO;CCO;CCO
m_1813a1,COC=CC=CC=CC=O;CC=CC1=CC=CC=C1C=O;C1OC=CC=CC=C1C=O;C1OC=CC=CC=C(C=O)C=C1;COC=CC=CC1=C(C=O)C=C1;COC1=CC=CC=C1C=O;C1OC=CC=CC2=C(C=O)C=C12;C12OC=CC=CC=C(C=O)C=C1C=C2;C1OC=CC=CC2=C(C=O)C=C2C=C1;C12OC=CC=CC=C(C3=O)C=C1C=C23;C1OC=CC=CC=C(C2=O)C=C12;C12OC=CC=CC=C(C=O)C3=C1C=C23;C1OC=CC=CC=C(C=O)C#C1;C12OC=CC=CC=C(C=O)C=C1C#C2;COC=CC=CC=C(C=O)C=C;C1OC=CC=CC=C(C=O)C=C1C#C;COC=CC=CC=C(C=O)C#C;COC=CC=CC#CC=O;C1OC=CC=CC=C(C=O)C=C1C=C;COC=CC=CC1=C(C=O)C=C1C#C;COC=CC1=CC=CC=C1;CC=CC1=CC=CC=C1;COC1=CC=CC=C1;CCO;CCO
m_18f297,CC=CC=CC=CC=O;C1C=CC=CC=C1C=O;COC=CC=CC=CC=O;C1C=CC=CC=C(C=O)C=C1;CC=CC=CC1=C(C=O)C=C1;CC1=CC=CC=C1C=O;C12C=CC=CC=C(C=O)C=C1C=C2;C12C=CC=CC=C(C3=O)C=C1C=C23;C12C=CC=CC=C(C=O)C3=C1C=C23;C12C=CC=CC=C(C=O)C=C1C#C2;C1C=CC=CC=C(C=O)C=C1C#C;CC=CC=CC=C(C=O)C#C;C1C=CC=CC=C(C=O)C=C1C=C;CC=CC=CC#CC=O;CC=CC1=CC=CC=C1;CCO;CCO;CCO;CCO;CCO;CCO;CCO;CCO;CCO;CCO
m_1a0749,CC=CC=CC=CC=O;COC=CC=CC=CC=O;C1C=CC=CC=C1C=O;C1OC=CC=CC=C1C=O;C1C=CC=CC=C(C=O)C=C1;CC=CC=CC1=C(C=O)C=C1;C1C=CC=CC2=C(C=O)C=C2C=C1;C12C=CC=CC=C(C=O)C=C1C=C2;C12C=CC=CC=C(C3=O)C=C1C=C23;C12C=CC=CC=C(C=O)C3=C1C=C23;C12C=CC=CC=C(C=O)C=C1C#C2;C1=2C=CC=CC=C(C=O)C=C1C=C=2;C1C=CC=CC=C(C=O)C=C1C#C;CC=CC=CC1=C(C=O)C=C1C#C;CC=CC=CC=C(C=O)C#C;CC=CC=CC#CC=O;C1C=CC=CC=C(C=O)C=C1C=C;COC=CC=CC#CC=O;C1C=CC=CC=C(C=O)C=C1C;CC=CC1=CC=CC=C1;COC1=CC=CC=C1;CCO;CCO;CCO;CCO
m_1a8b29,COC1=CC=CC=C1C=O;CCC(C)CCCC(=O)NCCC=CC1=CC2=CC=C1C=C2;CCC(C)CCCC(=O)NCCC1=CC=CC2=C1C=CC=C2;CCC(C)CCCC(=O)NCCC=CC1=CC=CC2=C1C=CC=C2;CCC(C)CCCC(=O)NCCCC1=CC2=CC=C1C=C2;CCC(C)CCCC(=O)NCCC1=CC2=CC=C1C=C2;CCC(C)CCCC(=O)NCCC=CC1=CC=CC=C1;CCC(C)CCCC(=O)NCCC=CC1=C2C=CC=C1C=C2;CCC(C)CCCC(=O)NCCC1=CC=CC=C1;CCC1(C)CCCC(=O)NCCC=CC2=CC3=CC=C2C=C3C=C1;CCC1(C)CCCC(=O)NCCC2=CC=CC3=C2C=CC=C3C=C1;CC1C(C)CCCC(=O)NCCC=CC2=CC3=CC=C2C=C3C=C1;CCC(C)CCCC(=O)NCCCC1=CC=CC=C1;CCC(C)CCCC(=O)NCCC=CC1=CC=CC2=C1C3=CC=C2C=C3;CCC(C)CCCC(=O)NCCC1=CC=CC2=C1C3=CC=C2C=C3;CCC(C)CC1CC(=O)NCCC=CC2=CC3=CC=C2C=C3C=C1;CCC1(C)C2CCC(=O)NCCC3=CC=CC4=C3C=CC=C4C=C1C=C2;CCC1(C)C2CCC(=O)NCCC=CC3=CC4=CC=C3C=C4C=C1C=C2;CCC(C)CCCC(=O)NCC1CC=CC=C1;CCC(C)CCCC(=O)NCCC=C1C=CC=CC=C1;CCC1(C)CCC2C(=O)NCCC3=CC=CC4=C3C=C5C=C4C=C1C=C25;CCC1(C)CCC2C(=O)NCCC=CC3=CC4=CC=C3C=C4C=C1C=C2;CCC1(C)CCC2C(=O)NCCC3=CC=CC4=C3C=CC5=C4C=C1C=C25;CCC1(C)CCCC(=O)NCCC=CC2=CC3=CC=C2C=C3C=C1C;CCC1(C)CCCC(=O)NCCC2=CC=CC3=C2C=C4C=C3C=C1C4
m_1b1573,CC=CC=CC=CC=O;CC=CC1=CC=CC=C1C=O;COC=CC=CC=CC=O;C1C=CC=CC=C1C=O;C1OC=CC=CC=C1C=O;C1C=CC=CC=C(C=O)C=C1;CC=CC=CC1=C(C=O)C=C1;CC1=CC=CC=C1C=O;COC1=CC=CC=C1C=O;CC=CC=C1C=C(C=O)C=C1;C1C=CC=CC2=C(C=O)C=C12;C12C=CC=CC=C(C=O)C=C1C=C2;C1C=CC=CC=C(C2=O)C=C12;C12C=CC=CC=C(C3=O)C=C1C=C23;C1C=CC=CC=C(C=O)C#C1;CC=CC=CC=C(C=O)C=C;C12C=CC=CC=C(C=O)C=C1C#C2;C12C=CC=CC=C(C=O)C3=C1C=C23;CC=CC=CC#CC=O;C1C=CC=CC=C(C=O)C=C1C#C;CC=CC=CC=C(C=O)C#C;COC=CC=CC#CC=O;C1C=CC=CC=C(C=O)C=C1C=C;COC=CC1=CC=CC=C1;CC=CC1=CC=CC=C1
m_1b27e6,CC=CC=CC=CC=O;COC=CC=CC=CC=O;C1C=CC=CC=C1C=O;COC1=CC=CC=C1C=O;C1OC=CC=CC=C(C=O)C=C1;C1OC=CC=CC=C1C=O;COC=CC1=CC=CC=C1C=O;O=CC=CC=CC=O;COC=CC=CC1=C(C=O)C=C1;COC=CC=CC=CC=CC=O;CC1=CC=CC=C1C=O;C1C=CC=CC=C(C=O)C=C1;CC=CC=CC1=C(C=O)C=C1;C1OC=CC=CC2=C(C=O)C=C12;C12OC=CC=CC=C(C=O)C=C1C=C2;CC=CC1=CC=CC=C1C=O;COC=CC=C1C=C(C=O)C1;COC=CC=CC=C(C1=O)C=CC=C1;C=1OC=CC=CC=C(C=O)C=C=1;C12OC=CC=CC=C(C3=O)C=C1C=C23;C1C=CC=CC2=C(C=O)C=C12;C12C=CC=CC=C(C=O)C=C1C=C2;C12OC=CC=CC=C(C=O)C3=C1C=C23;C1C=CC=CC=C(C2=O)C=C12;C12OC=CC=CC=C(C=O)C=C1C#C2
m_1beae5,CC=CC=CC=CC=O;COC=CC=CC=CC=O;CC=CC1=CC=CC=C1C=O;C1C=CC=CC=C1C=O;C1OC=CC=CC=C1C=O;C1C=CC=CC=C(C=O)C=C1;CC=CC=CC1=C(C=O)C=C1;CC1=CC=CC=C1C=O;O=CC=CC=CC=O;COC=CC=CC1=C(C=O)C=C1;C12C=CC=CC=C(C=O)C=C1C=C2;C1OC=CC=CC=C(C=O)C=C1;COC1=CC=CC=C1C=O;C12C=CC=CC=C(C3=O)C=C1C=C23;C1OC=CC=CC2=C(C=O)C=C2C=C1;C1OC=CC=CC2=C(C=O)C=C12;C12OC=CC=CC=C(C=O)C=C1C=C2;C12C=CC=CC=C(C=O)C3=C1C=C23;C12C=CC=CC=C(C=O)C=C1C#C2;C12OC=CC=CC=C(C3=O)C=C1C=C23;C12OC=CC=CC=C(C=O)C3=C1C=C23;C12OC=CC=CC=C(C=O)C=C1C#C2;C1C=CC=CC=C(C=O)C=C1C;C1C=CC=CC=C(C=O)C=C1C#C;CC=CC=CC=C(C=O)C#C
m_1d7bdd,COC=CC=CC=CC=O;CC=CC1=CC=CC=C1C=O;C1OC=CC=CC=C1C=O;C1OC=CC=CC=C(C=O)C=C1;COC=CC=CC1=C(C=O)C=C1;COC1=CC=CC=C1C=O;C1OC=CC=CC2=C(C=O)C=C12;C12OC=CC=CC=C(C=O)C=C1C=C2;C1OC=CC=CC2=C(C=O)C=C2C=C1;C12OC=CC=CC=C(C3=O)C=C1C=C23;C1OC=CC=CC2=C(C3=O)C=C2C=C13;C12OC=CC=CC=C(C=O)C3=C1C=C23;C1OC=CC=CC2=C(C=O)C3=C2C=C13;C1OC=CC=CC=C(C2=O)C=C12;C12OC=CC=CC=C(C=O)C=C1C#C2;C1OC=CC=CC=C(C=O)C#C1;C1OC=CC=CC2=C(C=O)C=C2C#C1;COC=CC=CC=C(C=O)C=C;COC=CC=CC=C(C=O)C#C;C1OC=CC=CC=C(C=O)C=C1C#C;C1OC=CC=CC=C(C=O)C=C1C=C;COC=CC=CC#CC=O;COC=CC=CC1=C(C=O)C=C1C#C;COC=CC=CC1=C(C=O)C=C1C=C;CC=CC1=CC=CC=C1
m_1de28b,COC1=CC=CC=C1C=O;O=C(O)C1=CC=CC=C1;COC1=CC=CC=C1;CCO;CCO;CCO;CCO;CCO;CCO;CCO;CCO;CCO;CCO;CCO;CCO;CCO;CCO;CCO;CCO;CCO;CCO;CCO;CCO;CCO;CCO
m_1f86e6,COC=CC=CC=CC=O;CC=CC1=CC=CC=C1C=O;COC1=CC=CC=C1C=O;C1OC=CC=CC=C(C=O)C=C1;C1OC=CC=CC=C1C=O;COC=CC=CC1=C(C=O)C=C1;C1OC=CC=CC2=C(C=O)C=C12;C12OC=CC=CC=C(C=O)C=C1C=C2;COC=CC1=CC=CC=C1C=O;C1OC=CC=CC=C(C2=O)C=C12;C12OC=CC=CC=C(C3=O)C=C1C=C23;C12OC=CC=CC=C(C=O)C3=C1C=C23;C=1OC=CC=CC=C(C=O)C=C=1;C12OC=CC=CC=C(C=O)C=C1C#C2;C1OC=CC=CC=C(C=O)C#C1;COC=CC=CC=C(C=O)C=C;COC=CC=CC=C(C=O)C#C;C1OC=CC=CC=C(C=O)C=C1C#C;C1OC=CC=CC=C(C=O)C=C1C=C;COC=CC=CC#CC=O;COC=CC1=CC=CC=C1;CC=CC1=CC=CC=C1;COC1=CC=CC=C1;CCO;CCO
m_20b8f2,CC=CC=CC=CC=O;CC=CC1=CC=CC=C1C=O;COC=CC=CC=CC=O;C1C=CC=CC=C1C=O;COC1=CC=CC=C1C=O;C1C=CC=CC=C(C=O)C=C1;CC=CC=CC1=C(C=O)C=C1;CC1=CC=CC=C1C=O;C1OC=CC=CC=C(C=O)C=C1;COC=CC=CC1=C(C=O)C=C1;COC=CC1=CC=CC=C1C=O;CC=CC=C1C=C(C=O)C=C1;C1C=CC=CC2=C(C=O)C=C12;O=C(O)C1=CC=CC=C1C=O;C12C=CC=CC=C(C=O)C=C1C=C2;C12OC=CC=CC=C(C=O)C=C1C=C2;C1C=CC=CC=C(C2=O)C=C12;COC=CC=CC=C(C1=O)C=CC=C1;C12C=CC=CC=C(C3=O)C=C1C=C23;C1C=CC=CC=C(C=O)C#C1;C12OC=CC=CC=C(C3=O)C=C1C=C23;C12OC=CC=CC=C(C=O)C=C1C2;O=C(O)COC1=CC=CC=C1C=O;C12OC=CC=CC=C(C=O)C3=C1C=C23;C1OC=CC=CC=C(C=O)C=C1C
m_20c386,CCC(C)CCCCC(=O)NCC1=CC=CC2=C1C=CC=C2;CCC(C)CCCC(=O)NCCC1=CC=CC2=C1C=CC=C2;CCC(C)CCCC(=O)NCCCC1=CC=CC2=C1C=CC=C2;CCC(C)CCCC(=O)NCCCC1=CC2=CC=C1C=C2;CCC(C)CCCCC(=O)NCC1=CC2=CC=C1C=C2;CCC(C)CCCC(=O)NCCC1=CC2=CC=C1C=C2;CCC(C)CCCCC(=O)NCC1=CC=CC=C1C2=CC=CC=C2;CCC(C)CCCCC(=O)NCC1=CC=CC=C1;CCC1(C)CCCC(=O)NCCC2=CC=CC3=C2C=CC=C3C=C1;CCC(C)CCCC(=O)NCCC1=CC=C2C=C1C=CC=C2;CCC(C)CCCCC(=O)NCC1=CC=C2C=C1C=CC=C2;CCC(C)CCCC(=O)NCCC1=CC=CC=C1;CCC1(C)CCCCC(=O)NCC2=CC=CC3=C2C=CC=C3C=C1;CC1C(C)CCCC(=O)NCCC2=CC=CC3=C2C=CC=C3C=C1;CCC(C)CCCCC(=O)NCC1=C2C=CC=C1C2C=O;CC1C(C)CCCCC(=O)NCC2=CC=CC3=C2C=CC=C3C=C1;CCC(C1)CCCC(=O)NCCCC2=CC=CC3=C2C=CC=C3C=C1;CCC(C)CCCC(=O)NCCCC1=CC=CC=C1;CCC(C)CCCC(=O)NCCCC1=CC=C2C=C1C=CC=C2;CCC(C)C1CCCC(=O)NCC2=CC=CC=C2C3=CC=CC=C3C=C1;CCC(C)CCCC(=O)NCCC1=CC=CC2=C1C3=CC=C2C=C3;CCC(C)CCCC(=O)NCCC1=CC2=CC=C1C=C2C=O;CCC(C)CCCC(=O)NCCC1=CC=CC2=C1C=CC=C2C;CCC(C)CCCCC(=O)NCC1=CC=CC=C1C2=CC3=CC=C2C=C3;CCC(C)CCCCC(=O)NCC1=CC=CC2=C1C=CC=C2C
m_214040,COC=CC=CC=CC=O;C1OC=CC=CC=C(C=O)C=C1;COC=CC=CC1=C(C=O)C=C1;COC1=CC=CC=C1C=O;O=C(O)C1=CC=CC=C1C=O;C1OC=CC=CC2=C(C=O)C=C12;C12OC=CC=CC=C(C=O)C=C1C=C2;O=C(O)C=CC1=CC=CC=C1C=O;C12OC=CC=CC=C(C3=O)C=C1C=C23;C12OC=CC=CC=C(C=O)C3=C1C=C23;C1OC=CC=CC=C(C2=O)C=C12;C12OC=CC=CC=C(C=O)C=C1C#C2;COC=CC=CC=C(C=O)C#C;C1OC=CC=CC=C(C=O)C=C1C#C;C1OC=CC=CC=C(C=O)C=C1C=C;O=C(O)COC=CC1=CC=CC=C1;CCO;CCO;CCO;CCO;CCO;CCO;CCO;CCO;CCO
m_217b19,COC=CC=CC=CC=O;CC=CC1=CC=CC=C1C=O;COC1=CC=CC=C1C=O;C1OC=CC=CC=C(C=O)C=C1;COC=CC1=CC=CC=C1C=O;COC=CC=CC1=C(C=O)C=C1;C1OC=CC=CC2=C(C=O)C=C12;C12OC=CC=CC=C(C=O)C=C1C=C2;C1OC=CC=CC=C(C2=O)C=C12;C12OC=CC=CC=C(C3=O)C=C1C=C23;C12OC=CC=CC=C(C=O)C3=C1C=C23;C1OC=CC=CC=C(C=O)C#C1;C12OC=CC=CC=C(C=O)C=C1C#C2;COC=CC=CC=C(C=O)C=C;COC=CC=CC=C(C=O)C#C;C1OC=CC=CC=C(C=O)C=C1C#C;C1OC=CC=CC=C(C=O)C=C1C=C;COC=CC1=CC=CC=C1;CC=CC1=CC=CC=C1;COC1=CC=CC=C1;CCO;CCO;CCO;CCO;CCO
m_21cd44,CC=CC=CC=CC=O;COC=CC=CC=CC=O;CC=CC1=CC=CC=C1C=O;C1C=CC=CC=C1C=O;C1OC=CC=CC=C1C=O;C1OC=CC=CC=C(C=O)C=C1;C1C=CC=CC=C(C=O)C=C1;CC=CC=CC1=C(C=O)C=C1;COC=CC=CC1=C(C=O)C=C1;CC1=CC=CC=C1C=O;COC1=CC=CC=C1C=O;C1OC=CC=CC2=C(C=O)C=C12;C12OC=CC=CC=C(C=O)C=C1C=C2;CC=CC=CC=CC=CC=O;C1OC=CC=CC2=C(C=O)C=C2C=C1;C12C=CC=CC=C(C=O)C=C1C=C2;C12OC=CC=CC=C(C3=O)C=C1C=C23;C12C=CC=CC=C(C3=O)C=C1C=C23;C1OC=CC=CC=C(C2=O)C=C12;C12OC=CC=CC=C(C=O)C3=C1C=C23;C12C=CC=CC=C(C=O)C3=C1C=C23;C12OC=CC=CC=C(C=O)C=C1C#C2;C1OC=CC=CC=C(C=O)C#C1;C12C=CC=CC=C(C=O)C=C1C#C2;COC=CC=CC=C(C=O)C=C
m_2363c0,CC=CC=CC=CC=O;CC=CC1=CC=CC=C1C=O;C1C=CC=CC=C1C=O;C1C=CC=CC=C(C=O)C=C1;CCC=CC1=CC=CC=C1C=O;CC=CC=CC1=C(C=O)C=C1;CC1=CC=CC=C1C=O;C1C=CC=CC2=C(C=O)C=C12;CCC1=CC=CC=C1C=O;C12C=CC=CC=C(C=O)C=C1C=C2;C1C=CC=CC=C(C2=O)C=C12;C1C=CC=CC=C(C=O)C#C1;C12C=CC=CC=C(C3=O)C=C1C=C23;C12C=CC=CC=C(C=O)C3=C1C=C23;CC=CC=CC=C(C=O)C=C;C12C=CC=CC=C(C=O)C=C1C#C2;CC=CC=CC=C(C=O)C#C;C1C=CC=CC=C(C=O)C=C1C#C;CC=CC=CC#CC=O;C1C=CC=CC=C(C=O)C=C1C=C;O=CC1=CC=CC=C1C=O;O=CC=CC1=CC=CC=C1C=O;CCC=CC1=CC=CC=C1;O=CC=CC1=CC=CC=C1;O=CC1=CC=CC=C1
m_23ff71,CC=CC1=CC=CC=C1C=O;COC1=CC=CC=C1C=O;COC=CC1=CC=CC=C1C=O;COC=CC1=CC=CC=C1;CC=CC1=CC=CC=C1;COC1=CC=CC=C1;CCO;CCO;CCO;CCO;CCO;CCO;CCO;CCO;CCO;CCO;CCO;CCO;CCO;CCO;CCO;CCO;CCO;CCO;CCO
m_254f59,CC=CC=CC=CC=O;COC=CC=CC=CC=O;CC=CC1=CC=CC=C1C=O;C1C=CC=CC=C1C=O;C1C=CC=CC=C(C=O)C=C1;CC=CC=CC1=C(C=O)C=C1;C1OC=CC=CC=C1C=O;CC1=CC=CC=C1C=O;COC1=CC=CC=C1C=O;C12C=CC=CC=C(C=O)C=C1C=C2;C12C=CC=CC=C(C3=O)C=C1C=C23;C12C=CC=CC=C(C=O)C3=C1C=C23;C12C=CC=CC=C(C=O)C=C1C#C2;C1C=CC=CC=C(C=O)C=C1C;C1C=CC=CC=C(C=O)C=C1C#C;CC=CC=CC=C(C=O)C#C;CC=CC=CC#CC=O;C1C=CC=CC=C(C=O)C=C1C=C;COC=CC=CC#CC=O;COC=CC1=CC=CC=C1;CC=CC1=CC=CC=C1;COC1=CC=CC=C1;CCO;CCO;CCO
m_25a38e,CC=CC=CC=CC=O;COC=CC=CC=CC=O;C1C=CC=CC=C1C=O;COC=CC1=CC=CC=C1C=O;C1OC=CC=CC=C1C=O;C1C=CC=CC=C(C=O)C=C1;COC1=CC=CC=C1C=O;CC=CC=CC1=C(C=O)C=C1;C1OC=CC=CC=C(C=O)C=C1;COC=CC=CC1=C(C=O)C=C1;C12C=CC=CC=C(C=O)C=C1C=C2;C1OC=CC=CC2=C(C=O)C=C12;C12OC=CC=CC=C(C=O)C=C1C=C2;C12C=CC=CC=C(C3=O)C=C1C=C23;C12C=CC=CC=C(C=O)C3=C1C=C23;C12OC=CC=CC=C(C3=O)C=C1C=C23;C12C=CC=CC=C(C=O)C=C1C#C2;C12OC=CC=CC=C(C=O)C3=C1C=C23;C1OC=CC=CC=C(C2=O)C=C12;C12OC=CC=CC=C(C=O)C=C1C#C2;COC=CC=CC=C(C=O)C#C;C1C=CC=CC=C(C=O)C=C1C#C;C1OC=CC=CC=C(C=O)C=C1C#C;C1C=CC=CC=C(C=O)C=C1C=C;CC=CC=CC=C(C=O)C#C
m_25cfa1,CCC=CC1=CC=CC=C1C=O;CC=CC1=CC=CC=C1C=O;COC=CC=CC=CC=O;CC=CC=CC=CC=O;COC=CC=CC=O;C1C=CC=CC=C1C=O;C1OC=CC=C(C=O)C=C1;COC1=CC=CC=C1C=O;C1OC=CC=CC=C1C=O;COC=CC1=CC=CC=C1C=O;COC=CC1=C(C=O)C=C1;C12OC=CC=C(C=O)C=C1C=C2;COC=CC=C1C=C(C=O)C1;C12OC=CC=C(C3=O)C=C1C=C23;C12OC=CC=C(C=O)C3=C1C=C23;C12OC=CC=C(C=O)C=C1C#C2;C1OC=CC=C(C=O)C=C1C#C;COC=CC=C(C=O)C#C;COC=CC=CC#CC=O;CCC=CC1=CC=CC=C1;CC=CC1=CC=CC=C1;CCC1=CC=CC=C1C=O;COC=CC1=CC=CC=C1;CCC1=CC=CC=C1;COC1=CC=CC=C1
m_26bf54,CC=CC=CC=CC=O;CC=CC1=CC=CC=C1C=O;C1C=CC=CC=C1C=O;C1C=CC=CC=C(C=O)C=C1;CC=CC=CC1=C(C=O)C=C1;CC1=CC=CC=C1C=O;C1C=CC=CC2=C(C=O)C=C12;C1C=CC=CC=C(C=O)C#C1;C1C=CC=CC=C(C2=O)C=C12;CC=CC=CC=C(C=O)C=C;CC=CC=CC#CC=O;CC=CC=CC=C(C=O)C#C;C1C=CC=CC=C(C=O)C=C1C=C;CC=CC1=CC=CC=C1;O=C(O)C1=CC=CC=C1;O;CCO;CCO;CCO;CCO;CCO;CCO;CCO;CCO;CCO
m_273696,COC1=CC=CC=C1C=O;COC=CC1=CC=CC=C1C=O;O=C(O)C1=CC=CC=C1C=O;COC=CC1=CC=CC=C1;COC1=CC=CC=C1;CCO;CCO;CCO;CCO;CCO;CCO;CCO;CCO;CCO;CCO;CCO;CCO;CCO;CCO;CCO;CCO;CCO;CCO;CCO;CCO
m_27df2d,COC=CC=CC=CC=O;CC=CC1=CC=CC=C1C=O;C1OC=CC=CC=C1C=O;C1OC=CC=CC=C(C=O)C=C1;COC=CC=CC1=C(C=O)C=C1;COC1=CC=CC=C1C=O;C1OC=CC=CC2=C(C=O)C=C12;C12OC=CC=CC=C(C=O)C=C1C=C2;C1OC=CC=CC2=C(C=O)C=C2C=C1;C12OC=CC=CC=C(C3=O)C=C1C=C23;C12OC=CC=CC=C(C=O)C3=C1C=C23;C1OC=CC=CC=C(C2=O)C=C12;C12OC=CC=CC=C(C=O)C=C1C#C2;C1OC=CC=CC=C(C=O)C#C1;COC=CC=CC=C(C=O)C=C;COC=CC=CC=C(C=O)C#C;C1OC=CC=CC=C(C=O)C=C1C#C;C1OC=CC=CC=C(C=O)C=C1C=C;COC=CC=CC#CC=O;COC=CC=CC1=C(C=O)C=C1C#C;COC=CC=CC1=C(C=O)C=C1C=C;CC=CC1=CC=CC=C1;COC1=CC=CC=C1;CCO;CCO
m_293ec0,CC=CC=CC=CC=O;COC=CC=CC=CC=O;CC=CC=CC=CC=CC=O;CC=CC1=CC=CC=C1C=O;C1C=CC=CC=C1C=O;COC1=CC=CC=C1C=O;C1C=CC=CC=C(C=O)C=C1;C1C=CC=CC=CC=C1C=O;CC=CC=CC1=C(C=O)C=C1;C1OC=CC=CC=C1C=O;CC1=CC=CC=C1C=O;C12C=CC=CC=C(C=O)C=C1C=C2;C12C=CC=CC=C(C3=O)C=C1C=C23;C12C=CC=CC=C(C=O)C3=C1C=C23;C12C=CC=CC=C(C=O)C=C1C#C2;C1C=CC=CC=C(C=O)C=C1C#C;CC=CC=CC=CC#CC=O;CC=CC=CC#CC=O;CC=CC=CC=C(C=O)C#C;C1C=CC=CC=C(C=O)C=C1C=C;COC=CC=CC#CC=O;C1C=CC=CC=C(C=O)C=C1C;COC=CC1=CC=CC=C1;CC=CC1=CC=CC=C1;COC1=CC=CC=C1
m_2a0e17,COC=CC1=CC=CC=C1C=O;COC1=CC=CC=C1C=O;COC=CC1=CC=CC=C1;COC1=CC=CC=C1;O;CCO;CCO;CCO;CCO;CCO;CCO;CCO;CCO;CCO;CCO;CCO;CCO;CCO;CCO;CCO;CCO;CCO;CCO;CCO;CCO
m_2aa8ea,COC=CC=CC=CC=O;CC=CC1=CC=CC=C1C=O;CC=CC=CC=CC=O;COC=CC=CC=O;C1OC=CC=CC=C(C=O)C=C1;C1OC=CC=CC=C(C=O)C1;COC=CC=CC1=C(C=O)C=C1;C1C=CC=CC=C1C=O;COC1=CC=CC=C1C=O;COC=CC=C1C=C(C=O)C1;C1C=CC=CC=C(C=O)C=C1;C1OC=CC=CC2=C(C=O)C=C12;C12OC=CC=CC=C(C=O)C=C1C=C2;C12OC=CC=CC=C(C=O)C1C=C2;CC=CC=CC1=C(C=O)C=C1;CC=CC=CC=CC=CC=O;CC1=CC=CC=C1C=O;C1OC=CC=CC=C(C2=O)C=C12;C12OC=CC=CC=C(C3=O)C=C1C=C23;COC=CC=CC=C(C1=O)C=CC=C1;O=C(O)C1=CC=CC=C1C=O;C12OC=CC=CC=C(C=O)C=C1C2;C12C=CC=CC=C(C=O)C=C1C=C2;C12OC=CC=CC=C(C=O)C3=C1C=C23;C1OC=CC=CC=C(C=O)C=C1C
m_2ac2ed,CC=CC=CC=CC=O;COC=CC=CC=CC=O;C1C=CC=CC=C1C=O;CC=CC1=CC=CC=C1C=O;C1C=CC=CC=C(C=O)C=C1;CC=CC=CC1=C(C=O)C=C1;CC1=CC=CC=C1C=O;C1OC=CC=CC=C(C=O)C=C1;COC=CC=CC1=C(C=O)C=C1;COC=CC=CC=CC=CC=O;COC1=CC=CC=C1C=O;C12C=CC=CC=C(C=O)C=C1C=C2;C12OC=CC=CC=C(C=O)C=C1C=C2;C12C=CC=CC=C(C3=O)C=C1C=C23;COC=CC=CC=C(C1=O)C=CC=C1;C12OC=CC=CC=C(C3=O)C=C1C=C23;C12OC=CC=CC=C(C=O)C=C1C2;C12C=CC=CC=C(C=O)C3=C1C=C23;C1OC=CC=CC=C(C=O)C=C1C;C12OC=CC=CC=C(C=O)C3=C1C=C23;C12C=CC=CC=C(C=O)C=C1C#C2;C12OC=CC=CC=C(C=O)C=C1C#C2;C1C=CC=CC=C(C=O)C=C1C#C;C1OC=CC=CC=C(C=O)C=C1C#C;COC=CC=CC=C(C=O)C#C
m_2b524a,COC1=CC=CC=C1C=O;O=CC=CC=CC=O;O=C(O)C1=CC=CC=C1C=O;CCC(C)CCCC(=O)NCCC1=CC=CC2=C1C=CC=C2;CCC(C)CCCC(=O)NCCCC1=CC=CC2=C1C=CC=C2;CCC(C)CCCC(=O)NCCCC1=CC2=CC=C1C=C2;CCC(C)CCCC(=O)NCCC1=CC2=CC=C1C=C2;CCC(C)CCCCC(=O)NCCCC1=CC2=CC=C1C=C2;CCC1(C)CCCC(=O)NCCC2=CC=CC3=C2C=CC=C3C=C1;O=CC=CC=C(C=O)C=C;CCC(C)CCCC(=O)NCCC1=CC=C2C=C1C=CC=C2;O=CC=CC1=C(C=O)C=C1;CCC(C)CCCC(=O)NCCC1=CC=CC=C1;CC1C(C)CCCC(=O)NCCC2=CC=CC3=C2C=CC=C3C=C1;CCC(C1)CCCC(=O)NCCCC2=CC=CC3=C2C=CC=C3C=C1;CCC(C)CCCC(=O)NCCCC1=CC=CC=C1;CCC(C)CCCCC(=O)NCC1CC=CC2=C1C=CC=C2;CCC(C)CCCC(=O)NCCCC1=CC=C2C=C1C=CC=C2;CCC(C)CCCCC(=O)NCCCC1=CC=CC2=C1C=CC=C2;CCC(C)CCCC(=O)NCCC1=CC=CC2=C1C3=CC=C2C=C3;CCC(C)CCCC(=O)NCCC1=CC2=CC=C1C=C2C=O;CCC(C)CCCCC(=O)NCCCC1=CC=CC=C1;CCC(C)CCCC(=O)NCCC1=CC=CC2=C1C=CC=C2C;CCC1(C)CCCC(=O)NCCCC2=CC=CC3=C2C=CC=C3C=C1;CCC(C)CCCC(=O)NCCCC1=CC=CC2=C1C3=CC=C2C=C3
m_2b7513,COC=CC=CC=CC=O;COC=CC1=CC=CC=C1C=O;C1OC=CC=CC=C1C=O;COC1=CC=CC=C1C=O;C1OC=CC=CC=C(C=O)C=C1;COC=CC=CC=CC=CC=O;COC=CC=CC1=C(C=O)C=C1;COC=CC=C1C=C(C=O)C1;C1OC=CC=CC2=C(C=O)C=C12;C12OC=CC=CC=C(C=O)C=C1C=C2;C1OC=CC=CC2=C(C=O)C=C2C=C1;C12OC=CC=CC=C(C3=O)C=C1C=C23;C1OC=CC=CC=C(C2=O)C=C12;C12OC=CC=CC=C(C=O)C3=C1C=C23;O=C(O)COC1=CC=CC=C1C=O;C1OC=CC=CC=C(C=O)C#C1;C12OC=CC=CC=C(C=O)C=C1C#C2;COC=CC=CC=C(C=O)C=C;C1OC=CC=CC=C(C=O)C=C1C#C;COC=CC=CC=C(C=O)C#C;COC=CC=CC#CC=O;C1OC=CC=CC=C(C=O)C=C1C=C;COC=CC=CC1=C(C=O)C=C1C#C;COC=CC=C1C=C(C=O)C1C#C;COC=CC=C1C=C(C=O)C1C=C
m_2c1f87,COC=CC1=CC=CC=C1C=O;COC1=CC=CC=C1C=O;COC=CC1=CC=CC=C1;COC1=CC=CC=C1;CCO;CCO;CCO;CCO;CCO;CCO;CCO;CCO;CCO;CCO;CCO;CCO;CCO;CCO;CCO;CCO;CCO;CCO;CCO;CCO;CCO
m_2c2340,CCC(C)CCCC(=O)NCC=CC1=CC2=CC=C1C=C2;CCC(C)CCCC(=O)NCC=CC1=CC=CC2=C1C=CC=C2;CCC(C)CCCC(=O)NCCC=CC1=CC2=CC=C1C=C2;CCC(C)CCCC(=O)NCCC1=CC=CC2=C1C=CC=C2;CCC(C)CCCC(=O)NCC1=CC=CC2=C1C=CC=C2;CC1C(C)CCCC(=O)NCC=CC2=CC3=CC=C2C=C3C=C1;CCC(C)CCCC(=O)NCC=CC1=CC=CC=C1;CCC(C)CCCCC(=O)NCCCC1=CC2=CC=C1C=C2;CC1C(C)CCCC(=O)NCC=CC2=CC=CC3=C2C=CC=C31;CCC(C1)CCCC(=O)NCC=CC2=CC=CC3=C2C=CC=C3C=C1;CCC1(C)CCCCC(=O)NCCCC=CC2=CC=CC=C2C=C1;CCC(C)CCCC(=O)NCCCC1=CC=CC2=C1C=CC=C2;CCC(C)CCCC(=O)NCCCC1=CC2=CC=C1C=C2;C1CC(C)CCCC(=O)NCC=CC2=CC3=CC=C2C=C3C=C1;CCC(C)CCCC(=O)NCCC=CC1=CC=CC=C1;CCC(C)CCCC(=O)NCC=CC1=CC=C2C=C1C=CC=C2;CCC(C)CCCCC(=O)NCCCC=CC1=CC2=CC=C1C=C2;CCC(C)CCCCC(=O)NCCCC1=CC=CC2=C1C=CC=C2;CCC(C)CCCC(=O)NCCC1=CC2=CC=C1C=C2;CCC(C)CCCC(=O)NCC=CC1=CC=CC2=C1C3=CC=C2C=C3;CCC(C)CCCCC(=O)NCCCC=CC1=CC=CC=C1;CCC1(C)C2CCCC(=O)NCCCC=CC3=CC=CC=C3C=C1C=C2;CCC(C)CCCC(=O)NCCC1=CC=CC=C1;CCC(C)CCCCC(=O)NCC1CC=CC2=C1C=CC=C2;CCC1(C)CCCC(=O)NCC=CC2=CC=CC3=C2C=CC=C3C=C1
m_2d1eba,COC=CC1=CC=CC=C1C=O;COC1=CC=CC=C1C=O;O=C(O)C1=CC=CC=C1C=O;O=C(O)C=CC1=CC=CC=C1C=O;O=C(O)COC1=CC=CC=C1C=O;COC=CC1=CC=CC=C1;COC1=CC=CC=C1;CCO;CCO;CCO;CCO;CCO;CCO;CCO;CCO;CCO;CCO;CCO;CCO;CCO;CCO;CCO;CCO;CCO;CCO
m_2e265c,CCC=CC1=CC=CC=C1C=O;CC=CC1=CC=CC=C1C=O;COC=CC=CC=CC=O;COC1=CC=CC=C1C=O;C1OC=CC=CC=C(C=O)C=C1;COC=CC=CC1=C(C=O)C=C1;C12OC=CC=CC=C(C=O)C=C1C=C2;CCC(C)CCCC(=O)NCCC1=CC=CC2=C1C=CC=C2;COC=CC=CC=C(C1=O)C=CC=C1;C12OC=CC=CC=C(C3=O)C=C1C=C23;CCC(C)CCCC(=O)NCCCC1=CC=CC2=C1C=CC=C2;C12OC=CC=CC=C(C=O)C=C1C2;CCC(C)CCCC(=O)NCCCC1=CC2=CC=C1C=C2;CCC(C)CCCC(=O)NCCC1=CC2=CC=C1C=C2;C1OC=CC=CC=C(C=O)C=C1C;C12OC=CC=CC=C(C=O)C3=C1C=C23;CCC1(C)CCCC(=O)NCCC2=CC=CC3=C2C=CC=C3C=C1;CCC(C)CCCC(=O)NCCC1=CC=CC=C1;CCC(C)CCCC(=O)NCCC1=CC=C2C=C1C=CC=C2;CC1C(C)CCCC(=O)NCCC2=CC=CC3=C2C=CC=C3C=C1;C12OC=CC=CC=C(C=O)C=C1C#C2;CCC(C)CCCC(=O)NCCCC1=CC=CC=C1;CCC(C1)CCCC(=O)NCCCC2=CC=CC3=C2C=CC=C3C=C1;CCC(C)CCCC(=O)NCCCC1=CC=C2C=C1C=CC=C2;CCC(C)CCCC(=O)NCCC1=CC2=CC=C1C=C2C=O
m_2efd6f,CC=CC1=CC=CC=C1C=O;COC1=CC=CC=C1C=O;COC=CC1=CC=CC=C1C=O;O=C(O)C=CC1=CC=CC=C1C=O;O=C(O)C1=CC=CC=C1;CC=CC1=CC=CC=C1;COC=CC1=CC=CC=C1;COC1=CC=CC=C1;O;CCO;CCO;CCO;CCO;CCO;CCO;CCO;CCO;CCO;CCO;CCO;CCO;CCO;CCO;CCO;CCO
m_2f1128,CC=CC=CC=CC=O;COC=CC=CC=CC=O;CC=CC1=CC=CC=C1C=O;C1C=CC=CC=C1C=O;C1C=CC=CC=C(C=O)C=C1;CC=CC=CC1=C(C=O)C=C1;CC1=CC=CC=C1C=O;C1OC=CC=CC=C(C=O)C=C1;COC=CC=CC1=C(C=O)C=C1;COC1=CC=CC=C1C=O;C12C=CC=CC=C(C=O)C=C1C=C2;C12OC=CC=CC=C(C=O)C=C1C=C2;C12C=CC=CC=C(C3=O)C=C1C=C23;COC=CC=CC=C(C1=O)C=CC=C1;C12OC=CC=CC=C(C3=O)C=C1C=C23;C12C=CC=CC=C(C=O)C3=C1C=C23;C12OC=CC=CC=C(C=O)C=C1C2;C12C=CC=CC=C(C=O)C=C1C#C2;C1OC=CC=CC=C(C=O)C=C1C;C12OC=CC=CC=C(C=O)C3=C1C=C23;C12OC=CC=CC=C(C=O)C=C1C#C2;C1C=CC=CC=C(C=O)C=C1C#C;CC=CC=CC=C(C=O)C#C;COC=CC=CC=C(C=O)C#C;CC=CC=CC#CC=O
m_2f9ab1,COC1=CC=CC=C1C=O;COC=CC1=CC=CC=C1C=O;O=C(O)C1=CC=CC=C1C=O;CCC(C)CCCC(=O)NCC=CC1=CC2=CC=C1C=C2;CCC(C)CCCC(=O)NCC=CC1=CC=CC2=C1C=CC=C2;CCC(C)CCCC(=O)NCC=CC=CC1=CC2=CC=C1C=C2;CCC(C)CCCC(=O)NCC1=CC=CC2=C1C=CC=C2;CCC(C)CCCC(=O)NCC=CC1=CC=CC=C1;O=C(O)COC1=CC=CC=C1C=O;CC1C(C)CCCC(=O)NCC=CC2=CC=CC3=C2C=CC=C31;CCC(C1)CCCC(=O)NCC=CC2=CC=CC3=C2C=CC=C3C=C1;CCC(C)CCCC(=O)NCC=CC=CC1=CC=CC=C1;CCC(C1)CCCC(=O)NCC=CC=CC2=CC3=CC=C2C=C3C=C1;CCC(C)CCCC(=O)NCC=CC1=CC=C2C=C1C=CC=C2;O=C(O)C=CC1=CC=CC=C1C=O;CCC(C)CCCC(=O)NCC1=CC2=CC=C1C=C2C=O;CCC(C)CCCC(=O)NCC=CC1=CC=CC2=C1C3=CC=C2C=C3;CCC(C)CCCC(=O)NCC1=CC=CC=C1;CCC1(C)CCCC(=O)NCC=CC2=CC=CC3=C2C=CC=C3C=C1;CCC(C)CCCC(=O)NCC1=CC2=CC=C1C=C2;CCC(C)CCCC(=O)NCC=CC1=CC2=CC=C1C=C2C=O;CCC(C)CCCC(=O)NCC=CC=CC1=CC2=CC3=C1C=C2C=C3;CCC(C)CCC1C(=O)NCC=CC2=CC=CC3=C2C=CC=C3C=C1;CCC(C1)CC2CC(=O)NCC=CC3=CC=CC4=C3C=CC=C4C=C1C=C2;CCC(C)CCC1C(=O)NCC=CC=CC2=CC3=CC=C2C=C3C=C1
m_30024e,CC=CC1=CC=CC=C1C=O;COC1=CC=CC=C1C=O;COC=CC1=CC=CC=C1C=O;COC=CC1=CC=CC=C1;CC=CC1=CC=CC=C1;O=C(O)C1=CC=CC=C1;COC1=CC=CC=C1;CCO;CCO;CCO;CCO;CCO;CCO;CCO;CCO;CCO;CCO;CCO;CCO;CCO;CCO;CCO;CCO;CCO;CCO
m_31ebaa,COC=CC=CC=CC=O;COC1=CC=CC=C1C=O;COC=CC1=CC=CC=C1C=O;C1OC=CC=CC=C1C=O;C1OC=CC=CC=C(C=O)C=C1;COC=CC=CC1=C(C=O)C=C1;C1OC=CC=CC2=C(C=O)C=C12;C12OC=CC=CC=C(C=O)C=C1C=C2;C12OC=CC=CC=C(C3=O)C=C1C=C23;C1OC=CC=CC=C(C2=O)C=C12;C12OC=CC=CC=C(C=O)C3=C1C=C23;C12OC=CC=CC=C(C=O)C=C1C#C2;C1OC=CC=CC=C(C=O)C#C1;COC=CC=CC=C(C=O)C=C;COC=CC=CC=C(C=O)C#C;C1OC=CC=CC=C(C=O)C=C1C#C;C1OC=CC=CC=C(C=O)C=C1C=C;COC=CC=CC#CC=O;COC=CC1=CC=CC=C1;COC1=CC=CC=C1;CCO;CCO;CCO;CCO;CCO
m_328338,CC=CC=CC=CC=O;CC=CC1=CC=CC=C1C=O;C1C=CC=CC=C1C=O;COC1=CC=CC=C1C=O;C1C=CC=CC=C(C=O)C=C1;CC=CC=CC1=C(C=O)C=C1;COC=CC1=CC=CC=C1C=O;CC1=CC=CC=C1C=O;CC=CC=C1C=C(C=O)C=C1;C1C=CC=CC2=C(C=O)C=C12;C12C=CC=CC=C(C=O)C=C1C=C2;C1C=CC=CC=C(C2=O)C=C12;C12C=CC=CC=C(C3=O)C=C1C=C23;C1C=CC=CC=C(C=O)C#C1;C12C=CC=CC=C(C=O)C3=C1C=C23;C12C=CC=CC=C(C=O)C=C1C#C2;CC=CC=CC=C(C=O)C=C;C1C=CC=CC=C(C=O)C=C1C;C1C=CC=CC=C(C=O)C=C1C#C;CC=CC=CC#CC=O;CC=CC=CC=C(C=O)C#C;C1C=CC=CC=C(C=O)C=C1C=C;COC=CC1=CC=CC=C1;CC=CC1=CC=CC=C1;COC1=CC=CC=C1
m_347e26,CC=CC=CC=CC=O;CC=CC1=CC=CC=C1C=O;C1C=CC=CC=C1C=O;C1C=CC=CC=C(C=O)C=C1;COC1=CC=CC=C1C=O;CC=CC=CC1=C(C=O)C=C1;CC1=CC=CC=C1C=O;COC=CC1=CC=CC=C1C=O;CC=CC=CC=C(C=O)C=C;C1C=CC=CC=C(C=O)C=C1C;CC=CC=CC#CC=O;CC=CC=CC=C(C=O)C#C;C1C=CC=CC=C(C=O)C=C1C=C;CC=CC1=CC=CC=C1;O=C(O)C1=CC=CC=C1;O=C(O)C1=CC=CC=C1C=O;COC=CC1=CC=CC=C1;COC1=CC=CC=C1;O;CCO;CCO;CCO;CCO;CCO;CCO
m_34c00a,COC=CC1=CC=CC=C1C=O;COC1=CC=CC=C1C=O;O=C(O)C1=CC=CC=C1C=O;O=C(O)CC1=CC=CC=C1C=O;O=C(O)COC1=CC=CC=C1C=O;O=C(O)C1=CC=CC=C1;O=C(O)C1OC=CC=C1C=O;COC=CC1=CC=CC=C1;O=C(O)C1OC=CC=C1;O=C(O)C=CC=C;O=C(O)C=CC=CC=O;COC1=CC=CC=C1;O=C(O)CCO;O;CCO;CCO;CCO;CCO;CCO;CCO;CCO;CCO;CCO;CCO;CCO
m_34c315,CC=CC=CC=CC=O;CC=CC1=CC=CC=C1C=O;C1C=CC=CC=C1C=O;COC=CC=CC=CC=O;C1C=CC=CC=C(C=O)C=C1;CC=CC=CC1=C(C=O)C=C1;CC1=CC=CC=C1C=O;C1OC=CC=CC=C(C=O)C=C1;COC=CC=CC1=C(C=O)C=C1;COC=CC=CC=O;C12C=CC=CC=C(C=O)C=C1C=C2;COC1=CC=CC=C1C=O;C12OC=CC=CC=C(C=O)C=C1C=C2;C1OC=CC=CC2=C(C=O)C=C12;C12C=CC=CC=C(C3=O)C=C1C=C23;C12OC=CC=CC=C(C3=O)C=C1C=C23;C12C=CC=CC=C(C=O)C3=C1C=C23;C12C=CC=CC=C(C=O)C=C1C#C2;C12OC=CC=CC=C(C=O)C3=C1C=C23;C12OC=CC=CC=C(C=O)C=C1C#C2;C1OC=CC=CC=C(C2=O)C=C12;C1C=CC=CC=C(C=O)C=C1C#C;COC=CC=CC=C(C=O)C#C;C1OC=CC=CC=C(C=O)C=C1C#C;CC=CC=CC=C(C=O)C#C
m_36d3ce,CC=CC=CC=CC=O;CC=CC1=CC=CC=C1C=O;C1C=CC=CC=C1C=O;COC1=CC=CC=C1C=O;C1C=CC=CC=C(C=O)C=C1;CC=CC=CC1=C(C=O)C=C1;CC1=CC=CC=C1C=O;C1C=CC=CC2=C(C=O)C=C12;C12C=CC=CC=C(C=O)C=C1C=C2;COC=CC1=CC=CC=C1C=O;C1C=CC=CC=C(C2=O)C=C12;C1C=CC=CC=C(C=O)C#C1;CC=CC=CC=C(C=O)C=C;CC=CC=CC#CC=O;C1C=CC=CC=C(C=O)C=C1C#C;CC=CC=CC=C(C=O)C#C;C1C=CC=CC=C(C=O)C=C1C=C;CC=CC1=CC=CC=C1;COC=CC1=CC=CC=C1;COC1=CC=CC=C1;CC1=CC=CC=C1;CCO;CCO;CCO;CCO
m_370436,CC=CC=CC=CC=O;CC=CC=CC=O;COC=CC=CC=CC=O;C1C=CC=CC=C1C=O;C1C=CC=CC=C(C=O)C=C1;C1OC=CC=CC=C1C=O;CC=CC=CC1=C(C=O)C=C1;CC1=CC=CC=C1C=O;C12C=CC=CC=C(C=O)C=C1C=C2;C1C=CC=CC2=C(C=O)C=C2C=C1;COC=CC1=CC=CC=C1C=O;C12C=CC=CC=C(C3=O)C=C1C=C23;C12C=CC=CC=C(C=O)C3=C1C=C23;C12C=CC=CC=C(C=O)C=C1C#C2;C1C=CC=CC=C(C=O)C=C1C#C;CC=CC=CC=C(C=O)C#C;CC=CC=CC1=C(C=O)C=C1C#C;CC=CC=CC#CC=O;CC=CC=CC1=C(C=O)C=C1C=C;C1C=CC=CC=C(C=O)C=C1C=C;COC=CC=CC#CC=O;COC=CC1=CC=CC=C1;CC=CC1=CC=CC=C1;CCO;CCO
m_3883ef,CCC(C)CCCC(=O)NCCC1=CC=CC2=C1C=CC=C2;CCC(C)CCCCC(=O)NCC1=CC=CC2=C1C=CC=C2;CCC(C)CCCCC(=O)NCCC1=CC2=CC=C1C=C2;CCC(C)CCCC(=O)NCCCC1=CC=CC2=C1C=CC=C2;CCC(C)CCCCC(=O)NCCC1=CC=CC2=C1C=CC=C2;CCC(C)CCCC(=O)NCCCC1=CC2=CC=C1C=C2;CCC(C)CCCC(=O)NCCC1=CC2=CC=C1C=C2;CCC(C)CCCCC(=O)NCC1=CC2=CC=C1C=C2;CCC(C)CCCCC(=O)NCC1=CC=CC=C1;CCC(C)CCCC(=O)NCCC1=CC=CC=C1;CCC(C)CCCC(=O)NCCC1=CC=C2C=C1C=CC=C2;CCC1(C)CCCC(=O)NCCC2=CC=CC3=C2C=CC=C3C=C1;CCC(C)CCCCC(=O)NCC1=CC=C2C=C1C=CC=C2;CCC(C)CCCCC(=O)NCCC1=CC=CC=C1;CC1C(C)CCCC(=O)NCCC2=CC=CC3=C2C=CC=C3C=C1;CCC1(C)CCCCC(=O)NCC2=CC=CC3=C2C=CC=C3C=C1;CCC(C)CCCC(=O)NCCCC1=CC=CC=C1;CC1C(C)CCCCC(=O)NCCC2=CC=CC3=C2C=CC=C31;CCC(C1)CCCC(=O)NCCCC2=CC=CC3=C2C=CC=C3C=C1;CC1C(C)CCCCC(=O)NCC2=CC=CC3=C2C=CC=C3C=C1;CCC(C)CCCC(=O)NCCCC1=CC=C2C=C1C=CC=C2;CCC(C)CCCC(=O)NCCC1=CC2=CC=C1C=C2C=O;CCC(C)CCCCC(=O)NCCC1=CC=C2C=C1C=CC=C2;CCC(C1)CCCCC(=O)NCCC2=CC=CC3=C2C=CC=C3C=C1;CCC(C)CCCC(=O)NCCC1=CC=CC2=C1C=CC=C2C
m_38941f,COC=CC=CC=CC=O;COC=CC=CC=O;C1OC=CC=CC=C1C=O;C1OC=CC=CC=C(C=O)C=C1;COC=CC=CC1=C(C=O)C=C1;COC=CC=CC=CC=CC=O;COC1=CC=CC=C1C=O;COC=CC1=C(C=O)C=C1;C12OC=CC=CC=C(C=O)C=C1C=C2;C1OC=CC=CC2=C(C=O)C=C12;COC=CC=CC=C(C1=O)C=CC=C1;C1OC=CC=CC2=C(C=O)C=C2C=C1;C12OC=CC=CC=C(C3=O)C=C1C=C23;C12OC=CC=CC=C(C=O)C=C1C2;C1OC=CC=CC=C(C2=O)C=C12;C1OC=CC=CC=C(C2=O)C=CC=C2C=C1;C12OC=CC=CC=C(C=O)C3=C1C=C23;C1OC=CC=CC=C(C=O)C=C1C;C1OC=CC=CC=C(C2=O)C=C1C=C2;C12OC=CC=CC=C(C=O)C=C1C#C2;C1OC=CC=CC=C(C=O)C#C1;COC=CC=CC=C(C=O)C=C;C1OC=CC=CC=C(C=O)C=C1C#C;COC=CC=CC=C(C=O)C#C;C1OC=CC=CC=C(C=O)C=C1C=C
m_3a5731,CC=CC=CC=CC=O;COC=CC=CC=CC=O;CC=CC=CC=CC=CC=O;C1C=CC=CC=C1C=O;C1OC=CC=CC=C1C=O;C1C=CC=CC=CC=C(C=O)C=C1;C1C=CC=CC=C(C=O)C=C1;CC=CC=CC1=C(C=O)C=C1;CC=CC1=CC=CC=C1C=O;C1C=CC=CC=CC2=C(C=O)C=C12;CC=CC=CC=CC1=C(C=O)C=C1;C12C=CC=CC=CC=C(C=O)C=C1C=C2;C1C=CC=CC2=C(C=O)C=C2C=C1;C12C=CC=CC=C(C=O)C=C1C=C2;C12C=CC=CC=CC=C(C3=O)C=C1C=C23;C12C=CC=CC=C(C3=O)C=C1C=C23;C12C=CC=CC=CC=C(C=O)C3=C1C=C23;C12C=CC=CC=C(C=O)C3=C1C=C23;C12C=CC=CC=C(C=O)C=C1C#C2;CC=CC=CC=CC=C(C=O)C#C;C1C=CC=CC=CC=C(C=O)C=C1C#C;C1C=CC=CC=C(C=O)C=C1C#C;C1C=CC=CC=CC=C(C=O)C=C1C=C;CC=CC=CC=C(C=O)C#C;CC=CC=CC1=C(C=O)C=C1C#C
m_3aa487,COC=CC=CC=CC=O;C1OC=CC=CC=C1C=O;COC1=CC=CC=C1C=O;C1OC=CC=CC=C(C=O)C=C1;COC=CC=CC1=C(C=O)C=C1;O=C(O)C1=CC=CC=C1C=O;C1OC=CC=CC2=C(C=O)C=C12;C12OC=CC=CC=C(C=O)C=C1C=C2;C1OC=CC=CC=C(C2=O)C=C12;C12OC=CC=CC=C(C3=O)C=C1C=C23;C12OC=CC=CC=C(C=O)C3=C1C=C23;C1OC=CC=CC=C(C=O)C#C1;C12OC=CC=CC=C(C=O)C=C1C#C2;COC=CC=CC=C(C=O)C=C;COC=CC=CC=C(C=O)C#C;C1OC=CC=CC=C(C=O)C=C1C#C;COC=CC=CC#CC=O;C1OC=CC=CC=C(C=O)C=C1C=C;COC1=CC=CC=C1;CCO;CCO;CCO;CCO;CCO;CCO
m_3ae355,CC=CC=CC=CC=O;COC=CC=CC=CC=O;CC=CC1=CC=CC=C1C=O;C1C=CC=CC=C1C=O;C1OC=CC=CC=C1C=O;C1C=CC=CC=C(C=O)C=C1;CC=CC=CC1=C(C=O)C=C1;C1OC=CC=CC=C(C=O)C=C1;COC=CC=CC1=C(C=O)C=C1;CC1=CC=CC=C1C=O;COC1=CC=CC=C1C=O;C1OC=CC=CC2=C(C=O)C=C12;C12OC=CC=CC=C(C=O)C=C1C=C2;C12C=CC=CC=C(C=O)C=C1C=C2;C1OC=CC=CC2=C(C=O)C=C2C=C1;C12C=CC=CC=C(C3=O)C=C1C=C23;C12OC=CC=CC=C(C3=O)C=C1C=C23;C1OC=CC=CC2=C(C3=O)C=C2C=C13;C12C=CC=CC=C(C=O)C3=C1C=C23;C12OC=CC=CC=C(C=O)C3=C1C=C23;C1OC=CC=CC2=C(C=O)C3=C2C=C13;C12C=CC=CC=C(C=O)C=C1C#C2;C1OC=CC=CC=C(C=O)C#C1;C12OC=CC=CC=C(C=O)C=C1C#C2;C1OC=CC=CC=C(C2=O)C=C12
m_3aecdc,CCC(C)CCCCC(=O)NCC1=CC=CC2=C1C=CC=C2;CCC1(C)CCCCC(=O)NCCCC=CC2=CC=CC=C2C=C1;CCC(C)CCCCC(=O)NCCCC1=CC2=CC=C1C=C2;CCC(C)CCCCC(=O)NCC1=CC2=CC=C1C=C2;CCC1(C)C2CCCC(=O)NCCCC=CC3=CC=CC=C3C=C1C=C2;CCC(C)CCCCC(=O)NCCCC=CC1=CC2=CC=C1C=C2;CCC(C)CCCCC(=O)NCCCC1=CC=CC2=C1C=CC=C2;CCC(C)CCCCC(=O)NCCCC=CC1=CC=CC=C1;CCC(C)CCCCC(=O)NCC1=CC=CC=C1;CCC(C)CCCCC(=O)NCC1=CC=CC=C1C2=CC=CC=C2;CCC(C)C1CCCC(=O)NCCCC=CC2=CC3=CC=C2C=C3C=C1;CCC(C)CCCCC(=O)NCC1=CC=C2C=C1C=CC=C2;CCC(C)C1CCCC(=O)NCCCC2=CC=CC3=C2C=CC=C3C=C1;CC1C(C)CCCCC(=O)NCCCC=CC2=CC=CC=C2C=C1;CCC(C)CCCCC(=O)NCC1=C2C=CC=C1C2C=O;CCC1(C)CCCCC(=O)NCC2=CC=CC3=C2C=CC=C3C=C1;CCC1(C)CCC2CC(=O)NCCCC=CC3=CC=CC4=C3C=C1C=C24;CCC(C)CCCCC(=O)NCCCC=C1C=CC2=CC=C1C=C2;CC1C(C)CCCCC(=O)NCC2=CC=CC3=C2C=CC=C3C=C1;CCC(C)CCCCC(=O)NCCCC1=CC=CC=C1;CCC(C)CCCCC(=O)NCCCC=CC1=C2C=CC=C1C=C2;CCC1(C)CCCCC(=O)NCCCC=CC2=CC=C3C=C2C=C1C3;CCC(C)CCCCC(=O)NCC1=CC=CC2=C1C=CC=C2C;CCC(C)C1CCCC(=O)NCC2=CC=CC=C2C3=CC=CC=C3C=C1;CCC(C)CCCCC(=O)NCC1=C2C=CC=C1C=C2
m_3ba5ce,CC=CC1=CC=CC=C1C=O;COC1=CC=CC=C1C=O;COC=CC1=CC=CC=C1C=O;O=CC=CC=CC=O;CC=CC1=CC=CC=C1;O=C(O)C1=CC=CC=C1;O=CC1=CC=CC=C1;O=CC1=CC=CC=C1C=O;COC=CC1=CC=CC=C1;CC1=CC=CC=C1C=O;COC1=CC=CC=C1;CC1=CC=CC=C1;CO;O;CCO;CCO;CCO;CCO;CCO;CCO;CCO;CCO;CCO;CCO;CCO
m_3ce578,CC=CC=CC=CC=O;CC=CC1=CC=CC=C1C=O;C1C=CC=CC=C1C=O;COC=CC=CC=CC=O;COC=CC=CC=O;C1C=CC=CC=C(C=O)C=C1;O=CC=CC=CC=O;CC=CC=CC1=C(C=O)C=C1;CC1=CC=CC=C1C=O;C1OC=CC=C(C=O)C=C1;COC=CC1=CC=CC=C1C=O;C1OC=CC=CC=C1C=O;COC1=CC=CC=C1C=O;C12C=CC=CC=C(C=O)C=C1C=C2;C1C=CC=CC2=C(C=O)C=C2C=C1;C1OC=CC=CC=C(C=O)C=C1;C12OC=CC=C(C=O)C=C1C=C2;COC=CC1=C(C=O)C=C1;COC=CC=CC1=C(C=O)C=C1;CC=CC=C1C=C(C=O)C=C1;C12C=CC=CC=C(C3=O)C=C1C=C23;C1OC=CC=CC2=C(C=O)C=C12;COC=CC=C1C=C(C=O)C1;C12OC=CC=CC=C(C=O)C=C1C=C2;C1C=CC=CC2=C(C3=O)C=C2C=C13
m_3d62dd,CC=CC=CC=CC=O;COC=CC=CC=CC=O;CC=CC1=CC=CC=C1C=O;C1C=CC=CC=C1C=O;C1C=CC=CC=C(C=O)C=C1;CC=CC=CC1=C(C=O)C=C1;CC1=CC=CC=C1C=O;C1OC=CC=CC=C1C=O;COC1=CC=CC=C1C=O;COC=CC1=CC=CC=C1C=O;C12C=CC=CC=C(C=O)C=C1C=C2;C1OC=CC=CC=C(C=O)C=C1;COC=CC=CC1=C(C=O)C=C1;C12C=CC=CC=C(C3=O)C=C1C=C23;C1OC=CC=CC2=C(C=O)C=C12;C12C=CC=CC=C(C=O)C3=C1C=C23;C1OC=CC=CC=C(C2=O)C=C12;C12C=CC=CC=C(C=O)C=C1C#C2;C1OC=CC=CC=C(C=O)C#C1;COC=CC=CC=C(C=O)C=C;C1C=CC=CC=C(C=O)C=C1C#C;C1C=CC=CC=C(C=O)C=C1C;CC=CC=CC=C(C=O)C#C;C1C=CC=CC=C(C=O)C=C1C=C;CC=CC=CC#CC=O
m_3db789,CC=CC=CC=CC=O;O=CC=CC=CC=O;CC=CC1=CC=CC=C1C=O;COC=CC=CC=CC=O;CC=CC=CC1=C(C=O)C=C1;C1C=CC=CC=C(C=O)C=C1;CC1=CC=CC=C1C=O;COC1=CC=CC=C1C=O;C1C=CC=CC2=C(C=O)C=C2C=C1;C12C=CC=CC=C(C=O)C=C1C=C2;CC=CC=CC=C(C1=O)C=CC=C1;O=CC=CC1=C(C=O)C=C1;C1C=CC=CC=C(C=O)C=CC=C1;C1OC=CC=CC=C(C=O)C=C1;C1C=CC=CC2=C(C3=O)C=C2C=C13;COC=CC=CC1=C(C=O)C=C1;C1C=CC=CC=C(C2=O)C=CC=C2C=C1;C12C=CC=CC=C(C3=O)C=C1C=C23;COC=CC1=CC=CC=C1C=O;C1OC=CC=CC2=C(C=O)C=C12;C1C=CC=CC2=C(C=O)C3=C2C=C13;C12OC=CC=CC=C(C=O)C=C1C=C2;C12C=CC=CC=C(C=O)C3=C1C=C23;C1OC=CC=CC=C(C2=O)C=C12;C12OC=CC=CC=C(C3=O)C=C1C=C23
m_3dc915,COC=CC=CC=CC=CC=O;COC=CC1=CC=CC=C1C=O;C1OC=CC=CC=CC=C1C=O;C1OC=CC=CC=CC=C(C=O)C=C1;C1OC=CC=CC=CC=C(C2=O)C=C12;C1OC=CC=CC=CC=C(C=O)C#C1;COC=CC=CC=CC#CC=O;COC=CC=CC=CC=C(C=O)C#C;COC=CC=CC=CC=C(C=O)C=C;CCO;CCO;CCO;CCO;CCO;CCO;CCO;CCO;CCO;CCO;CCO;CCO;CCO;CCO;CCO;CCO
m_3f6bab,CC=CC=CC=CC=O;CC=CC1=CC=CC=C1C=O;CCC1=CC=CC=C1C=O;CCC=CC=CC=CC=O;CCC=CC1=CC=CC=C1C=O;C1C=CC=CC=C1C=O;C1C=CC=CC=C(C=O)C=C1;CC=CC=CC1=C(C=O)C=C1;COC=CC=CC=CC=O;CC1=CC=CC=C1C=O;C1CC=CC=CC=C(C=O)C=C1;CCC=CC=CC1=C(C=O)C=C1;C1CC=CC=CC=C(C=O)C=CC=C1;C12C=CC=CC=C(C=O)C=C1C=C2;C12CC=CC=CC=C(C=O)C=C1C=C2;C1OC=CC=CC=C(C=O)C=C1;C1CC=CC=CC=C(C2=O)C=CC=C12;CCC=CC=CC=C(C1=O)C=CC=C1;COC=CC=CC1=C(C=O)C=C1;C12C=CC=CC=C(C3=O)C=C1C=C23;COC1=CC=CC=C1C=O;C12CC=CC=CC=C(C3=O)C=C1C=C23;C12C=CC=CC=C(C=O)C3=C1C=C23;C1CC=CC=CC=C(C=O)C2=CC=C12;C1OC=CC=CC2=C(C=O)C=C12
m_3f8028,CC=CC=CC=CC=O;CC=CC1=CC=CC=C1C=O;C1C=CC=CC=C1C=O;C1C=CC=CC=C(C=O)C=C1;COC1=CC=CC=C1C=O;CC=CC=CC1=C(C=O)C=C1;CC1=CC=CC=C1C=O;O=CC=CC=CC=O;C1C=CC=CC2=C(C=O)C=C12;C12C=CC=CC=C(C=O)C=C1C=C2;C1C=CC=CC2=C(C=O)C=C2C=C1;COC=CC1=CC=CC=C1C=O;C1C=CC=CC2=C(C3=O)C=C2C=C13;C12C=CC=CC=C(C3=O)C=C1C=C23;C1C=CC=CC=C(C=O)C#C1;C1C=CC=CC2=C(C=O)C3=C2C=C13;C12C=CC=CC=C(C=O)C3=C1C=C23;C12C=CC=CC=C(C=O)C=C1C#C2;C1C=CC=CC=C(C2=O)C=C12;C1C=CC=CC2=C(C=O)C=C2C#C1;C1C=CC=CC=C(C=O)C=C1C#C;CC=CC=CC=C(C=O)C#C;CC=CC=CC1=C(C=O)C=C1C#C;CC=CC=CC#CC=O;CC=CC=CC1=C(C=O)C=C1C=C
m_3ff7be,CC=CC=CC=CC=O;COC=CC=CC=CC=O;C1C=CC=CC=C1C=O;CC=CC1=CC=CC=C1C=O;C1C=CC=CC=C(C=O)C=C1;CC=CC=CC1=C(C=O)C=C1;C1OC=CC=CC=C(C=O)C=C1;COC=CC=CC1=C(C=O)C=C1;CC1=CC=CC=C1C=O;COC1=CC=CC=C1C=O;C12C=CC=CC=C(C=O)C=C1C=C2;C1OC=CC=CC2=C(C=O)C=C12;C12OC=CC=CC=C(C=O)C=C1C=C2;C12C=CC=CC=C(C3=O)C=C1C=C23;C12OC=CC=CC=C(C3=O)C=C1C=C23;C12C=CC=CC=C(C=O)C3=C1C=C23;C12OC=CC=CC=C(C=O)C3=C1C=C23;C12C=CC=CC=C(C=O)C=C1C#C2;C1OC=CC=CC=C(C2=O)C=C12;C12OC=CC=CC=C(C=O)C=C1C#C2;COC=CC=CC=C(C=O)C#C;C1C=CC=CC=C(C=O)C=C1C#C;C1OC=CC=CC=C(C=O)C=C1C#C;CC=CC=CC=C(C=O)C#C;C1C=CC=CC=C(C=O)C=C1C=C
m_402004,COC=CC=CC=CC=O;CC=CC1=CC=CC=C1C=O;C1OC=CC=CC=C1C=O;C1OC=CC=CC=C(C=O)C=C1;COC=CC=CC=CC=CC=O;COC=CC=CC1=C(C=O)C=C1;COC1=CC=CC=C1C=O;C1OC=CC=CC2=C(C=O)C=C12;C12OC=CC=CC=C(C=O)C=C1C=C2;C1OC=CC=CC2=C(C=O)C=C2C=C1;C1OC=CC=CC=C(C2=O)C=C12;C12OC=CC=CC=C(C3=O)C=C1C=C23;C1OC=CC=CC2=C(C3=O)C=C2C=C13;C12OC=CC=CC=C(C=O)C3=C1C=C23;C1OC=CC=CC2=C(C=O)C3=C2C=C13;C1OC=CC=CC=C(C=O)C#C1;C12OC=CC=CC=C(C=O)C=C1C#C2;C1OC=CC=CC2=C(C=O)C=C2C#C1;COC=CC=CC=C(C=O)C=C;COC=CC=CC=C(C=O)C#C;C1OC=CC=CC=C(C=O)C=C1C#C;C1OC=CC=CC=C(C=O)C=C1C=C;COC=CC=CC#CC=O;COC=CC=CC1=C(C=O)C=C1C#C;COC=CC1=CC=CC=C1
m_417c79,COC=CC=CC=CC=O;O=CC=CC=CC=O;COC=CC=CC=O;C1OC=CC=CC=C1C=O;COC1=CC=CC=C1C=O;O=CC=CC=C(C=O)C=C;O=CC=CC1=C(C=O)C=C1;COC=CC=CC1=C(C=O)C=C1;C1OC=CC=CC=C(C=O)C=C1;C1OC=CC=CC2=C(C=O)C=C12;O=CC=CC=C(C=O)C=CC=C;O=CC=CC1=C(C=O)C=C1C=C;C12OC=CC=CC=C(C=O)C=C1C=C2;O=CC=CC1=C(C2=O)C=C1C=C2;C1OC=CC=CC=C(C2=O)C=C12;O=CC=CC=C(C1=O)C=CC=C1;O=CC=CC1=C(C=O)C2=C1C=C2;O=CC=CC=C(C=O)C1=CC=C1;C1OC=CC=CC=C(C=O)C#C1;O=CC=CC=C(C=O)C=CC#C;COC=CC=CC=C(C=O)C=C;O=CC=CC1=C(C=O)C=C1C#C;O=CC=CC1=C(C=O)C=C1C;O=CC=CC=C(C=O)C=C1C=C1;O=CC=CC=C(C=O)C=C=C
m_43683b,CC=CC=CC=CC=O;CC=CC1=CC=CC=C1C=O;C1C=CC=CC=C1C=O;C1C=CC=CC=C(C=O)C=C1;CC=CC=CC1=C(C=O)C=C1;CC1=CC=CC=C1C=O;C1C=CC=CC2=C(C=O)C=C2C=C1;C12C=CC=CC=C(C=O)C=C1C=C2;C1C=CC=CC2=C(C3=O)C=C2C=C13;C12C=CC=CC=C(C3=O)C=C1C=C23;C1C=CC=CC2=C(C=O)C3=C2C=C13;C12C=CC=CC=C(C=O)C3=C1C=C23;C12C=CC=CC=C(C=O)C=C1C#C2;C1C=CC=CC2=C(C=O)C=C2C#C1;C1C=CC=CC=C(C=O)C=C1C#C;CC=CC=CC1=C(C=O)C=C1C#C;CC=CC=CC1=C(C=O)C=C1C=C;CC=CC=CC=C(C=O)C#C;CC=CC1=CC=CC=C1;CCC1=CC=CC=C1C=O;CCC1=CC=CC=C1;CCO;CCO;CCO;CCO
m_436a8d,COC1=CC=CC=C1C=O;COC=CC1=CC=CC=C1C=O;O=C(O)C=CC1=CC=CC=C1C=O;O=C(O)COC1=CC=CC=C1C=O;COC=CC1=CC=CC=C1;COC1=CC=CC=C1;CCO;CCO;CCO;CCO;CCO;CCO;CCO;CCO;CCO;CCO;CCO;CCO;CCO;CCO;CCO;CCO;CCO;CCO;CCO
m_436c77,CCC(C)CCCCC(=O)NCCCC1=CC2=CC=C1C=C2;CCC(C)CCCCC(=O)NCCCC1=CC=CC2=C1C=CC=C2;CCC(C)CCCCC(=O)NCC1CC=CC2=C1C=CC=C2;CCC(C)C1CCCC(=O)NCCCC2=CC=CC3=C2C=CC=C3C=C1;CCC(C)CCCCC(=O)NCCCC1=CC=CC=C1;CCC1(C)CCCCC(=O)NCCCC2=CC=CC=C2C=CC=C1;CCC(C)CCCCC(=O)NCCCC1=C2C=CC=C1C=C2;CCC1(C)CCCCC(=O)NCCCC2=CC=CC3=C2C=CC=C31;CC1C(C)CCCCC(=O)NCCCC2=CC=CC3=C2C=CC=C31;CCC(C)CCCCC(=O)NCCCC1=CC=C2C=C1C=CC=C2;CCC(C)CCCCC(=O)NCCCC1=CC=CC=C1C=O;CCC(C)CCCCC(=O)NCCCC1=CC=CC2=C1C3=CC=C2C=C3;CCC(C)CCCCC(=O)NCCC1CC=CC=C1C=O;CCC(C)CCC1CC(=O)NCCCC2=CC=CC3=C2C4=CC=C3C=C14;CCC(C1)CCCCC(=O)NCCCC2=CC=CC3=C2C=CC=C3C=C1;CCC(C)CCCCC(=O)NCCC1CC=CC=C1;CCC(C)CCCCC(=O)NCC1CC=CC=C1;CCC(C)CCCC1C(=O)NCCCC2=CC=CC3=C2C=CC=C3C=C1;CCC1(C)CCCCC(=O)NCCCC2=CC=CC=C2C=CC=C1C;CCC(C)C=1CCCC(=O)NCCCC2=CC=CC3=C2C=CC=C3C=C=1;CCC(C)CCC1CC(=O)NCCCC2=CC=CC3=C2C=CC4=C3C=C14;CCC(C)CCCCC(=O)NCCCC1=CC=CC2=C1C=CC=C2C=C;CCC(C)C1CC2CC(=O)NCCCC3=CC=CC4=C3C=CC=C4C=C12;CCC(C)CCCCC(=O)NCCCCCCCC(C1)CCCCCC1;CCC(C)CCC1CC(=O)NCCCC2=CC=CC3=C2C=CC=C3C#C1
m_43e809,COC=CC=CC=CC=O;CC=CC1=CC=CC=C1C=O;COC1=CC=CC=C1C=O;COC=CC=CC=CC=CC=O;COC=CC1=CC=CC=C1C=O;C1OC=CC=CC=C1C=O;C1OC=CC=CC=CC=C1C=O;C1OC=CC=CC=C(C=O)C=C1;COC=CC=CC1=C(C=O)C=C1;C1OC=CC=CC=CC=C(C=O)C=C1;C1OC=CC=CC2=C(C=O)C=C12;C1OC=CC=CC=CC2=C(C=O)C=C12;C1OC=CC=CC=C(C2=O)C=C12;C=1OC=CC=CC=C(C=O)C=C=1;C1OC=CC=CC=CC=C(C2=O)C=C12;COC=CC=CC=CC#CC=O;C1OC=CC=CC=CC=C(C=O)C#C1;C1OC=CC=CC=C(C=O)C#C1;COC=CC=CC=C(C=O)C=C;COC=CC=CC=C1C=C1C=O;COC=CC=CC=CC=C(C=O)C#C;COC=CC=CC=CC=C(C=O)C=C;COC=CC=CC#CC=O;COC=CC=CC=C(C=O)C#C;COC=CC1=CC=CC=C1
m_444a56,COC1=CC=CC=C1C=O;COC=CC1=CC=CC=C1C=O;COC=CC1=CC=CC=C1;COC1=CC=CC=C1;CCO;CCO;CCO;CCO;CCO;CCO;CCO;CCO;CCO;CCO;CCO;CCO;CCO;CCO;CCO;CCO;CCO;CCO;CCO;CCO;CCO
m_44cb82,COC=CC=CC=CC=O;COC1=CC=CC=C1C=O;C1OC=CC=CC=C1C=O;C1OC=CC=CC=C(C=O)C=C1;COC=CC=CC1=C(C=O)C=C1;C1OC=CC=CC2=C(C=O)C=C12;COC=CC1=CC=CC=C1C=O;C12OC=CC=CC=C(C=O)C=C1C=C2;C1OC=CC=CC2=C(C=O)C=C2C=C1;C1OC=CC=CC=C(C2=O)C=C12;C12OC=CC=CC=C(C3=O)C=C1C=C23;O=C(O)C=CC1=CC=CC=C1C=O;C12OC=CC=CC=C(C=O)C3=C1C=C23;C1OC=CC=CC=C(C=O)C#C1;C12OC=CC=CC=C(C=O)C=C1C#C2;COC=CC=CC=C(C=O)C=C;COC=CC=CC=C(C=O)C#C;C1OC=CC=CC=C(C=O)C=C1C#C;COC=CC=CC#CC=O;C1OC=CC=CC=C(C=O)C=C1C=C;COC=CC=CC1=C(C=O)C=C1C#C;COC=CC=CC1=C(C=O)C=C1C=C;O=C(O)COC1=CC=CC=C1C=O;COC=CC1=CC=CC=C1;COC1=CC=CC=C1
m_451ad6,CC=CC1=CC=CC=C1C=O;COC1=CC=CC=C1C=O;O=C(O)COC1=CC=CC=C1C=O;O=C(O)C1=CC=CC=C1;CC=CC1=CC=CC=C1;COC1=CC=CC=C1;O;CCO;CCO;CCO;CCO;CCO;CCO;CCO;CCO;CCO;CCO;CCO;CCO;CCO;CCO;CCO;CCO;CCO;CCO
m_45d613,COC=CC=CC=CC=O;CC=CC1=CC=CC=C1C=O;C1OC=CC=CC=C(C=O)C=C1;COC=CC=CC1=C(C=O)C=C1;COC=CC=CC=CC=CC=O;COC1=CC=CC=C1C=O;C1OC=CC=CC2=C(C=O)C=C12;C12OC=CC=CC=C(C=O)C=C1C=C2;COC=CC=CC=C(C1=O)C=CC=C1;C12OC=CC=CC=C(C3=O)C=C1C=C23;C12OC=CC=CC=C(C=O)C=C1C2;C1OC=CC=CC=C(C=O)C=C1C;C12OC=CC=CC=C(C=O)C3=C1C=C23;C1OC=CC=CC=C(C2=O)C=C12;C12OC=CC=CC=C(C=O)C=C1C#C2;C1OC=CC=CC=C(C2=O)C=C1C=C2;COC=CC=CC=C(C=O)C#C;C1OC=CC=CC=C(C=O)C=C1C#C;C1=2OC=CC=CC=C(C=O)C=C1C=C=2;C1OC=CC=CC=C(C=O)C=C1C=C;CC=CC1=CC=CC=C1;COC1=CC=CC=C1;CCO;CCO;CCO
m_466863,COC=CC1=CC=CC=C1C=O;COC1=CC=CC=C1C=O;COC=CC1=CC=CC=C1;COC1=CC=CC=C1;CCO;CCO;CCO;CCO;CCO;CCO;CCO;CCO;CCO;CCO;CCO;CCO;CCO;CCO;CCO;CCO;CCO;CCO;CCO;CCO;CCO
m_4690d3,CC=CC=CC=CC=O;COC=CC=CC=CC=O;CC=CC1=CC=CC=C1C=O;C1C=CC=CC=C1C=O;C1C=CC=CC=C(C=O)C=C1;COC1=CC=CC=C1C=O;CC=CC=CC1=C(C=O)C=C1;C1OC=CC=CC=C1C=O;CC1=CC=CC=C1C=O;C1OC=CC=CC=C(C=O)C=C1;COC=CC=CC1=C(C=O)C=C1;C12C=CC=CC=C(C=O)C=C1C=C2;C1OC=CC=CC2=C(C=O)C=C12;C12C=CC=CC=C(C3=O)C=C1C=C23;C1OC=CC=CC=C(C2=O)C=C12;C12C=CC=CC=C(C=O)C3=C1C=C23;C=1OC=CC=CC=C(C=O)C=C=1;C12C=CC=CC=C(C=O)C=C1C#C2;C1OC=CC=CC=C(C=O)C#C1;COC=CC=CC=C(C=O)C=C;C1C=CC=CC=C(C=O)C=C1C;C1C=CC=CC=C(C=O)C=C1C#C;CC=CC=CC=C(C=O)C#C;CC=CC=CC#CC=O;C1C=CC=CC=C(C=O)C=C1C=C
m_471696,CC=CC1=CC=CC=C1C=O;CCC1=CC=CC=C1C=O;COC=CC=CC=CC=O;CCC=CC1=CC=CC=C1C=O;C1OC=CC=CC=C1C=O;C1OC=CC=CC=C(C=O)C=C1;COC1=CC=CC=C1C=O;COC=CC=CC1=C(C=O)C=C1;C1OC=CC=CC2=C(C=O)C=C12;C12OC=CC=CC=C(C=O)C=C1C=C2;C1OC=CC=CC=C(C2=O)C=C12;C12OC=CC=CC=C(C3=O)C=C1C=C23;CCC(C)CCCCC(=O)NCCCC1=CC2=CC=C1C=C2;CCC(C)CCCCC(=O)NCCCC1=CC=CC2=C1C=CC=C2;C12OC=CC=CC=C(C=O)C3=C1C=C23;CCC(C)CCCCC(=O)NCC1CC=CC2=C1C=CC=C2;C12OC=CC=CC=C(C=O)C=C1C#C2;CCC(C)CCCCC(=O)NCCCC1=CC=CC=C1;CCC(C)C1CCCC(=O)NCCCC2=CC=CC3=C2C=CC=C3C=C1;CCC1(C)CCCCC(=O)NCCCC2=CC=CC=C2C=CC=C1;CCC(C)CCCCC(=O)NCCCC1=C2C=CC=C1C=C2;CCC1(C)CCCCC(=O)NCCCC2=CC=CC3=C2C=CC=C31;CC1C(C)CCCCC(=O)NCCCC2=CC=CC3=C2C=CC=C31;CCC(C)CCCCC(=O)NCCCC1=CC=C2C=C1C=CC=C2;CCC(C)CCCCC(=O)NCCCC1=CC=CC=C1C=O
m_47617a,CCC(C)CCCC(=O)NCCC1=CC=CC2=C1C=CC=C2;CCC(C)CCCC(=O)NCCCC1=CC=CC2=C1C=CC=C2;CCC(C)CCCC(=O)NCCCC1=CC2=CC=C1C=C2;CCC(C)CCCC(=O)NCCC1=CC2=CC=C1C=C2;CCC1(C)CCCC(=O)NCCC2=CC=CC3=C2C=CC=C3C=C1;CCC(C)CCCC(=O)NCCC1=CC=CC=C1;CCC(C)CCCC(=O)NCCC1=CC=C2C=C1C=CC=C2;CC1C(C)CCCC(=O)NCCC2=CC=CC3=C2C=CC=C3C=C1;CCC(C)CCCC(=O)NCCCC1=CC=CC=C1;CCC(C1)CCCC(=O)NCCCC2=CC=CC3=C2C=CC=C3C=C1;CCC(C)CCCC(=O)NCCCC1=CC=C2C=C1C=CC=C2;CCC(C)CCCC(=O)NCCC1=CC2=CC=C1C=C2C=O;CCC(C)CCCC(=O)NCCC1=CC=CC2=C1C=CC=C2C;CCC(C)CCCC(=O)NCCC1=CC=CC2=C1C3=CC=C2C=C3;CCC(C)CCCC(=O)NCCCC1=CC=CC=C1C=O;CCC1(C)CCCC(=O)NCCCC2=CC=CC3=C2C=CC=C3C=C1;CCC(C)CCCC(=O)NCCCC1=CC=CC2=C1C3=CC=C2C=C3;CCC(C)CCCC(=O)NCCCC1=CC=CC2=C1C=CC=C2C;CCC1(C)C2CCC(=O)NCCC3=CC=CC4=C3C=CC=C4C=C1C=C2;CCC(C)CC1CC(=O)NCCC2=CC=CC3=C2C=CC=C3C=C1;CCC(C)CCC1C(=O)NCCCC2=CC=CC3=C2C=CC=C3C=C1;CCC(C1)CC2CC(=O)NCCCC3=CC=CC4=C3C=CC=C4C=C1C=C2;CCC1(C)CCC2C(=O)NCCC3=CC=CC4=C3C=C5C=C4C=C1C=C25;CCC1(C)CCC2C(=O)NCCC3=CC=CC4=C3C=CC5=C4C=C1C=C25;CCC(C)CCCC(=O)NCC1C=CC=CC=C1
m_478c2e,COC=CC=CC=CC=O;C1OC=CC=CC=C1C=O;COC1=CC=CC=C1C=O;C1OC=CC=CC=C(C=O)C=C1;COC=CC=CC1=C(C=O)C=C1;C1OC=CC=CC2=C(C=O)C=C12;C12OC=CC=CC=C(C=O)C=C1C=C2;C1OC=CC=CC2=C(C=O)C=C2C=C1;C1OC=CC=CC=C(C2=O)C=C12;C12OC=CC=CC=C(C3=O)C=C1C=C23;C12OC=CC=CC=C(C=O)C3=C1C=C23;C1OC=CC=CC=C(C=O)C#C1;C12OC=CC=CC=C(C=O)C=C1C#C2;COC=CC=CC=C(C=O)C=C;COC=CC=CC=C(C=O)C#C;C1OC=CC=CC=C(C=O)C=C1C#C;COC=CC=CC#CC=O;C1OC=CC=CC=C(C=O)C=C1C=C;COC=CC=CC1=C(C=O)C=C1C#C;COC=CC=CC1=C(C=O)C=C1C=C;COC=CC1=CC=CC=C1;COC1=CC=CC=C1;CCO;CCO;CCO
m_47ae67,CCC(C)CCCCC(=O)NCCCC1=CC2=CC=C1C=C2;CCC(C)CCCCC(=O)NCCCC1=CC=CC2=C1C=CC=C2;CCC(C)CCCCC(=O)NCC1CC=CC2=C1C=CC=C2;CCC(C)C1CCCC(=O)NCCCC2=CC=CC3=C2C=CC=C3C=C1;CCC1(C)CCCCC(=O)NCCCC2=CC=CC=C2C=CC=C1;CCC1(C)CCCCC(=O)NCCCC2=CC=CC3=C2C=CC=C31;CCC(C)CCCCC(=O)NCCCC1=CC=CC=C1;CCC(C)CCCCC(=O)NCCCC1=C2C=CC=C1C=C2;CCC1(C)C2CCCC(=O)NCCCC3=CC=CC=C3C=CC=C1C=C2;CC1C(C)CCCCC(=O)NCCCC2=CC=CC3=C2C=CC=C31;CCC(C)CCCCC(=O)NCCCC1=CC=C2C=C1C=CC=C2;CCC(C)CCCCC(=O)NCCCC1=CC=CC2=C1C3=CC=C2C=C3;CCC(C)CCCCC(=O)NCCCC1=CC=CC=C1C=O;CCC(C1)CCCCC(=O)NCCCC2=CC=CC3=C2C=CC=C3C=C1;CCC(C)CCC1CC(=O)NCCCC2=CC=CC3=C2C4=CC=C3C=C14;CCC1(C)CCC2CC(=O)NCCCC3=CC=CC=C3C4=CC=C1C=C24;CCC(C)CCC1CC(=O)NCCCC2=CC=CC3=C2C=CC4=C3C=C14;CCC(C)CCCCC(=O)NCC1CC=CC=C1;CCC1(C)CCC2CC(=O)NCCCC3=CC=CC=C3C=CC4=C1C=C24;CCC(C)CCCCC(=O)NCCCC1=CC=CC2=C1C=CC=C2C=C;CCC1(C)CCCCC(=O)NCCCC2=CC=CC=C2C=CC=C1C=C;CCC(C)CCC1CC(=O)NCCCC2=CC=CC3=C2C=CC=C3C#C1;CCC(C)CCCC1C(=O)NCCCC2=CC=CC3=C2C=CC=C3C=C1;CCC1(C)CCC2CC(=O)NCCCC3=CC=CC=C3C=CC=C1C#C2;CCC(C)CCCCC(=O)NCC1CC=CC=C1C=O
m_47e099,CCC(C)CCCCC(=O)NCCCC1=CC2=CC=C1C=C2;CCC(C)CCCCC(=O)NCCCC1=CC=CC2=C1C=CC=C2;CCC(C)C1CCCC(=O)NCCCC2=CC=CC3=C2C=CC=C3C=C1;CCC1(C)CCCCC(=O)NCCCC2=CC3=CC=C2C=C3C=C1;CCC1(C)CCCCC(=O)NCCCC2=CC=CC=C2C=CC=C1;CC1C(C)CCCCC(=O)NCCCC2=CC3=CC=C2C=C3C=C1;CCC1(C)C2CCCC(=O)NCCCC3=CC=CC=C3C=CC=C1C=C2;CCC(C)CCCCC(=O)NCCCC1=CC=CC=C1;CCC(C)CCCCC(=O)NCCCC1=C2C=CC=C1C=C2;CCC1(C)CCCCC(=O)NCCCC2=CC=CC3=C2C=CC=C31;CCC(C)CCCCC(=O)NCCCC1=CC=C2C=C1C=CC=C2;CCC(C)CCCCC(=O)NCCCC1=CC=CC2=C1C3=CC=C2C=C3;CCC(C)CCCCC(=O)NCCCC1=CC=CC=C1C=O;CCC(C)CCC1CC(=O)NCCCC2=CC=CC3=C2C4=CC=C3C=C14;CCC(C1)CCCCC(=O)NCCCC2=CC=CC3=C2C=CC=C3C=C1;CCC1(C)CCC2CC(=O)NCCCC3=CC=CC=C3C4=CC=C1C=C24;CCC(C)CCCCC(=O)NCCC1CC=CC=C1C=O;CCC(C)CCC1CC(=O)NCCCC2=CC=CC3=C2C=CC4=C3C=C14;CCC(C)CCCCC(=O)NCC1CC=CC=C1;CCC(C)CCCC1C(=O)NCCCC2=CC=CC3=C2C=CC=C3C=C1;CCC1(C)CCC2CC(=O)NCCCC3=CC=CC=C3C=CC4=C1C=C24;CCC(C)CCCCC(=O)NCCC1CC=CC=C1;CCC(C)C=1CCCC(=O)NCCCC2=CC=CC3=C2C=CC=C3C=C=1;CCC(C)C1CC2CC(=O)NCCCC3=CC=CC4=C3C=CC=C4C=C12;CCC(C)CCC1CC(=O)NCCCC2=CC=CC3=C2C=CC=C3C#C1
m_48bfe1,COC=CC=CC=CC=O;CC=CC1=CC=CC=C1C=O;COC1=CC=CC=C1C=O;C1OC=CC=CC=C1C=O;COC=CC1=CC=CC=C1C=O;C1OC=CC=CC=C(C=O)C=C1;COC=CC=CC1=C(C=O)C=C1;C1OC=CC=CC2=C(C=O)C=C12;C12OC=CC=CC=C(C=O)C=C1C=C2;C1OC=CC=CC2=C(C=O)C=C2C=C1;C1OC=CC=CC=C(C2=O)C=C12;C12OC=CC=CC=C(C3=O)C=C1C=C23;C12OC=CC=CC=C(C=O)C3=C1C=C23;C1OC=CC=CC=C(C=O)C#C1;C12OC=CC=CC=C(C=O)C=C1C#C2;COC=CC=CC=C(C=O)C=C;COC=CC=CC=C(C=O)C#C;C1OC=CC=CC=C(C=O)C=C1C#C;COC=CC=CC#CC=O;C1OC=CC=CC=C(C=O)C=C1C=C;COC=CC=CC1=C(C=O)C=C1C#C;COC=CC=CC1=C(C=O)C=C1C=C;COC=CC1=CC=CC=C1;CC=CC1=CC=CC=C1;COC1=CC=CC=C1
m_4b55af,COC=CC=CC=CC=O;O=CC=CC=CC=O;COC1=CC=CC=C1C=O;C1OC=CC=CC=C1C=O;O=CC=CC=CC=CC=O;COC=CC=CC1=C(C=O)C=C1;C1OC=CC=CC=C(C=O)C=C1;COC=CC1=CC=CC=C1C=O;C1OC=CC=CC2=C(C=O)C=C12;C12OC=CC=CC=C(C=O)C=C1C=C2;C1OC=CC=CC=C(C2=O)C=C12;C1OC=CC=CC=C(C=O)C#C1;COC=CC=CC=C(C=O)C=C;COC=CC=CC=C(C=O)C#C;COC=CC=CC#CC=O;C1OC=CC=CC=C(C=O)C=C1C#C;O=C(O)C=CC1=CC=CC=C1C=O;COC=CC1=CC=CC=C1;COC1=CC=CC=C1;CCO;CCO;CCO;CCO;CCO;CCO
m_4b86b5,COC=CC1=CC=CC=C1C=O;COC1=CC=CC=C1C=O;COC=CC=CC=CC=CC=O;C1OC=CC=CC=CC=C1C=O;C1OC=CC=CC=CC=C(C=O)C1;C1OC=CC=CC=C2C=C(C=O)C12;C12OC=CC=CC=CC=C(C=O)C1C=C2;C12OC=CC=CC=CC3=C(C=O)C1C=C23;C12OC=CC=CC=CC=C(C=O)C1C#C2;COC=CC=CC=CC=C(C=O)C;C1OC=CC=CC=CC=C(C=O)C1C#C;COC=CC=CC=CC#CC=O;C1OC=CC=CC=CC=C(C=O)C1C=C;COC=CC1=CC=CC=C1;COC1=CC=CC=C1;CCO;CCO;CCO;CCO;CCO;CCO;CCO;CCO;CCO;CCO
m_4bb17c,COC=CC=CC=CC=O;COC=CC=CC=O;C1OC=CC=CC=C(C=O)C=C1;COC=CC1=CC=CC=C1C=O;COC=CC=CC=CC=CC=O;COC=CC=CC1=C(C=O)C=C1;COC1=CC=CC=C1C=O;COC=CC1=C(C=O)C=C1;C12OC=CC=CC=C(C=O)C=C1C=C2;C1OC=CC=CC=CC=C1C=O;COC=CC=CC=C(C1=O)C=CC=C1;C12OC=CC=CC=C(C3=O)C=C1C=C23;C12OC=CC=CC=C(C=O)C=C1C2;C12OC=CC=CC=C(C=O)C3=C1C=C23;C1OC=CC=CC=CC=C(C=O)C=C1;C1OC=CC=CC=C(C=O)C=C1C;C12OC=CC=CC=C(C=O)C=C1C#C2;C1OC=CC=CC=CC2=C(C=O)C=C12;C1OC=CC=CC=CC=C(C2=O)C=C12;COC=CC=CC=CC#CC=O;C1OC=CC=CC=CC=C(C=O)C#C1;C1OC=CC=CC=C(C=O)C=C1C#C;COC=CC=CC=C(C=O)C#C;COC=CC=CC=C1C=C1C=O;COC=CC=CC=CC=C(C=O)C#C
m_4bc064,CC=CC1=CC=CC=C1C=O;COC1=CC=CC=C1C=O;COC=CC1=CC=CC=C1C=O;O=C(O)C1=CC=CC=C1C=O;O=C(O)COC1=CC=CC=C1C=O;O=C(O)C1=CC=CC=C1;COC=CC1=CC=CC=C1;CC=CC1=CC=CC=C1;COC1=CC=CC=C1;O;CCO;CCO;CCO;CCO;CCO;CCO;CCO;CCO;CCO;CCO;CCO;CCO;CCO;CCO;CCO
m_4fb975,CCC(C)CCCC(=O)NCCC1=CC=CC2=C1C=CC=C2;CCC(C)CCCC(=O)NCCCC1=CC=CC2=C1C=CC=C2;CCC(C)CCCC(=O)NCCCC1=CC2=CC=C1C=C2;CCC(C)CCCCC(=O)NCCCC1=CC2=CC=C1C=C2;CCC(C)CCCC(=O)NCCC1=CC2=CC=C1C=C2;CCC(C)CCCCC(=O)NCCCC1=CC=CC2=C1C=CC=C2;CCC(C)CCCC(=O)NCCC1=CC=CC=C1;CCC1(C)CCCC(=O)NCCC2=CC=CC3=C2C=CC=C3C=C1;CCC(C)CCCC(=O)NCCC1=CC=C2C=C1C=CC=C2;CCC(C)CCCCC(=O)NCC1CC=CC2=C1C=CC=C2;CCC(C)CCCC(=O)NCCCC1=CC=CC=C1;CCC(C)C1CCCC(=O)NCCCC2=CC=CC3=C2C=CC=C3C=C1;CC1C(C)CCCC(=O)NCCC2=CC=CC3=C2C=CC=C3C=C1;CCC1(C)CCCCC(=O)NCCCC2=CC3=CC=C2C=C3C=C1;CCC1(C)CCCCC(=O)NCCCC2=CC=CC=C2C=CC=C1;CCC(C1)CCCC(=O)NCCCC2=CC=CC3=C2C=CC=C3C=C1;CCC(C)CCCCC(=O)NCCCC1=CC=CC=C1;CC1C(C)CCCCC(=O)NCCCC2=CC3=CC=C2C=C3C=C1;CCC(C)CCCC(=O)NCCC1=CC2=CC=C1C=C2C=O;CCC(C)CCCCC(=O)NCCCC1=C2C=CC=C1C=C2;CCC(C)CCCC(=O)NCCC1=CC=CC2=C1C=CC=C2C;CCC(C)CCCC(=O)NCCC1=CC=CC2=C1C3=CC=C2C=C3;CCC(C)CCCC(=O)NCCCC1=CC=CC=C1C=O;CCC(C)CCCCC(=O)NCCCC1=CC=CC=C1C=O;CCC(C)CCCCC(=O)NCCCC1=CC=CC2=C1C3=CC=C2C=C3
m_517c87,COC1=CC=CC=C1C=O;O=C(O)C1=CC=CC=C1C=O;CCC(C)CCCC(=O)NCCC1=CC=CC2=C1C=CC=C2;CCC(C)CCCC(=O)NCCCC1=CC2=CC=C1C=C2;CCC(C)CCCC(=O)NCCCC1=CC=CC2=C1C=CC=C2;CCC(C)CCCC(=O)NCCC1=CC2=CC=C1C=C2;CCC(C)CCCC(=O)NCCC1=CC=CC=C1;CCC(C)CCCC(=O)NCCC1=CC=C2C=C1C=CC=C2;CCC1(C)CCCC(=O)NCCC2=CC=CC3=C2C=CC=C3C=C1;CCC(C)CCCC(=O)NCCCC1=CC=CC=C1;CC1C(C)CCCC(=O)NCCC2=CC=CC3=C2C=CC=C3C=C1;CCC(C)CCCC(=O)NCCC1=CC2=CC=C1C=C2C=O;CCC(C1)CCCC(=O)NCCCC2=CC=CC3=C2C=CC=C3C=C1;CCC(C)CCCC(=O)NCCC1=CC=CC2=C1C=CC=C2C;CCC(C)CCCC(=O)NCCCC1=CC=CC=C1C=O;CCC(C)CCCC(=O)NCCC1=CC=CC2=C1C3=CC=C2C=C3;CCC(C)CCCC(=O)NCCCC1=CC=CC2=C1C=CC=C2C;CCC1(C)CCCC(=O)NCCCC2=CC=CC3=C2C=CC=C3C=C1;CCC(C)CCCC(=O)NCCCC1=CC=CC2=C1C3=CC=C2C=C3;CCC(C)CC1CC(=O)NCCC2=CC=CC3=C2C=CC=C3C=C1;CCC1(C)C2CCC(=O)NCCC3=CC=CC4=C3C=CC=C4C=C1C=C2;CCC(C)CCCC(=O)NCC1CC=CC=C1;CCC(C)CCCC(=O)NCC1C=CC=CC=C1;CCC(C)CCC1C(=O)NCCCC2=CC=CC3=C2C=CC=C3C=C1;CCC1(C)CCC2C(=O)NCCC3=CC=CC4=C3C=C5C=C4C=C1C=C25
m_53dfe2,CC=CC=CC=CC=O;CC=CC1=CC=CC=C1C=O;CC=CC=CC=CC=CC=O;C1C=CC=CC=C1C=O;O=CC=CC=CC=O;C1C=CC=CC=C(C=O)C=C1;COC1=CC=CC=C1C=O;CC=CC=CC1=C(C=O)C=C1;COC=CC1=CC=CC=C1C=O;CC1=CC=CC=C1C=O;C1C=CC=CC2=C(C=O)C=C12;C1C=CC=CC=C(C2=O)C=C12;C1C=CC=CC=C(C=O)C#C1;C12C=CC=CC=C(C=O)C=C1C=C2;CC=CC=CC=C(C=O)C=C;CC=CC=CC#CC=O;CC=CC=CC=C(C=O)C#C;C1C=CC=CC=C(C=O)C=C1C=C;C1C=CC=CC=C(C=O)C=C1C#C;O=CC=CC#CC=O;CC=CC1=CC=CC=C1;O=C(O)C1=CC=CC=C1C=O;COC=CC1=CC=CC=C1;COC1=CC=CC=C1;CC1=CC=CC=C1
m_55fde0,COC=CC=CC=CC=O;C1OC=CC=CC=C1C=O;COC=CC1=CC=CC=C1C=O;COC1=CC=CC=C1C=O;C1OC=CC=CC=C(C=O)C=C1;COC=CC=CC1=C(C=O)C=C1;C12OC=CC=CC=C(C=O)C=C1C=C2;C1OC=CC=CC2=C(C=O)C=C12;C1OC=CC=CC2=C(C=O)C=C2C=C1;COC=CC=C1C=C(C=O)C=C1;C12OC=CC=CC=C(C3=O)C=C1C=C23;C1OC=CC=CC2=C(C3=O)C=C2C=C13;C12OC=CC=CC=C(C=O)C3=C1C=C23;C1OC=CC=CC2=C(C=O)C3=C2C=C13;C12OC=CC=CC=C(C=O)C=C1C#C2;C1OC=CC=CC=C(C2=O)C=C12;C1OC=CC=CC=C(C=O)C=C1C#C;COC=CC=CC=C(C=O)C#C;C1OC=CC=CC=C(C=O)C=C1C=C;COC=CC=CC#CC=O;COC=CC=CC1=C(C=O)C=C1C#C;CCC(C)CCC(=O)O;COC=CC1=CC=CC=C1;COC1=CC=CC=C1;CCO
m_5667e2,COC=CC1=CC=CC=C1C=O;COC1=CC=CC=C1C=O;O=C(O)COC1=CC=CC=C1C=O;COC=CC1=CC=CC=C1;COC1=CC=CC=C1;CCO;CCO;CCO;CCO;CCO;CCO;CCO;CCO;CCO;CCO;CCO;CCO;CCO;CCO;CCO;CCO;CCO;CCO;CCO;CCO
m_568a04,CCC=CC=CC=CC=O;C1CC=CC=CC=C1C=O;C1CC=CC=CC=C(C=O)C=C1;COC=CC=CC=CC=CC=O;CCC=CC=CC1=C(C=O)C=C1;C1OC=CC=CC=CC=C(C=O)C=C1;C1CC=CC=CC2=C(C=O)C=C12;C1OC=CC=CC=CC=C(C=O)C1;C1OC=CC=CC=CC2=C(C=O)C=C12;C12CC=CC=CC=C(C=O)C=C1C=C2;C1CC=CC=CC=C(C2=O)C=C12;C1OC=CC=CC=CC=C(C2=O)C=C12;C1OC=CC=CC=C2C=C(C=O)C12;C12CC=CC=CC=C(C3=O)C=C1C=C23;C12CC=CC=CC=C(C=O)C3=C1C=C23;C1CC=CC=CC=C(C=O)C#C1;C12CC=CC=CC=C(C=O)C=C1C#C2;CCC=CC=CC=C(C=O)C#C;COC=CC=CC=CC=C(C=O)C#C;C1CC=CC=CC=C(C=O)C=C1C#C;COC=CC=CC=CC=C(C=O)C;CCC=CC=CC#CC=O;CCO;CCO;CCO
m_56bcbe,COC=CC=CC=CC=O;CC=CC1=CC=CC=C1C=O;COC=CC1=CC=CC=C1C=O;COC1=CC=CC=C1C=O;C1OC=CC=CC=C1C=O;COC=CC=C1C=C(C=O)C1;COC=CC=CC#CC=O;COC=CC1=CC=CC=C1;CC=CC1=CC=CC=C1;COC1=CC=CC=C1;CCO;CCO;CCO;CCO;CCO;CCO;CCO;CCO;CCO;CCO;CCO;CCO;CCO;CCO;CCO
m_572a36,COC=CC1=CC=CC=C1C=O;COC1=CC=CC=C1C=O;O=C(O)C1=CC=CC=C1C=O;O=C(O)C=CC1=CC=CC=C1C=O;COC=CC1=CC=CC=C1;COC1=CC=CC=C1;O=C(O)C=CC=C;CCO;CCO;CCO;CCO;CCO;CCO;CCO;CCO;CCO;CCO;CCO;CCO;CCO;CCO;CCO;CCO;CCO;CCO
m_57bec0,CC=CC=CC=CC=O;CC=CC1=CC=CC=C1C=O;C1C=CC=CC=C1C=O;O=CC=CC=CC=O;COC1=CC=CC=C1C=O;COC=CC1=CC=CC=C1C=O;CC1=CC=CC=C1C=O;C1C=CC=CC=C(C=O)C=C1;CC=CC=CC1=C(C=O)C=C1;C12C=CC=CC=C(C=O)C=C1C=C2;C=1C=CC=CC=C(C=O)C=C=1;C12C=CC=CC=C(C3=O)C=C1C=C23;CC=CC=CC=C(C=O)C=C;C12C=CC=CC=C(C=O)C3=C1C=C23;C12C=CC=CC=C(C=O)C=C1C#C2;C1C=CC=CC=C(C=O)C#C1;CC=CC=CC#CC=O;C1C=CC=CC=C(C=O)C=C1C#C;CC=CC=CC=C(C=O)C#C;C1C=CC=CC=C(C=O)C=C1C=C;CC=CC1=CC=CC=C1;COC=CC1=CC=CC=C1;O=CC1=CC=CC=C1;O=CC1=CC=CC=C1C=O;COC1=CC=CC=C1
m_57f31b,COC1=CC=CC=C1C=O;COC=CC1=CC=CC=C1C=O;COC=CC=CC=CC=CC=O;C1OC=CC=CC=CC=C1C=O;C1OC=CC=CC=CC=C(C=O)C=C1;C1OC=CC=CC=CC2=C(C=O)C=C12;C1OC=CC=CC=CC=C(C2=O)C=C12;C1OC=CC=CC=CC=C(C=O)C#C1;COC=CC=CC=CC#CC=O;COC=CC=CC=C1C=C1C=O;COC=CC=CC=CC=C(C=O)C#C;COC=CC=CC=CC=C(C=O)C=C;COC=CC1=CC=CC=C1;COC1=CC=CC=C1;CCO;CCO;CCO;CCO;CCO;CCO;CCO;CCO;CCO;CCO;CCO
m_59b1bd,COC=CC=CC=CC=O;CC=CC1=CC=CC=C1C=O;C1OC=CC=CC=C1C=O;COC1=CC=CC=C1C=O;C1OC=CC=CC=C(C=O)C=C1;COC=CC1=CC=CC=C1C=O;COC=CC=CC1=C(C=O)C=C1;C1OC=CC=CC2=C(C=O)C=C12;C12OC=CC=CC=C(C=O)C=C1C=C2;C1OC=CC=CC2=C(C=O)C=C2C=C1;C12OC=CC=CC=C(C3=O)C=C1C=C23;C1OC=CC=CC2=C(C3=O)C=C2C=C13;C12OC=CC=CC=C(C=O)C3=C1C=C23;C1OC=CC=CC2=C(C=O)C3=C2C=C13;C1OC=CC=CC=C(C=O)C#C1;C12OC=CC=CC=C(C=O)C=C1C#C2;C1OC=CC=CC=C(C2=O)C=C12;C1OC=CC=CC2=C(C=O)C=C2C#C1;COC=CC=CC=C(C=O)C=C;C1OC=CC=CC=C(C=O)C=C1C#C;COC=CC=CC=C(C=O)C#C;COC=CC=CC#CC=O;C1OC=CC=CC=C(C=O)C=C1C=C;COC=CC=CC1=C(C=O)C=C1C#C;COC=CC1=CC=CC=C1
m_59bced,COC1=CC=CC=C1C=O;COC=CC1=CC=CC=C1C=O;O=C(O)COC1=CC=CC=C1C=O;COC=CC1=CC=CC=C1;COC1=CC=CC=C1;CCO;CCO;CCO;CCO;CCO;CCO;CCO;CCO;CCO;CCO;CCO;CCO;CCO;CCO;CCO;CCO;CCO;CCO;CCO;CCO
m_5ae66f,CC=CC=CC=CC=O;CC=CC1=CC=CC=C1C=O;C1C=CC=CC=C1C=O;COC=CC=CC=CC=O;C1C=CC=CC=C(C=O)C=C1;CC=CC=CC1=C(C=O)C=C1;CC1=CC=CC=C1C=O;C1OC=CC=CC=C(C=O)C=C1;COC=CC=CC1=C(C=O)C=C1;C12C=CC=CC=C(C=O)C=C1C=C2;COC1=CC=CC=C1C=O;C1OC=CC=CC2=C(C=O)C=C12;C12OC=CC=CC=C(C=O)C=C1C=C2;C12C=CC=CC=C(C3=O)C=C1C=C23;C12C=CC=CC=C(C=O)C3=C1C=C23;C12OC=CC=CC=C(C3=O)C=C1C=C23;C12C=CC=CC=C(C=O)C=C1C#C2;C12OC=CC=CC=C(C=O)C3=C1C=C23;C1OC=CC=CC=C(C2=O)C=C12;C12OC=CC=CC=C(C=O)C=C1C#C2;C1C=CC=CC=C(C=O)C=C1C;C1C=CC=CC=C(C=O)C=C1C#C;COC=CC=CC=C(C=O)C#C;CC=CC=CC=C(C=O)C#C;CC=CC=CC#CC=O
m_5bfac3,COC=CC=CC=CC=O;COC1=CC=CC=C1C=O;COC=CC1=CC=CC=C1C=O;C1OC=CC=CC=C(C=O)C=C1;C1OC=CC=CC=C1C=O;COC=CC=CC1=C(C=O)C=C1;C1OC=CC=CC2=C(C=O)C=C12;C12OC=CC=CC=C(C=O)C=C1C=C2;C1OC=CC=CC=C(C2=O)C=C12;C12OC=CC=CC=C(C3=O)C=C1C=C23;C12OC=CC=CC=C(C=O)C3=C1C=C23;C=1OC=CC=CC=C(C=O)C=C=1;C1OC=CC=CC=C(C=O)C#C1;C12OC=CC=CC=C(C=O)C=C1C#C2;COC=CC=CC=C(C=O)C=C;COC=CC=CC=C(C=O)C#C;C1OC=CC=CC=C(C=O)C=C1C#C;C1OC=CC=CC=C(C=O)C=C1C=C;COC=CC=CC#CC=O;COC=CC1=CC=CC=C1;CC=CC1=CC=CC=C1;COC1=CC=CC=C1;CCO;CCO;CCO
m_5c710b,COC=CC=CC=CC=O;COC=CC1=CC=CC=C1C=O;C1OC=CC=CC=C(C=O)C=C1;COC1=CC=CC=C1C=O;C1OC=CC=CC=C1C=O;COC=CC=CC1=C(C=O)C=C1;C1OC=CC=CC2=C(C=O)C=C12;C12OC=CC=CC=C(C=O)C=C1C=C2;COC=CC=CC=CC=CC=O;C12OC=CC=CC=C(C3=O)C=C1C=C23;C1OC=CC=CC=C(C2=O)C=C12;C12OC=CC=CC=C(C=O)C3=C1C=C23;O=C(O)C1=CC=CC=C1C=O;C12OC=CC=CC=C(C=O)C=C1C#C2;C1OC=CC=CC=C(C=O)C#C1;COC=CC=CC=C(C=O)C=C;COC=CC=CC=C(C=O)C#C;C1OC=CC=CC=C(C=O)C=C1C#C;C1OC=CC=CC=C(C=O)C=C1C=C;COC=CC=CC#CC=O;O=C(O)COC1=CC=CC=C1C=O;COC=CC1=CC=CC=C1;O=C(O)C1=CC=CC=C1;COC1=CC=CC=C1;O=C(O)C=CC=C
m_5c8d41,O=CC=CC=CC=O;O=CC=CC=CC=CC=O;CCC=CC1=CC=CC=C1C=O;CC=CC1=CC=CC=C1C=O;O=CC=CC=CC=C(C=O)C=C;O=CC=CC1=C(C=O)C=C1;O=CC1=CC=CC=C1C=O;O=CC=CC=CC1=C(C=O)C=C1;O=CC=CC=CC=C(C1=O)C=C1;O=CC=CC=CC=C(C=O)C#C;O=CC=CC=CC#CC=O;CCC1=CC=CC=C1C=O;CCC=CC1=CC=CC=C1;CC=CC1=CC=CC=C1;O=CC1=CC=CC=C1;CCC1=CC=CC=C1;CO;O;CCO;CCO;CCO;CCO;CCO;CCO;CCO
m_5da1ef,CC=CC=CC=CC=O;COC=CC=CC=CC=O;CC=CC1=CC=CC=C1C=O;C1C=CC=CC=C1C=O;COC1=CC=CC=C1C=O;C1OC=CC=CC=C1C=O;C1C=CC=CC=C(C=O)C=C1;CC=CC=CC1=C(C=O)C=C1;CC1=CC=CC=C1C=O;C1OC=CC=CC=C(C=O)C=C1;COC=CC=CC1=C(C=O)C=C1;COC=CC1=CC=CC=C1C=O;C12C=CC=CC=C(C=O)C=C1C=C2;C1OC=CC=CC2=C(C=O)C=C12;C12OC=CC=CC=C(C=O)C=C1C=C2;C1OC=CC=CC2=C(C=O)C=C2C=C1;C1OC=CC=CC=C(C2=O)C=C12;C12OC=CC=CC=C(C3=O)C=C1C=C23;C12OC=CC=CC=C(C=O)C3=C1C=C23;CC=CC=CC=C(C=O)C=C;C1OC=CC=CC=C(C=O)C#C1;C12OC=CC=CC=C(C=O)C=C1C#C2;COC=CC=CC=C(C=O)C=C;C1C=CC=CC=C(C=O)C=C1C;C1C=CC=CC=C(C=O)C=C1C#C
m_5dda21,CC=CC=CC=CC=O;COC=CC=CC=CC=O;CC=CC1=CC=CC=C1C=O;C1C=CC=CC=C1C=O;C1OC=CC=CC=C1C=O;C1C=CC=CC=C(C=O)C=C1;CC=CC=CC1=C(C=O)C=C1;CC1=CC=CC=C1C=O;C1OC=CC=CC=C(C=O)C=C1;COC=CC=CC1=C(C=O)C=C1;C12C=CC=CC=C(C=O)C=C1C=C2;C1C=CC=CC2=C(C=O)C=C2C=C1;COC1=CC=CC=C1C=O;C1OC=CC=CC2=C(C=O)C=C12;C12OC=CC=CC=C(C=O)C=C1C=C2;C12C=CC=CC=C(C3=O)C=C1C=C23;C12C=CC=CC=C(C=O)C3=C1C=C23;C12OC=CC=CC=C(C3=O)C=C1C=C23;C12C=CC=CC=C(C=O)C=C1C#C2;C12OC=CC=CC=C(C=O)C3=C1C=C23;C1OC=CC=CC=C(C2=O)C=C12;C12OC=CC=CC=C(C=O)C=C1C#C2;C1C=CC=CC=C(C=O)C=C1C#C;COC=CC=CC=C(C=O)C#C;CC=CC=CC1=C(C=O)C=C1C#C
m_5fef1c,COC1=CC=CC=C1C=O;O=C(O)COC1=CC=CC=C1C=O;O=C(O)C1=CC=CC=C1;COC1=CC=CC=C1;O;CCO;CCO;CCO;CCO;CCO;CCO;CCO;CCO;CCO;CCO;CCO;CCO;CCO;CCO;CCO;CCO;CCO;CCO;CCO;CCO
m_6007c7,COC=CC=CC=CC=O;C1OC=CC=CC=C1C=O;C1OC=CC=CC=C(C=O)C=C1;COC=CC=CC1=C(C=O)C=C1;COC1=CC=CC=C1C=O;COC=CC=C1C=C(C=O)C1;C1OC=CC=CC2=C(C=O)C=C12;C12OC=CC=CC=C(C=O)C=C1C=C2;C1OC=CC=CC=C(C2=O)C=C12;C12OC=CC=CC=C(C3=O)C=C1C=C23;C12OC=CC=CC=C(C=O)C3=C1C=C23;C1OC=CC=CC=C(C=O)C#C1;C12OC=CC=CC=C(C=O)C=C1C#C2;COC=CC=CC=C(C=O)C=C;COC=CC=CC=C(C=O)C#C;C1OC=CC=CC=C(C=O)C=C1C#C;C1OC=CC=CC=C(C=O)C=C1C=C;COC=CC=CC#CC=O;COC=CC1=CC=CC=C1;CCO;CCO;CCO;CCO;CCO;CCO
m_60e7b1,COC=CC=CC=CC=O;CC=CC1=CC=CC=C1C=O;COC1=CC=CC=C1C=O;C1OC=CC=CC=C1C=O;C1OC=CC=CC=C(C=O)C=C1;COC=CC=CC1=C(C=O)C=C1;C1OC=CC=CC2=C(C=O)C=C12;C12OC=CC=CC=C(C=O)C=C1C=C2;C1OC=CC=CC2=C(C=O)C=C2C=C1;C1OC=CC=CC=C(C2=O)C=C12;C12OC=CC=CC=C(C3=O)C=C1C=C23;C12OC=CC=CC=C(C=O)C3=C1C=C23;C1OC=CC=CC=C(C=O)C#C1;C12OC=CC=CC=C(C=O)C=C1C#C2;COC=CC=CC=C(C=O)C=C;C1OC=CC=CC=C(C=O)C=C1C#C;COC=CC=CC=C(C=O)C#C;COC=CC=CC#CC=O;C1OC=CC=CC=C(C=O)C=C1C=C;COC=CC=CC1=C(C=O)C=C1C#C;COC=CC=CC1=C(C=O)C=C1C=C;COC=CC1=CC=CC=C1;CC=CC1=CC=CC=C1;COC1=CC=CC=C1;CCO
m_6105c1,CC=CC=CC=CC=O;CCC=CC1=CC=CC=C1C=O;COC=CC=CC=CC=O;C1C=CC=CC=C1C=O;C1OC=CC=CC=C(C=O)C=C1;C1C=CC=CC=C(C=O)C=C1;C1OC=CC=CC=C1C=O;CC1=CC=CC=C1C=O;COC=CC=CC1=C(C=O)C=C1;O=CC=CC=CC=O;CC=CC=CC1=C(C=O)C=C1;COC1=CC=CC=C1C=O;CCC(C)CCCC(=O)NCC=CC1=CC2=CC=C1C=C2;CCC(C)CCCC(=O)NCC=CC1=CC=CC2=C1C=CC=C2;CCC(C)CCCC(=O)NCCC=CC1=CC2=CC=C1C=C2;C1OC=CC=CC2=C(C=O)C=C12;CCC(C)CCCC(=O)NCCC1=CC=CC2=C1C=CC=C2;C12OC=CC=CC=C(C=O)C=C1C=C2;CCC(C)CCCC(=O)NCC1=CC=CC2=C1C=CC=C2;C1C=CC=CC2=C(C=O)C=C12;C1OC=CC=CC=C(C2=O)C=C12;CC1C(C)CCCC(=O)NCC=CC2=CC3=CC=C2C=C3C=C1;CCC(C)CCCC(=O)NCC=CC1=CC=CC=C1;C1C=CC=CC=C(C2=O)C=C12;CC1C(C)CCCC(=O)NCC=CC2=CC=CC3=C2C=CC=C31
m_610a9f,CC=CC=CC=CC=O;COC=CC=CC=CC=O;C1C=CC=CC=C1C=O;C1OC=CC=CC=C1C=O;C1C=CC=CC=C(C=O)C=C1;CC=CC=CC1=C(C=O)C=C1;CC1=CC=CC=C1C=O;C1OC=CC=CC=C(C=O)C=C1;C12C=CC=CC=C(C=O)C=C1C=C2;COC=CC=CC=CC=CC=O;COC=CC=CC1=C(C=O)C=C1;COC1=CC=CC=C1C=O;C12C=CC=CC=C(C3=O)C=C1C=C23;C12OC=CC=CC=C(C=O)C=C1C=C2;C12C=CC=CC=C(C=O)C3=C1C=C23;COC=CC=CC=C(C1=O)C=CC=C1;C12OC=CC=CC=C(C3=O)C=C1C=C23;C12OC=CC=CC=C(C=O)C=C1C2;C12C=CC=CC=C(C=O)C=C1C#C2;C1OC=CC=CC=C(C=O)C=C1C;C12OC=CC=CC=C(C=O)C3=C1C=C23;C12OC=CC=CC=C(C=O)C=C1C#C2;C1C=CC=CC=C(C=O)C=C1C#C;CC=CC=CC=C(C=O)C#C;CC=CC=CC#CC=O
m_612431,CC=CC=CC=CC=O;CC=CC1=CC=CC=C1C=O;C1C=CC=CC=C1C=O;CC1=CC=CC=C1C=O;CC=CC=CC1=C(C=O)C=C1;C1C=CC=CC2=C(C=O)C=C2C=C1;C1C=CC=CC2=C(C3=O)C=C2C=C13;C1C=CC=CC2=C(C=O)C3=C2C=C13;CC=CC=CC=C(C=O)C=C;C1C=CC=CC2=C(C=O)C=C2C#C1;CC=CC=CC#CC=O;CC=CC=CC1=C(C=O)C=C1C#C;CC=CC=CC1=C(C=O)C=C1C=C;CCC=CC1=CC=CC=C1;CC=CC1=CC=CC=C1;CCC=CC1=CC=CC=C1C=O;CCC1=CC=CC=C1C=O;CCC1=CC=CC=C1;CCO;CCO;CCO;CCO;CCO;CCO;CCO
m_62973b,COC=CC1=CC=CC=C1C=O;CCC(C)CCCCC(=O)NCCCC1=CC2=CC=C1C=C2;CCC(C)CCCCC(=O)NCCCC1=CC=CC2=C1C=CC=C2;CCC(C)CCCCC(=O)NCC1CC=CC2=C1C=CC=C2;CCC(C)CCCCC(=O)NCCCC1=CC=CC=C1;CCC(C)C1CCCC(=O)NCCCC2=CC=CC3=C2C=CC=C3C=C1;CCC1(C)CCCCC(=O)NCCCC2=CC=CC=C2C=CC=C1;CCC(C)CCCCC(=O)NCCCC1=C2C=CC=C1C=C2;CCC1(C)CCCCC(=O)NCCCC2=CC=CC3=C2C=CC=C31;CCC(C)CCCCC(=O)NCCCC1=C2C=CC=C1C2;CC1C(C)CCCCC(=O)NCCCC2=CC=CC3=C2C=CC=C31;CCC1(C)CCCCC(=O)NCCCC2=CC3=CC=C2C=C3C=C1;CCC(C)CCCCC(=O)NCCCC1=CC=C2C=C1C=CC=C2;C1CC(C)CCCCC(=O)NCCCC2=CC3=CC=C2C=C31;CCC(C)CCCCC(=O)NCCCC1=CC=CC=C1C=O;CCC(C)CCCCC(=O)NCCCC1=CC=CC2=C1C3=CC=C2C=C3;CCC(C)CCC1CC(=O)NCCCC2=CC=CC3=C2C4=CC=C3C=C14;CCC(C1)CCCCC(=O)NCCCC2=CC=CC3=C2C=CC=C3C=C1;CCC(C)CCCCC(=O)NCC1CC=CC=C1;CCC(C)CCCCC(=O)NCCCC1=C2C=CC=C1C2C=O;CCC(C)CCCC1C(=O)NCCCC2=CC=CC3=C2C=CC=C3C=C1;CCC(C)CCCCC(=O)NCCCC1=CC=CC2=C1C=CC=C2C=C;CCC(C)C=1CCCC(=O)NCCCC2=CC=CC3=C2C=CC=C3C=C=1;CCC(C)CCC1CC(=O)NCCCC2=CC=CC3=C2C=CC4=C3C=C14;CCC(C)C1CC2CC(=O)NCCCC3=CC=CC4=C3C=CC=C4C=C12
m_62dd85,CCC1=CC=CC=C1C=O;COC1=CC=CC=C1C=O;COC=CC1=CC=CC=C1C=O;O=CC=CC=CC=O;O=CC=CC=CC=CC=O;COC=CC1=CC=CC=C1;O=CC1=CC=CC=C1;COC1=CC=CC=C1;CCC1=CC=CC=C1;O=CC1=CC=CC=C1C=O;CCO;CCO;CCO;CCO;CCO;CCO;CCO;CCO;CCO;CCO;CCO;CCO;CCO;CCO;CCO
m_637284,CC=CC=CC=CC=O;COC=CC=CC=CC=O;CC=CC1=CC=CC=C1C=O;C1C=CC=CC=C1C=O;C1C=CC=CC=C(C=O)C=C1;C1OC=CC=CC=C(C=O)C=C1;CC1=CC=CC=C1C=O;COC=CC=CC1=C(C=O)C=C1;CC=CC=CC1=C(C=O)C=C1;COC1=CC=CC=C1C=O;C1OC=CC=CC2=C(C=O)C=C12;COC=CC=CC=CC=CC=O;C12OC=CC=CC=C(C=O)C=C1C=C2;C12C=CC=CC=C(C=O)C=C1C=C2;C1OC=CC=CC=C(C2=O)C=C12;C12OC=CC=CC=C(C3=O)C=C1C=C23;C12C=CC=CC=C(C3=O)C=C1C=C23;C12OC=CC=CC=C(C=O)C3=C1C=C23;C12C=CC=CC=C(C=O)C3=C1C=C23;C12OC=CC=CC=C(C=O)C=C1C#C2;C12C=CC=CC=C(C=O)C=C1C#C2;C1OC=CC=CC=C(C=O)C#C1;COC=CC=CC=C(C=O)C=C;COC=CC=CC=C(C=O)C#C;C1OC=CC=CC=C(C=O)C=C1C#C
m_64030c,COC=CC=CC=CC=O;CC=CC1=CC=CC=C1C=O;C1OC=CC=CC=C1C=O;COC=CC=CC=CC=CC=O;C1OC=CC=CC=C(C=O)C=C1;COC=CC=CC1=C(C=O)C=C1;COC1=CC=CC=C1C=O;C1OC=CC=CC2=C(C=O)C=C12;C12OC=CC=CC=C(C=O)C=C1C=C2;C1OC=CC=CC2=C(C=O)C=C2C=C1;C1OC=CC=CC=C(C2=O)C=C12;C12OC=CC=CC=C(C3=O)C=C1C=C23;C12OC=CC=CC=C(C=O)C3=C1C=C23;C1OC=CC=CC=C(C=O)C#C1;C12OC=CC=CC=C(C=O)C=C1C#C2;COC=CC=CC=C(C=O)C=C;COC=CC=CC=C(C=O)C#C;C1OC=CC=CC=C(C=O)C=C1C#C;COC=CC=CC#CC=O;C1OC=CC=CC=C(C=O)C=C1C=C;COC=CC=CC1=C(C=O)C=C1C#C;COC=CC1=CC=CC=C1;CC=CC1=CC=CC=C1;COC1=CC=CC=C1;CCO
m_64306c,COC1=CC=CC=C1C=O;COC=CC1=CC=CC=C1C=O;COC=CC=CC=CC=CC=O;C1OC=CC=CC=CC=C1C=O;C1OC=CC=CC=CC=C(C=O)C=C1;C1OC=CC=CC=CC2=C(C=O)C=C12;C1OC=CC=CC=CC=C(C2=O)C=C12;COC=CC=CC=CC#CC=O;C1OC=CC=CC=CC=C(C=O)C#C1;COC=CC=CC=C1C=C1C=O;COC=CC=CC=CC=C(C=O)C#C;COC=CC=CC=CC=C(C=O)C=C;COC=CC1=CC=CC=C1;COC1=CC=CC=C1;CCO;CCO;CCO;CCO;CCO;CCO;CCO;CCO;CCO;CCO;CCO
m_65a7ff,CC=CC=CC=CC=O;COC=CC=CC=CC=O;CC=CC1=CC=CC=C1C=O;C1C=CC=CC=C1C=O;C1OC=CC=CC=C1C=O;C1C=CC=CC=C(C=O)C=C1;CC=CC=CC1=C(C=O)C=C1;CC1=CC=CC=C1C=O;C12C=CC=CC=C(C=O)C=C1C=C2;C1C=CC=CC2=C(C=O)C=C2C=C1;C12C=CC=CC=C(C3=O)C=C1C=C23;C12C=CC=CC=C(C=O)C3=C1C=C23;C12C=CC=CC=C(C=O)C=C1C#C2;C1C=CC=CC=C(C=O)C=C1C#C;CC=CC=CC1=C(C=O)C=C1C#C;CC=CC=CC=C(C=O)C#C;CC=CC=CC#CC=O;CC=CC=CC1=C(C=O)C=C1C=C;C1C=CC=CC=C(C=O)C=C1C=C;COC=CC=CC#CC=O;CC=CC1=CC=CC=C1;COC1=CC=CC=C1;CCO;CCO;CCO
m_6817b1,COC=CC=CC=CC=O;COC1=CC=CC=C1C=O;COC=CC1=CC=CC=C1C=O;C1OC=CC=CC=C(C=O)C=C1;COC=CC=CC1=C(C=O)C=C1;C1OC=CC=CC2=C(C=O)C=C12;C12OC=CC=CC=C(C=O)C=C1C=C2;C12OC=CC=CC=C(C3=O)C=C1C=C23;C12OC=CC=CC=C(C=O)C3=C1C=C23;C1OC=CC=CC=C(C2=O)C=C12;O=C(O)COC1=CC=CC=C1C=O;C12OC=CC=CC=C(C=O)C=C1C#C2;COC=CC=CC=C(C=O)C#C;C1OC=CC=CC=C(C=O)C=C1C#C;C1OC=CC=CC=C(C=O)C=C1C=C;O=C(O)C=CC1=CC=CC=C1C=O;COC=CC1=CC=CC=C1;COC1=CC=CC=C1;O;CCO;CCO;CCO;CCO;CCO;CCO
m_6b66aa,COC=CC=CC=CC=O;CC=CC1=CC=CC=C1C=O;O=CC=CC=CC=O;O=C(O)C1=CC=CC=C1C=O;C1OC=CC=CC=C1C=O;O=CC=CC=C(C=O)C=C;O=CC=CC1=C(C=O)C=C1;O=C(O)COC1=CC=CC=C1C=O;COC1=CC=CC=C1C=O;C1OC=CC=CC=C(C=O)C=C1;COC=CC=CC1=C(C=O)C=C1;O=C(O)COC=CC1=CC=CC=C1C=O;O=CC=CC=C(C=O)C=CC=C;C1OC=CC=CC2=C(C=O)C=C12;O=CC=CC=C(C=O)C#C;O=C(O)C=CC1=CC=CC=C1C=O;C1OC=CC=CC=C(C2=O)C=C12;O=CC=CC=C(C1=O)C=CC=C1;O=CC=CC=C(C1=O)C=C1;COC=CC=CC=C(C=O)C#C;C=1OC=CC=CC=C(C=O)C=C=1;C1OC=CC=CC=C(C=O)C#C1;O=CC=CC=C(C=O)C1=CC=C1;COC=CC=C1C=C1C=O;COC=CC=CC=C(C=O)C=C
m_6d224e,CCC=CC1=CC=CC=C1C=O;CCC1=CC=CC=C1C=O;COC=CC1=CC=CC=C1C=O;O=CC=CC=CC=CC=O;CCC=CC1=CC=CC=C1;O=CC1=CC=CC=C1;CCC1=CC=CC=C1;O=CC1=CC=CC=C1C=O;O=CC=CC=CC=O;CCO;CCO;CCO;CCO;CCO;CCO;CCO;CCO;CCO;CCO;CCO;CCO;CCO;CCO;CCO;CCO
m_6d3dc0,COC=CC=CC=CC=O;COC1=CC=CC=C1C=O;C1OC=CC=CC=C1C=O;C1OC=CC=CC=C(C=O)C=C1;COC=CC=CC1=C(C=O)C=C1;C1OC=CC=CC2=C(C=O)C=C12;C12OC=CC=CC=C(C=O)C=C1C=C2;CCC(C)CCCC(=O)NCCC1=CC=CC2=C1C=CC=C2;C1OC=CC=CC=C(C2=O)C=C12;CCC(C)CCCC(=O)NCCCC1=CC=CC2=C1C=CC=C2;CCC(C)CCCC(=O)NCCCC1=CC2=CC=C1C=C2;C12OC=CC=CC=C(C3=O)C=C1C=C23;CCC(C)CCCC(=O)NCCC1=CC2=CC=C1C=C2;CCC(C)CCCC(=O)NCCC1=CC=CC=C1;CCC(C)CCCC(=O)NCCC1=CC=C2C=C1C=CC=C2;CCC1(C)CCCC(=O)NCCC2=CC=CC3=C2C=CC=C3C=C1;C12OC=CC=CC=C(C=O)C3=C1C=C23;CCC(C)CCCC(=O)NCCCC1=CC=CC=C1;CC1C(C)CCCC(=O)NCCC2=CC=CC3=C2C=CC=C3C=C1;C12OC=CC=CC=C(C=O)C=C1C#C2;CCC(C1)CCCC(=O)NCCCC2=CC=CC3=C2C=CC=C3C=C1;CCC(C)CCCC(=O)NCCCC1=CC=C2C=C1C=CC=C2;CCC(C)CCCC(=O)NCCC1=CC2=CC=C1C=C2C=O;CCC(C)CCCC(=O)NCCC1=CC=CC2=C1C=CC=C2C;CCC(C)CCCC(=O)NCCCC1=CC=CC=C1C=O
m_6d9287,CC=CC=CC=CC=O;COC=CC=CC=CC=O;CC=CC1=CC=CC=C1C=O;C1C=CC=CC=C1C=O;C1OC=CC=CC=C1C=O;C1C=CC=CC=C(C=O)C=C1;CC=CC=CC1=C(C=O)C=C1;CC1=CC=CC=C1C=O;COC1=CC=CC=C1C=O;CC=CC=C1C=C(C=O)C=C1;C1C=CC=CC2=C(C=O)C=C12;C12C=CC=CC=C(C=O)C=C1C=C2;C1C=CC=CC=C(C2=O)C=C12;C12C=CC=CC=C(C3=O)C=C1C=C23;C1C=CC=CC=C(C=O)C#C1;C12C=CC=CC=C(C=O)C3=C1C=C23;C12C=CC=CC=C(C=O)C=C1C#C2;CC=CC=CC=C(C=O)C=C;C1C=CC=CC=C(C=O)C=C1C;C1C=CC=CC=C(C=O)C=C1C#C;CC=CC=CC#CC=O;CC=CC=CC=C(C=O)C#C;COC=CC=CC#CC=O;C1C=CC=CC=C(C=O)C=C1C=C;COC=CC1=CC=CC=C1
m_6e1c94,CC=CC=CC=CC=O;COC=CC=CC=CC=O;CC=CC1=CC=CC=C1C=O;C1C=CC=CC=C1C=O;C1C=CC=CC=C(C=O)C=C1;CC=CC=CC1=C(C=O)C=C1;CC1=CC=CC=C1C=O;C1OC=CC=CC=C(C=O)C=C1;COC=CC=CC1=C(C=O)C=C1;COC1=CC=CC=C1C=O;CC=CC=C1C=C(C=O)C=C1;C1OC=CC=CC2=C(C=O)C=C12;C1C=CC=CC2=C(C=O)C=C12;C12C=CC=CC=C(C=O)C=C1C=C2;C12OC=CC=CC=C(C=O)C=C1C=C2;C1C=CC=CC=C(C2=O)C=C12;C12C=CC=CC=C(C3=O)C=C1C=C23;C12OC=CC=CC=C(C3=O)C=C1C=C23;C1C=CC=CC=C(C=O)C#C1;C12C=CC=CC=C(C=O)C3=C1C=C23;C12OC=CC=CC=C(C=O)C3=C1C=C23;C12C=CC=CC=C(C=O)C=C1C#C2;C1OC=CC=CC=C(C2=O)C=C12;C12OC=CC=CC=C(C=O)C=C1C#C2;CC=CC=CC=C(C=O)C=C
m_6ebcf9,CC=CC1=CC=CC=C1C=O;CC=CC=CC=CC=O;CCC=CC=CC=CC=O;CCC1=CC=CC=C1C=O;C1C=CC=CC=C1C=O;CCC=CC1=CC=CC=C1C=O;C1CC=CC=CC=C(C=O)C=C1;CCC=CC=CC1=C(C=O)C=C1;O=CC=CC=CC=O;CC1=CC=CC=C1C=O;CC=CC=CC1=C(C=O)C=C1;C1C=CC=CC=C(C=O)C=C1;C1CC=CC=CC=C(C=O)C=CC=C1;COC1=CC=CC=C1C=O;COC=CC1=CC=CC=C1C=O;C1CC=CC=CC2=C(C=O)C=C12;C12CC=CC=CC=C(C=O)C=C1C=C2;CC=CC=C1C=C(C=O)C=C1;C1CC=CC=CC=C(C2=O)C=C12;C12C=CC=CC=C(C=O)C=C1C=C2;C12CC=CC=CC=C(C3=O)C=C1C=C23;CCC(C)CCCCC(=O)NCCC=CC1=CC2=CC=C1C=C2;CCC(C)CCCCC(=O)NCCC1=CC=CC2=C1C=CC=C2;C12CC=CC=CC=C(C=O)C3=C1C=C23;CCC(C)CCCCC(=O)NCCC1=CC2=CC=C1C=C2
m_6f127a,COC=CC=CC=CC=O;COC=CC1=CC=CC=C1C=O;C1OC=CC=CC=C1C=O;COC=CC=CC=CC=CC=O;COC1=CC=CC=C1C=O;C1OC=CC=CC=C(C=O)C=C1;COC=CC=CC1=C(C=O)C=C1;C1OC=CC=CC=CC=C1C=O;COC=CC=C1C=C(C=O)C1;C1OC=CC=CC2=C(C=O)C=C12;C12OC=CC=CC=C(C=O)C=C1C=C2;C1OC=CC=CC=CC=C(C=O)C=C1;C1OC=CC=CC2=C(C=O)C=C2C=C1;C12OC=CC=CC=C(C3=O)C=C1C=C23;C1OC=CC=CC=C(C2=O)C=C12;C1OC=CC=CC=CC2=C(C=O)C=C12;C12OC=CC=CC=C(C=O)C3=C1C=C23;C1OC=CC=CC=CC=C(C2=O)C=C12;C12OC=CC=CC=C(C=O)C=C1C#C2;C1OC=CC=CC=C(C=O)C#C1;COC=CC=CC=CC#CC=O;C1OC=CC=CC=CC=C(C=O)C#C1;COC=CC=CC=C(C=O)C=C;COC=CC=CC=C1C=C1C=O;COC=CC=CC=C(C=O)C#C
m_6f3a5c,CC=CC=CC=CC=O;CC=CC1=CC=CC=C1C=O;C1C=CC=CC=C1C=O;COC1=CC=CC=C1C=O;C1C=CC=CC=C(C=O)C=C1;CC=CC=CC1=C(C=O)C=C1;CC1=CC=CC=C1C=O;C1C=CC=CC2=C(C=O)C=C12;COC=CC1=CC=CC=C1C=O;C12C=CC=CC=C(C=O)C=C1C=C2;C1C=CC=CC=C(C2=O)C=C12;C12C=CC=CC=C(C3=O)C=C1C=C23;C1C=CC=CC=C(C=O)C#C1;C12C=CC=CC=C(C=O)C3=C1C=C23;C12C=CC=CC=C(C=O)C=C1C#C2;CC=CC=CC=C(C=O)C=C;C1C=CC=CC=C(C=O)C=C1C#C;CC=CC=CC=C(C=O)C#C;CC=CC=CC#CC=O;C1C=CC=CC=C(C=O)C=C1C=C;COC=CC1=CC=CC=C1;CC=CC1=CC=CC=C1;COC1=CC=CC=C1;CCO;CCO
m_6f414f,CC=CC=CC=CC=O;COC=CC=CC=CC=O;C1C=CC=CC=C1C=O;CC=CC1=CC=CC=C1C=O;C1C=CC=CC=C(C=O)C=C1;C1OC=CC=CC=C1C=O;CC=CC=CC1=C(C=O)C=C1;CC1=CC=CC=C1C=O;O=CC=CC=CC=O;C12C=CC=CC=C(C=O)C=C1C=C2;COC=CC1=CC=CC=C1C=O;CC=CC=C1C=C(C=O)C=C1;C1C=CC=CC2=C(C=O)C=C2C=C1;C12C=CC=CC=C(C3=O)C=C1C=C23;C12C=CC=CC=C(C=O)C3=C1C=C23;C12C=CC=CC=C(C=O)C=C1C#C2;C1C=CC=CC=C(C=O)C=C1C#C;C1C=CC=CC=C(C=O)C=C1C;CC=CC=CC=C(C=O)C#C;C1C=CC=CC=C(C=O)C=C1C=C;CC=CC=CC#CC=O;COC=CC=CC#CC=O;CC=CC=CC1=C(C=O)C=C1C#C;CC=CC=CC1=C(C=O)C=C1C=C;CC=CC1=CC=CC=C1
m_6f45e5,CC=CC=CC=CC=O;COC=CC=CC=CC=O;C1C=CC=CC=C1C=O;C1C=CC=CC=C(C=O)C=C1;C1OC=CC=CC=C1C=O;CC=CC=CC1=C(C=O)C=C1;C12C=CC=CC=C(C=O)C=C1C=C2;CC1=CC=CC=C1C=O;C1C=CC=CC2=C(C=O)C=C2C=C1;COC1=CC=CC=C1C=O;C12C=CC=CC=C(C3=O)C=C1C=C23;C12C=CC=CC=C(C=O)C3=C1C=C23;C12C=CC=CC=C(C=O)C=C1C#C2;C1C=CC=CC=C(C=O)C=C1C#C;CC=CC=CC1=C(C=O)C=C1C#C;CC=CC=CC=C(C=O)C#C;CC=CC=CC#CC=O;C1C=CC=CC=C(C=O)C=C1C=C;COC=CC=CC#CC=O;COC=CC1=CC=CC=C1;CC=CC1=CC=CC=C1;CCO;CCO;CCO;CCO
m_70464b,CCC=CC1=CC=CC=C1C=O;CCC1=CC=CC=C1C=O;COC=CC1=CC=CC=C1C=O;O=CC=CC=CC=CC=O;COC1=CC=CC=C1C=O;CC=CC1=CC=CC=C1C=O;O=CC=CC=CC=O;O=CC1=CC=CC=C1C=O;O=CC=CC=CC=C(C=O)C;O=CC=CC=C1C=C(C=O)C1;O=CC=CC=CC=C(C=O)CC=C;O=CC=CC=C1C=C1C=O;O=CC=CC=CC=C(C1=O)C1;O=CC=CC=CC=C(C=O)CC#C;O=CC=CC=CC=C(C1=O)C=C1;O=CC=CC=CC=C(C=O)C=C;O=CC=CC=CC#CC=O;O=CC=CC=CC=C(C1=O)CC1;COC=CC1=CC=CC=C1;CC=CC1=CC=CC=C1;CCC=CC1=CC=CC=C1;O=CC1=CC=CC=C1;COC1=CC=CC=C1;CC1=CC=CC=C1C=O;CCC1=CC=CC=C1
m_70fe91,COC=CC=CC=CC=O;CC=CC1=CC=CC=C1C=O;C1OC=CC=CC=C1C=O;COC1=CC=CC=C1C=O;C1OC=CC=CC=C(C=O)C=C1;COC=CC=CC1=C(C=O)C=C1;C1OC=CC=CC2=C(C=O)C=C12;C12OC=CC=CC=C(C=O)C=C1C=C2;C1OC=CC=CC2=C(C=O)C=C2C=C1;C1OC=CC=CC=C(C2=O)C=C12;C12OC=CC=CC=C(C3=O)C=C1C=C23;C12OC=CC=CC=C(C=O)C3=C1C=C23;C1OC=CC=CC=C(C=O)C#C1;C12OC=CC=CC=C(C=O)C=C1C#C2;COC=CC=CC=C(C=O)C=C;C1OC=CC=CC=C(C=O)C=C1C#C;COC=CC=CC=C(C=O)C#C;COC=CC=CC#CC=O;C1OC=CC=CC=C(C=O)C=C1C=C;COC=CC=CC1=C(C=O)C=C1C#C;COC=CC=CC1=C(C=O)C=C1C=C;COC=CC1=CC=CC=C1;CC=CC1=CC=CC=C1;COC1=CC=CC=C1;CCO
m_70ff2a,COC=CC=CC=CC=O;CC=CC1=CC=CC=C1C=O;COC1=CC=CC=C1C=O;C1OC=CC=CC=C1C=O;C1OC=CC=CC=C(C=O)C=C1;COC=CC=CC1=C(C=O)C=C1;C12OC=CC=CC=C(C=O)C=C1C=C2;COC=CC=CC=C(C1=O)C=CC=C1;C12OC=CC=CC=C(C3=O)C=C1C=C23;C12OC=CC=CC=C(C=O)C=C1C2;C1OC=CC=CC=C(C=O)C=C1C;C12OC=CC=CC=C(C=O)C3=C1C=C23;C12OC=CC=CC=C(C=O)C=C1C#C2;O=C(O)COC1=CC=CC=C1C=O;COC=CC=CC=C(C=O)C#C;C1OC=CC=CC=C(C=O)C=C1C#C;C1OC=CC=CC=C(C=O)C=C1C=C;COC=CC=CC#CC=O;O=C(O)C1=CC=CC=C1;COC=CC1=CC=CC=C1;CC=CC1=CC=CC=C1;COC1=CC=CC=C1;O;CCO;CCO
m_7108be,COC=CC1=CC=CC=C1C=O;O=C(O)C1=CC=CC=C1C=O;COC1=CC=CC=C1C=O;CCC(C)CCCC(=O)NCCC1=CC=CC2=C1C=CC=C2;O=C(O)C=CC1=CC=CC=C1C=O;CCC(C)CCCC(=O)NCCCC1=CC=CC2=C1C=CC=C2;CCC(C)CCCC(=O)NCCCC1=CC2=CC=C1C=C2;O=C(O)COC1=CC=CC=C1C=O;CCC(C)CCCC(=O)NCCC1=CC2=CC=C1C=C2;CCC(C)CCCC(=O)NCCC1=CC=CC=C1;CCC(C)CCCC(=O)NCCC1=CC=C2C=C1C=CC=C2;CCC1(C)CCCC(=O)NCCC2=CC=CC3=C2C=CC=C3C=C1;CCC(C)CCCC(=O)NCCCC1=CC=CC=C1;CC1C(C)CCCC(=O)NCCC2=CC=CC3=C2C=CC=C3C=C1;CCC(C)CCCC(=O)NCCC1=CC2=CC=C1C=C2C=O;CCC(C1)CCCC(=O)NCCCC2=CC=CC3=C2C=CC=C3C=C1;CCC(C)CCCC(=O)NCCCC1=CC=CC=C1C=O;CCC(C)CCCC(=O)NCCC1=CC=CC2=C1C=CC=C2C;CCC(C)CCCC(=O)NCCC1=CC=CC2=C1C3=CC=C2C=C3;CCC1(C)CCCC(=O)NCCCC2=CC=CC3=C2C=CC=C3C=C1;CCC(C)CCCC(=O)NCCCC1=CC=CC2=C1C3=CC=C2C=C3;CCC(C)CCCC(=O)NCCCC1=CC=CC2=C1C=CC=C2C;CCC(C)CC1CC(=O)NCCC2=CC=CC3=C2C=CC=C3C=C1;CCC1(C)C2CCC(=O)NCCC3=CC=CC4=C3C=CC=C4C=C1C=C2;CCC(C)CCCC(=O)NCC1C=CC=CC=C1
m_7125ae,COC=CC1=CC=CC=C1C=O;COC1=CC=CC=C1C=O;O=C(O)C1=CC=CC=C1C=O;O=C(O)COC1=CC=CC=C1C=O;O=C(O)CC1=CC=CC=C1C=O;O=C(O)C1=CC=CC=C1;COC=CC1=CC=CC=C1;COC1=CC=CC=C1;O;CCO;CCO;CCO;CCO;CCO;CCO;CCO;CCO;CCO;CCO;CCO;CCO;CCO;CCO;CCO;CCO
m_741f2c,COC1=CC=CC=C1C=O;COC=CC1=CC=CC=C1C=O;COC=CC=CC=CC=CC=O;C1OC=CC=CC=CC=C1C=O;C1OC=CC=CC=CC=C(C=O)C=C1;C1OC=CC=CC=CC2=C(C=O)C=C12;C1OC=CC=CC=CC=C(C2=O)C=C12;C1OC=CC=CC=CC=C(C=O)C#C1;COC=CC=CC=CC#CC=O;COC=CC=CC=C1C=C1C=O;COC=CC=CC=CC=C(C=O)C#C;COC=CC=CC=CC=C(C=O)C=C;COC=CC1=CC=CC=C1;COC1=CC=CC=C1;CCO;CCO;CCO;CCO;CCO;CCO;CCO;CCO;CCO;CCO;CCO
m_75100f,CCC=CC=CC=CC=O;CC=CC1=CC=CC=C1C=O;CCC=CC1=CC=CC=C1C=O;CC=CC=CC=CC=O;CCC1=CC=CC=C1C=O;C1CC=CC=CC=C(C=O)C=C1;CCC=CC=CC1=C(C=O)C=C1;COC=CC1=CC=CC=C1C=O;COC1=CC=CC=C1C=O;C1C=CC=CC=C1C=O;O=CC=CC=CC=O;C12CC=CC=CC=C(C=O)C=C1C=C2;CCC=CC=CC=C(C1=O)C=CC=C1;CC1=CC=CC=C1C=O;C12CC=CC=CC=C(C3=O)C=C1C=C23;C12CC=CC=CC=C(C=O)C=C1C2;C1CC=CC=CC=C(C=O)C=C1C;C12CC=CC=CC=C(C=O)C3=C1C=C23;C12CC=CC=CC=C(C=O)C=C1C#C2;CCC=CC=CC=C(C=O)C#C;C1CC=CC=CC=C(C=O)C=C1C#C;CC=CC1=CC=CC=C1;CC=CC=CC#CC=O;CCC=CC1=CC=CC=C1;O=CC1=CC=CC=C1C=O
m_75dece,CC=CC=CC=CC=O;CC=CC=CC=O;C1C=CC=CC=C1C=O;C1C=CC=CC=C(C=O)C=C1;CC=CC=CC1=C(C=O)C=C1;O=CC=CC=CC=O;COC=CC=CC=CC=O;CC=CC1=CC=CC=C1C=O;CC1=CC=CC=C1C=O;O=CC=CC=CC=CC=O;COC1=CC=CC=C1C=O;C1C=CC=CC2=C(C=O)C=C12;C1OC=CC=CC=C1C=O;C1OC=CC=CC=C(C=O)C=C1;C1C=CC=CC=C(C2=O)C=C12;COC=CC=CC1=C(C=O)C=C1;C1C=CC=CC=C(C=O)C#C1;COC=CC1=CC=CC=C1C=O;C12C=CC=CC=C(C=O)C=C1C=C2;C1C=CC=CC2=C(C=O)C=C2C=C1;C1OC=CC=CC2=C(C=O)C=C12;C12OC=CC=CC=C(C=O)C=C1C=C2;C1OC=CC=CC2=C(C=O)C=C2C=C1;C12C=CC=CC=C(C3=O)C=C1C=C23;C1OC=CC=CC=C(C2=O)C=C12
m_762dcf,CC=CC=CC=CC=O;COC=CC=CC=CC=O;C1C=CC=CC=C1C=O;CC=CC1=CC=CC=C1C=O;C1C=CC=CC=C(C=O)C=C1;C1OC=CC=CC=C1C=O;CC=CC=CC1=C(C=O)C=C1;CC1=CC=CC=C1C=O;O=CC=CC=CC=O;C1OC=CC=CC=C(C=O)C=C1;COC=CC1=CC=CC=C1C=O;COC=CC=CC1=C(C=O)C=C1;COC1=CC=CC=C1C=O;C12C=CC=CC=C(C=O)C=C1C=C2;C1OC=CC=CC2=C(C=O)C=C12;C12OC=CC=CC=C(C=O)C=C1C=C2;C1OC=CC=CC2=C(C=O)C=C2C=C1;C12C=CC=CC=C(C3=O)C=C1C=C23;C1OC=CC=CC=C(C2=O)C=C12;O=CC=CC=C(C=O)C=C;C12C=CC=CC=C(C=O)C3=C1C=C23;C12OC=CC=CC=C(C3=O)C=C1C=C23;O=CC=CC1=C(C=O)C=C1;C12C=CC=CC=C(C=O)C=C1C#C2;C12OC=CC=CC=C(C=O)C3=C1C=C23
m_76b47b,CC=CC=CC=CC=O;CC=CC1=CC=CC=C1C=O;COC=CC=CC=CC=O;C1C=CC=CC=C1C=O;CC=CC=CC1=C(C=O)C=C1;C1C=CC=CC=C(C=O)C=C1;C1OC=CC=CC=C1C=O;CC1=CC=CC=C1C=O;COC1=CC=CC=C1C=O;C12C=CC=CC=C(C=O)C=C1C=C2;COC=CC1=CC=CC=C1C=O;C1C=CC=CC2=C(C=O)C=C12;C12C=CC=CC=C(C3=O)C=C1C=C23;C12C=CC=CC=C(C=O)C3=C1C=C23;C1C=CC=CC=C(C=O)C#C1;C12C=CC=CC=C(C=O)C=C1C#C2;CC=CC=CC=C(C=O)C=C;C1C=CC=CC=C(C2=O)C=C12;C1C=CC=CC=C(C=O)C=C1C#C;CC=CC=CC=C(C=O)C#C;CC=CC=CC#CC=O;C1C=CC=CC=C(C=O)C=C1C=C;COC=CC=CC#CC=O;CC=CC1=CC=CC=C1;CCC1=CC=CC=C1C=O
m_76ffc5,COC=CC=CC=CC=O;CC=CC1=CC=CC=C1C=O;C1OC=CC=CC=C1C=O;C1OC=CC=CC=C(C=O)C=C1;COC=CC=CC1=C(C=O)C=C1;COC1=CC=CC=C1C=O;C1OC=CC=CC2=C(C=O)C=C12;C12OC=CC=CC=C(C=O)C=C1C=C2;C12OC=CC=CC=C(C3=O)C=C1C=C23;C12OC=CC=CC=C(C=O)C3=C1C=C23;C1OC=CC=CC=C(C2=O)C=C12;C12OC=CC=CC=C(C=O)C=C1C#C2;COC=CC=CC=C(C=O)C#C;C1OC=CC=CC=C(C=O)C=C1C#C;C1OC=CC=CC=C(C=O)C=C1C=C;COC=CC=CC#CC=O;CC=CC1=CC=CC=C1;COC1=CC=CC=C1;CCO;CCO;CCO;CCO;CCO;CCO;CCO
m_773a95,O=CC=CC=CC=O;O=CC=CC=C(C=O)C=C;O=CC=CC1=C(C=O)C=C1;O=CC=CC=C(C=O)C=CC=C;O=CC=CC=C(C=O)C#C;O=CC=CC=C(C=O)C=C=C;O=CC=CC=C(C=O)C=CC#C;O=CC=CC#CC=O;O=CC1=CC=CC=C1;O=CC1=CC=CC=C1C=O;CCO;CCO;CCO;CCO;CCO;CCO;CCO;CCO;CCO;CCO;CCO;CCO;CCO;CCO;CCO
m_77b2b0,CC=CC1=CC=CC=C1C=O;CCC1=CC=CC=C1C=O;CCC=CC1=CC=CC=C1C=O;CCC=CC=CC=CC=O;C1CC=CC=CC=C1C=O;CCC=CC=CC#CC=O;CC=CC1=CC=CC=C1;CCC=CC1=CC=CC=C1;CCC1=CC=CC=C1;C=CC1=CC=CC=C1;C=CC1=CC=CC=C1C=O;CCC=CC=CC=C;O;CCO;CCO;CCO;CCO;CCO;CCO;CCO;CCO;CCO;CCO;CCO;CCO
m_7874d0,COC=CC=CC=CC=O;C1OC=CC=CC=C1C=O;C1OC=CC=CC=C(C=O)C=C1;COC=CC=CC1=C(C=O)C=C1;COC1=CC=CC=C1C=O;C1OC=CC=CC2=C(C=O)C=C12;C12OC=CC=CC=C(C=O)C=C1C=C2;C12OC=CC=CC=C(C3=O)C=C1C=C23;C12OC=CC=CC=C(C=O)C3=C1C=C23;C1OC=CC=CC=C(C2=O)C=C12;C12OC=CC=CC=C(C=O)C=C1C#C2;COC=CC=CC=C(C=O)C#C;C1OC=CC=CC=C(C=O)C=C1C#C;COC=CC=CC#CC=O;C1OC=CC=CC=C(C=O)C=C1C=C;COC=CC1=CC=CC=C1;COC1=CC=CC=C1;CCO;CCO;CCO;CCO;CCO;CCO;CCO;CCO
m_78c402,COC=CC=CC=CC=O;C1OC=CC=CC=C1C=O;COC1=CC=CC=C1C=O;COC=CC=C1C=C(C=O)C1;O=CC=CC=CC=O;O=C(O)C1=CC=CC=C1C=O;O=CC=CC=C(C=O)C=C;O=CC=CC1=C(C=O)C=C1;O=CC=C1C=C(C=O)C1;O=CC=CC=C(C=O)C=CC=C;COC=CC=CC#CC=O;O=CC=CC=C(C=O)C#C;COC=CC=C1C=C(C=O)C1C#C;COC=CC=C1C=C(C=O)C1C=C;O=CC=CC=C(C=O)C1=CC=C1;O=CC=CC=C(C1=O)C=C1;O=CC=CC=C(C=O)C=CC#C;O=CC=CC1=C(C=O)C#C1;O=CC=CC=C(C=O)C=C=C;O=CC=CC=C(C=O)C=C1C=C1;O=CC=CC=C(C=O)C=CC;O=C(O)C=CC1=CC=CC=C1C=O;O=C(O)C1=CC=CC=C1;O=C(O)C1OC=CC=C1C=O;O=C(O)C1OC=CC=C1
m_78cd05,CCC1=CC=CC=C1C=O;CC=CC1=CC=CC=C1C=O;CCC=CC1=CC=CC=C1C=O;COC1=CC=CC=C1C=O;O=CC=CC=CC=O;O=C(O)C1=CC=CC=C1C=O;O=CC=CC=C(C=O)C=C;O=CC=CC1=C(C=O)C=C1;O=CC=CC=C(C=O)C#C;O=CC=CC=C(C=O)C=CC=C;O=CC=CC=C(C=O)C=C=C;O=CC=CC=C(C=O)C=CC;O=CC=CC#CC=O;CC=CC1=CC=CC=C1;CCC=CC1=CC=CC=C1;O=CC=CC=C(C=O)C=CC#C;O=C(O)C1=CC=CC=C1;CCC1=CC=CC=C1;O=CC1=CC=CC=C1;O=C(O)C1OC=CC=C1;O=CC1=CC=CC=C1C=O;CC1=CC=CC=C1C=O;O=C(O)C=CC=C;O=C(O)C=CC=CC=O;COC1=CC=CC=C1
m_79cf07,COC=CC=CC=CC=O;COC1=CC=CC=C1C=O;C1OC=CC=CC=C1C=O;C1OC=CC=CC=C(C=O)C=C1;COC=CC=CC1=C(C=O)C=C1;COC=CC1=CC=CC=C1C=O;C1OC=CC=CC2=C(C=O)C=C12;C1OC=CC=CC=C(C2=O)C=C12;C=1OC=CC=CC=C(C=O)C=C=1;C1OC=CC=CC=C(C=O)C#C1;COC=CC=CC=C(C=O)C=C;COC=CC=CC=C(C=O)C#C;COC=CC=CC#CC=O;COC=CC1=CC=CC=C1;COC1=CC=CC=C1;CCO;CCO;CCO;CCO;CCO;CCO;CCO;CCO;CCO;CCO
m_7b993b,COC1=CC=CC=C1C=O;COC=CC1=CC=CC=C1C=O;O=C(O)COC1=CC=CC=C1C=O;O=C(O)C1=CC=CC=C1;COC1=CC=CC=C1;O;CCO;CCO;CCO;CCO;CCO;CCO;CCO;CCO;CCO;CCO;CCO;CCO;CCO;CCO;CCO;CCO;CCO;CCO;CCO
m_7d4c58,COC1=CC=CC=C1C=O;O=C(O)C1=CC=CC=C1C=O;O=C(O)COC1=CC=CC=C1C=O;O=C(O)CC1=CC=CC=C1C=O;O=C(O)C1=CC=CC=C1;COC1=CC=CC=C1;O;CCO;CCO;CCO;CCO;CCO;CCO;CCO;CCO;CCO;CCO;CCO;CCO;CCO;CCO;CCO;CCO;CCO;CCO
m_7e912f,COC=CC=CC=CC=O;COC1=CC=CC=C1C=O;C1OC=CC=CC=C(C=O)C=C1;COC=CC=CC1=C(C=O)C=C1;COC=CC1=CC=CC=C1C=O;C1OC=CC=CC2=C(C=O)C=C12;C12OC=CC=CC=C(C=O)C=C1C=C2;C12OC=CC=CC=C(C3=O)C=C1C=C23;C12OC=CC=CC=C(C=O)C3=C1C=C23;C1OC=CC=CC=C(C2=O)C=C12;C12OC=CC=CC=C(C=O)C=C1C#C2;O=C(O)COC1=CC=CC=C1C=O;COC=CC=CC=C(C=O)C#C;C1OC=CC=CC=C(C=O)C=C1C#C;C1OC=CC=CC=C(C=O)C=C1C=C;O=C(O)CC1=CC=CC=C1C=O;O=C(O)C1=CC=CC=C1;COC=CC1=CC=CC=C1;COC1=CC=CC=C1;O;CCO;CCO;CCO;CCO;CCO
m_7ee70f,CCC(C)CCCCC(=O)NCCCC1=CC2=CC=C1C=C2;CCC(C)CCCCC(=O)NCCCC1=CC=CC2=C1C=CC=C2;CCC(C)CCCCC(=O)NCC1CC=CC2=C1C=CC=C2;CCC(C)CCCCC(=O)NCCCC1=CC=CC=C1;CCC(C)CCCCC(=O)NCCCC1=C2C=CC=C1C=C2;CCC1(C)CCCCC(=O)NCCCC2=CC=CC=C2C=CC=C1;CCC(C)C1CCCC(=O)NCCCC2=CC=CC3=C2C=CC=C3C=C1;CCC1(C)CCCCC(=O)NCCCC2=CC=CC3=C2C=CC=C31;CC1C(C)CCCCC(=O)NCCCC2=CC=CC3=C2C=CC=C31;CCC(C)CCCCC(=O)NCCCC1=CC=C2C=C1C=CC=C2;CCC(C)CCCCC(=O)NCCCC1=CC=CC=C1C=O;CCC(C)CCCCC(=O)NCC1CC=CC=C1;CCC(C)CCCCC(=O)NCCCC1=CC=CC2=C1C3=CC=C2C=C3;CCC(C)CCC1CC(=O)NCCCC2=CC=CC3=C2C4=CC=C3C=C14;CCC(C1)CCCCC(=O)NCCCC2=CC=CC3=C2C=CC=C3C=C1;CCC(C)CCCC1C(=O)NCCCC2=CC=CC3=C2C=CC=C3C=C1;CCC(C)CCCCC(=O)NCCCC1=CC=CC2=C1C=CC=C2C=C;CCC(C)CCC1CC(=O)NCCCC2=CC=CC3=C2C=CC4=C3C=C14;CCC(C)C=1CCCC(=O)NCCCC2=CC=CC3=C2C=CC=C3C=C=1;CCC(C)C1CC2CC(=O)NCCCC3=CC=CC4=C3C=CC=C4C=C12;CCC(C)CCCCC(=O)NCCCCCCCC(C)C1CCCCCC1;CCC(C)CCCCC(=O)NCCCCCC(C)CC1CCCCCC1;CCC(C)CC1CCC(=O)NCCCC2=CC=CC3=C2C=CC=C31;CCC(C)CCCCC(=O)NCCCCCC(C)CCC1CCCCCC1;CCC(C)CCCCC(=O)NCC1CC=CC=C1C=O
m_80401f,COC=CC=CC=CC=O;C1OC=CC=CC=C(C=O)C=C1;COC=CC=CC=CC=CC=O;COC=CC=CC1=C(C=O)C=C1;COC1=CC=CC=C1C=O;C12OC=CC=CC=C(C=O)C=C1C=C2;CCC(C)CCCC(=O)NCCC=CC1=CC2=CC=C1C=C2;CCC(C)CCCC(=O)NCCC1=CC=CC2=C1C=CC=C2;COC=CC=CC=C(C1=O)C=CC=C1;C12OC=CC=CC=C(C3=O)C=C1C=C23;C12OC=CC=CC=C(C=O)C=C1C2;CCC(C)CCCC(=O)NCCC=CC1=CC=CC2=C1C=CC=C2;CCC(C)CCCC(=O)NCC1=CC=CC2=C1C=CC=C2;CCC(C)CCCC(=O)NCCCC1=CC=CC2=C1C=CC=C2;CCC(C)CCCC(=O)NCCCC1=CC2=CC=C1C=C2;C1OC=CC=CC=C(C=O)C=C1C;C12OC=CC=CC=C(C=O)C3=C1C=C23;CCC(C)CCCC(=O)NCCC1=CC2=CC=C1C=C2;CCC(C)CCCC(=O)NCCC=CC1=CC=CC=C1;CCC(C)CCCC(=O)NCC1=CC=CC=C1C2=CC=CC=C2;CCC1(C)CCCC(=O)NCCC=CC2=CC3=CC=C2C=C3C=C1;CCC(C)CCCC(=O)NCCC=CC1=C2C=CC=C1C=C2;CCC1(C)CCCC(=O)NCCC2=CC=CC3=C2C=CC=C3C=C1;CCC(C)CCCC(=O)NCCC1=CC=CC=C1;CC1C(C)CCCC(=O)NCCC=CC2=CC3=CC=C2C=C3C=C1
m_8071e1,COC=CC1=CC=CC=C1C=O;COC1=CC=CC=C1C=O;O=C(O)COC1=CC=CC=C1C=O;COC=CC1=CC=CC=C1;COC1=CC=CC=C1;CCO;CCO;CCO;CCO;CCO;CCO;CCO;CCO;CCO;CCO;CCO;CCO;CCO;CCO;CCO;CCO;CCO;CCO;CCO;CCO
m_808712,COC=CC=CC=CC=O;C1OC=CC=CC=C1C=O;COC1=CC=CC=C1C=O;COC=CC1=CC=CC=C1C=O;C1OC=CC=CC=C(C=O)C=C1;COC=CC=CC1=C(C=O)C=C1;C1OC=CC=CC2=C(C=O)C=C12;C12OC=CC=CC=C(C=O)C=C1C=C2;C12OC=CC=CC=C(C3=O)C=C1C=C23;C1OC=CC=CC=C(C2=O)C=C12;C12OC=CC=CC=C(C=O)C3=C1C=C23;C12OC=CC=CC=C(C=O)C=C1C#C2;C1OC=CC=CC=C(C=O)C#C1;COC=CC=CC=C(C=O)C=C;COC=CC=CC=C(C=O)C#C;C1OC=CC=CC=C(C=O)C=C1C#C;C1OC=CC=CC=C(C=O)C=C1C=C;COC=CC=CC#CC=O;COC=CC1=CC=CC=C1;COC1=CC=CC=C1;CCO;CCO;CCO;CCO;CCO
m_80b537,CC=CC=CC=CC=O;COC=CC=CC=CC=O;CC=CC1=CC=CC=C1C=O;C1C=CC=CC=C1C=O;COC=CC=CC=O;C1C=CC=CC=C(C=O)C=C1;CC=CC=CC1=C(C=O)C=C1;C1OC=CC=CC=C(C=O)C=C1;CC1=CC=CC=C1C=O;COC=CC=CC1=C(C=O)C=C1;COC1=CC=CC=C1C=O;C1OC=CC=CC2=C(C=O)C=C12;C12C=CC=CC=C(C=O)C=C1C=C2;C12OC=CC=CC=C(C=O)C=C1C=C2;C12C=CC=CC=C(C3=O)C=C1C=C23;C12OC=CC=CC=C(C3=O)C=C1C=C23;C12OC=CC=CC=C(C=O)C3=C1C=C23;C12C=CC=CC=C(C=O)C3=C1C=C23;C1OC=CC=CC=C(C2=O)C=C12;C12C=CC=CC=C(C=O)C=C1C#C2;C12OC=CC=CC=C(C=O)C=C1C#C2;COC=CC=CC=C(C=O)C#C;C1C=CC=CC=C(C=O)C=C1C;C1C=CC=CC=C(C=O)C=C1C#C;C1OC=CC=CC=C(C=O)C=C1C#C
m_8114e3,CC=CC=CC=CC=O;C1C=CC=CC=C1C=O;COC=CC=CC=CC=O;C1C=CC=CC=C(C=O)C=C1;CC=CC=CC1=C(C=O)C=C1;C1OC=CC=CC=C1C=O;CC1=CC=CC=C1C=O;C12C=CC=CC=C(C=O)C=C1C=C2;C1C=CC=CC2=C(C=O)C=C2C=C1;C1C=CC=CC2=C(C=O)C=C12;COC1=CC=CC=C1C=O;C1C=CC=CC2=C(C3=O)C=C2C=C13;C12C=CC=CC=C(C3=O)C=C1C=C23;C12C=CC=CC=C(C=O)C3=C1C=C23;C1C=CC=CC2=C(C=O)C3=C2C=C13;C1C=CC=CC=C(C=O)C#C1;C12C=CC=CC=C(C=O)C=C1C#C2;C1C=CC=CC=C(C2=O)C=C12;C1C=CC=CC2=C(C=O)C=C2C#C1;C1C=CC=CC=C(C=O)C=C1C#C;CC=CC=CC1=C(C=O)C=C1C#C;CC=CC=CC=C(C=O)C#C;C1C=CC=CC=C(C=O)C=C1C=C;CC=CC=CC#CC=O;COC=CC=CC#CC=O
m_82f2e2,CC=CC=CC=CC=O;COC=CC=CC=CC=O;CC=CC1=CC=CC=C1C=O;C1C=CC=CC=C1C=O;C1OC=CC=CC=C1C=O;C1C=CC=CC=C(C=O)C=C1;CC=CC=CC1=C(C=O)C=C1;CC1=CC=CC=C1C=O;C12C=CC=CC=C(C=O)C=C1C=C2;C1C=CC=CC2=C(C=O)C=C2C=C1;C12C=CC=CC=C(C3=O)C=C1C=C23;C12C=CC=CC=C(C=O)C3=C1C=C23;C12C=CC=CC=C(C=O)C=C1C#C2;C1C=CC=CC=C(C=O)C=C1C#C;CC=CC=CC1=C(C=O)C=C1C#C;C1C=CC=CC=C(C=O)C=C1C;CC=CC=CC1=C(C=O)C=C1C=C;CC=CC=CC=C(C=O)C#C;CC=CC=CC#CC=O;COC=CC=CC#CC=O;C1C=CC=CC=C(C=O)C=C1C=C;COC=CC1=CC=CC=C1;CC=CC1=CC=CC=C1;COC1=CC=CC=C1C=O;COC1=CC=CC=C1
m_83ac87,CC=CC=CC=CC=O;CC=CC=CC=CC=CC=O;CCC=CC1=CC=CC=C1C=O;C1C=CC=CC=C1C=O;O=CC=CC=CC=CC=O;C1C=CC=CC=C(C=O)C=C1;CC=CC1=CC=CC=C1C=O;COC1=CC=CC=C1C=O;COC=CC1=CC=CC=C1C=O;CC=CC=CC1=C(C=O)C=C1;CC1=CC=CC=C1C=O;C12C=CC=CC=C(C=O)C=C1C=C2;C1C=CC=CC2=C(C=O)C=C2C=C1;C1C=CC=CC2=C(C3=O)C=C2C=C13;C1C=CC=CC2=C(C=O)C3=C2C=C13;CC=CC=CC=C(C=O)C=C;C1C=CC=CC2=C(C=O)C=C2C#C1;C1C=CC=CC=C(C=O)C=C1C;C1C=CC=CC=C(C=O)C=C1C#C;CC=CC=CC=C(C=O)C#C;CC=CC=CC#CC=O;C1C=CC=CC=C(C=O)C=C1C=C;CC=CC=CC1=C(C=O)C=C1C#C;CC=CC=CC1=C(C=O)C=C1C=C;CCC=CC1=CC=CC=C1
m_83e861,COC1=CC=CC=C1C=O;COC=CC1=CC=CC=C1C=O;COC=CC1=CC=CC=C1;COC1=CC=CC=C1;CCO;CCO;CCO;CCO;CCO;CCO;CCO;CCO;CCO;CCO;CCO;CCO;CCO;CCO;CCO;CCO;CCO;CCO;CCO;CCO;CCO
m_83fdb3,COC=CC=CC=CC=O;C1OC=CC=CC=C(C=O)C=C1;COC=CC=CC1=C(C=O)C=C1;COC1=CC=CC=C1C=O;C1OC=CC=CC2=C(C=O)C=C12;C12OC=CC=CC=C(C=O)C=C1C=C2;C1OC=CC=CC=C(C2=O)C=C12;CCC(C)CCCC(=O)NCCC1=CC=CC2=C1C=CC=C2;CCC(C)CCCC(=O)NCC1=CC=CC2=C1C=CC=C2;C12OC=CC=CC=C(C3=O)C=C1C=C23;CCC(C)CCCC(=O)NCCCC1=CC2=CC=C1C=C2;CCC(C)CCCC(=O)NCC1=CC=CC=C1C2=CC=CC=C2;CCC(C)CCCC(=O)NCCCC1=CC=CC2=C1C=CC=C2;CCC(C)CCCC(=O)NCCC1=CC2=CC=C1C=C2;C1OC=CC=CC=C(C=O)C=C1C;C12OC=CC=CC=C(C=O)C3=C1C=C23;CCC(C)CCCC(=O)NCCC1=CC=CC=C1;CCC(C)CCCC(=O)NCC1=CC=CC=C1;C1OC=CC=CC=C(C=O)C#C1;CCC(C)CCCC(=O)NCCC1=CC=C2C=C1C=CC=C2;CCC(C)CCCC(=O)NCCCC1=CC=CC=C1;C12OC=CC=CC=C(C=O)C=C1C#C2;CCC(C)CCCC(=O)NCC1=CC2=CC=C1C=C2;CCC1(C)CCCC(=O)NCCC2=CC=CC3=C2C=CC=C3C=C1;CCC(C)CCCC(=O)NCC1=CC2=CC=C1C=C2C=O
m_847112,CC=CC=CC=CC=O;C1C=CC=CC=C1C=O;O=CC=CC=CC=O;C1C=CC=CC=C(C=O)C=C1;CC=CC=CC1=C(C=O)C=C1;COC=CC=CC=CC=O;CC1=CC=CC=C1C=O;C1C=CC=CC2=C(C=O)C=C12;C1OC=CC=CC=C1C=O;COC1=CC=CC=C1C=O;C1C=CC=CC=C(C=O)C#C1;C1C=CC=CC=C(C2=O)C=C12;O=C(O)C1=CC=CC=C1C=O;C12C=CC=CC=C(C=O)C=C1C=C2;CC=CC=CC=C(C=O)C=C;CC=CC=CC=C(C=O)C#C;COC=CC=CC#CC=O;CC=CC=CC#CC=O;C1C=CC=CC=C(C=O)C=C1C#C;C1C=CC=CC=C(C=O)C=C1C=C;CC=CC1=CC=CC=C1;COC1=CC=CC=C1;O;CCO;CCO
m_875d74,CC=CC=CC=CC=O;CC=CC1=CC=CC=C1C=O;CC=CC=CC=CC=CC=O;C1C=CC=CC=C1C=O;C1C=CC=CC=C(C=O)C=C1;C1C=CC=CC=CC=C1C=O;CC1=CC=CC=C1C=O;CC=CC=CC1=C(C=O)C=C1;COC1=CC=CC=C1C=O;COC=CC1=CC=CC=C1C=O;C12C=CC=CC=C(C=O)C=C1C=C2;C1C=CC=CC2=C(C=O)C=C12;CC=CC=CC=C(C1=O)C=CC=C1;C1C=CC=CC=C(C2=O)C=C12;C12C=CC=CC=C(C3=O)C=C1C=C23;C1C=CC=CC=C(C=O)C#C1;CC=CC=CC=C(C=O)C=C;C12C=CC=CC=C(C=O)C3=C1C=C23;C12C=CC=CC=C(C=O)C=C1C#C2;C=1C=CC=CC=C(C=O)C=C=1;C1=2C=CC=CC=C(C=O)C=C1C=C=2;C1C=CC=CC=C(C=O)C=C1C#C;CC=CC=CC=CC#CC=O;CC=CC=CC#CC=O;CC=CC=CC=C(C=O)C#C
m_88505f,CC=CC1=CC=CC=C1C=O;COC=CC1=CC=CC=C1C=O;O=CC=CC=CC=O;COC1=CC=CC=C1C=O;O=CC=CC=C(C=O)C=C;O=CC=CC1=C(C=O)C=C1;O=CC=CC=C(C=O)C#C;O=CC=CC=C(C1=O)C=C1;O=CC=CC=C(C=O)C=CC;O=CC=CC=C(C=O)C=C=C;O=CC=CC=C(C=O)C1=CC1;COC=CC1=CC=CC=C1;COC1=CC=CC=C1;CC=CC1=CC=CC=C1;CO;O;CCO;CCO;CCO;CCO;CCO;CCO;CCO;CCO;CCO
m_88a263,CC=CC=CC=CC=O;COC=CC=CC=CC=O;C1C=CC=CC=C1C=O;C1C=CC=CC=C(C=O)C=C1;C1OC=CC=CC=C1C=O;CC=CC=CC1=C(C=O)C=C1;CC1=CC=CC=C1C=O;C12C=CC=CC=C(C=O)C=C1C=C2;C12C=CC=CC=C(C3=O)C=C1C=C23;C12C=CC=CC=C(C=O)C3=C1C=C23;C12C=CC=CC=C(C=O)C=C1C#C2;C1C=CC=CC=C(C=O)C=C1C#C;CC=CC=CC=C(C=O)C#C;C1C=CC=CC=C(C=O)C=C1C=C;CC=CC=CC#CC=O;COC=CC=CC#CC=O;C1C=CC=CC=C(C=O)C=C1C;CC=CC1=CC=CC=C1;COC1=CC=CC=C1;CCO;CCO;CCO;CCO;CCO;CCO
m_895051,COC=CC=CC=CC=O;CC=CC1=CC=CC=C1C=O;COC1=CC=CC=C1C=O;C1OC=CC=CC=C(C=O)C=C1;COC=CC=CC1=C(C=O)C=C1;C1OC=CC=CC2=C(C=O)C=C12;C12OC=CC=CC=C(C=O)C=C1C=C2;COC=CC1=CC=CC=C1C=O;C12OC=CC=CC=C(C3=O)C=C1C=C23;C12OC=CC=CC=C(C=O)C3=C1C=C23;C1OC=CC=CC=C(C2=O)C=C12;C12OC=CC=CC=C(C=O)C=C1C#C2;COC=CC=CC=C(C=O)C#C;C1OC=CC=CC=C(C=O)C=C1C#C;C1OC=CC=CC=C(C=O)C=C1C=C;COC=CC1=CC=CC=C1;CC=CC1=CC=CC=C1;COC1=CC=CC=C1;CCO;CCO;CCO;CCO;CCO;CCO;CCO
m_89a6f2,COC=CC=CC=CC=O;CCC=CC1=CC=CC=C1C=O;C1OC=CC=CC=C1C=O;COC=CC1=CC=CC=C1C=O;COC=CC=CC=CC=CC=O;COC1=CC=CC=C1C=O;COC=CC=C1C=C(C=O)C1;C1OC=CC=CC=CC=C1C=O;C1OC=CC=CC=CC=C(C=O)C=C1;C1OC=CC=CC=CC2=C(C=O)C=C12;C1OC=CC=CC=C2C=C(C=O)C=C12;C1OC=CC=CC=CC=C(C2=O)C=C12;COC=CC=CC=CC#CC=O;C1OC=CC=CC=CC=C(C=O)C#C1;COC=CC=CC=C1C=C1C=O;COC=CC=CC=CC=C(C=O)C#C;COC=CC=CC#CC=O;COC=CC=CC=CC=C(C=O)C=C;CCC=CC1=CC=CC=C1;COC=CC1=CC=CC=C1;CCC1=CC=CC=C1C=O;CCC1=CC=CC=C1;CCO;CCO;CCO
m_89b9d2,COC1=CC=CC=C1C=O;COC=CC1=CC=CC=C1C=O;O=C(O)C1=CC=CC=C1C=O;O=C(O)C=CC1=CC=CC=C1C=O;COC1=CC=CC=C1;CCO;CCO;CCO;CCO;CCO;CCO;CCO;CCO;CCO;CCO;CCO;CCO;CCO;CCO;CCO;CCO;CCO;CCO;CCO;CCO
m_8b6b8e,COC=CC1=CC=CC=C1C=O;COC1=CC=CC=C1C=O;O=C(O)C1=CC=CC=C1C=O;O=C(O)C=CC1=CC=CC=C1C=O;CCC(C)CCCC(=O)NCCC1=CC=CC2=C1C=CC=C2;CCC(C)CCCC(=O)NCCCC1=CC2=CC=C1C=C2;CCC(C)CCCC(=O)NCCC1=CC2=CC=C1C=C2;CCC(C)CCCC(=O)NCCCC1=CC=CC2=C1C=CC=C2;CCC(C)CCCC(=O)NCCC1=CC=CC=C1;CCC(C)CCCC(=O)NCCC1=CC=C2C=C1C=CC=C2;CCC(C)CCCC(=O)NCCCC1=CC=CC=C1;CCC1(C)CCCC(=O)NCCC2=CC=CC3=C2C=CC=C3C=C1;CC1C(C)CCCC(=O)NCCC2=CC=CC3=C2C=CC=C3C=C1;CCC(C)CCCC(=O)NCCC1=CC2=CC=C1C=C2C=O;CCC(C)CCCC(=O)NCCCC1=CC=CC=C1C=O;CCC(C1)CCCC(=O)NCCCC2=CC=CC3=C2C=CC=C3C=C1;CCC(C)CCCC(=O)NCCC1=CC=CC2=C1C=CC=C2C;CCC(C)CCCC(=O)NCCC1=CC=CC2=C1C3=CC=C2C=C3;CCC(C)CCCC(=O)NCCCC1=CC=CC2=C1C=CC=C2C;CCC1(C)CCCC(=O)NCCCC2=CC=CC3=C2C=CC=C3C=C1;CCC(C)CCCC(=O)NCCCC1=CC=CC2=C1C3=CC=C2C=C3;CCC(C)CC1CC(=O)NCCC2=CC=CC3=C2C=CC=C3C=C1;CCC(C)CCCC(=O)NCC1CC=CC=C1;CCC(C)CCCC(=O)NCC1C=CC=CC=C1;CCC1(C)C2CCC(=O)NCCC3=CC=CC4=C3C=CC=C4C=C1C=C2
m_8bb047,CC=CC=CC=CC=O;C1C=CC=CC=C1C=O;CC=CC1=CC=CC=C1C=O;C1C=CC=CC=C(C=O)C=C1;CC=CC=CC1=C(C=O)C=C1;CC1=CC=CC=C1C=O;COC1=CC=CC=C1C=O;C12C=CC=CC=C(C=O)C=C1C=C2;COC=CC1=CC=CC=C1C=O;C12C=CC=CC=C(C3=O)C=C1C=C23;C1C=CC=CC2=C(C=O)C=C12;C12C=CC=CC=C(C=O)C3=C1C=C23;C1C=CC=CC=C(C2=O)C=C12;C12C=CC=CC=C(C=O)C=C1C#C2;C1C=CC=CC=C(C=O)C#C1;CC=CC=CC=C(C=O)C=C;C1C=CC=CC=C(C=O)C=C1C;C1C=CC=CC=C(C=O)C=C1C#C;CC=CC=CC=C(C=O)C#C;C1C=CC=CC=C(C=O)C=C1C=C;CC=CC=CC#CC=O;CC=CC1=CC=CC=C1;COC=CC1=CC=CC=C1;COC1=CC=CC=C1;CCO
m_8c72d4,COC=CC=CC=CC=O;C1OC=CC=CC=C1C=O;COC1=CC=CC=C1C=O;COC=CC1=CC=CC=C1C=O;C1OC=CC=CC=C(C=O)C=C1;COC=CC=CC1=C(C=O)C=C1;C1OC=CC=CC2=C(C=O)C=C12;C12OC=CC=CC=C(C=O)C=C1C=C2;C12OC=CC=CC=C(C3=O)C=C1C=C23;C12OC=CC=CC=C(C=O)C3=C1C=C23;C1OC=CC=CC=C(C2=O)C=C12;C12OC=CC=CC=C(C=O)C=C1C#C2;COC=CC=CC=C(C=O)C#C;C1OC=CC=CC=C(C=O)C=C1C#C;COC=CC=CC#CC=O;C1OC=CC=CC=C(C=O)C=C1C=C;COC=CC1=CC=CC=C1;COC1=CC=CC=C1;CCO;CCO;CCO;CCO;CCO;CCO;CCO
m_8d19fa,CC=CC=CC=CC=O;C1C=CC=CC=C1C=O;O=CC=CC=CC=O;C1C=CC=CC=C(C=O)C=C1;CC=CC=CC1=C(C=O)C=C1;CC1=CC=CC=C1C=O;C1C=CC=CC2=C(C=O)C=C2C=C1;C12C=CC=CC=C(C=O)C=C1C=C2;C12C=CC=CC=C(C3=O)C=C1C=C23;C12C=CC=CC=C(C=O)C3=C1C=C23;CC=CC=CC=C(C=O)C=C;C12C=CC=CC=C(C=O)C=C1C#C2;C1C=CC=CC=C(C=O)C=C1C#C;CC=CC=CC1=C(C=O)C=C1C#C;CC=CC=CC#CC=O;CC=CC=CC1=C(C=O)C=C1C=C;CC=CC=CC=C(C=O)C#C;CC=CC1=CC=CC=C1;O=CC1=CC=CC=C1;CCO;CCO;CCO;CCO;CCO;CCO
m_8d374f,COC=CC=CC=CC=O;CC=CC1=CC=CC=C1C=O;C1OC=CC=CC=C1C=O;COC=CC=CC=O;C1OC=CC=CC=C(C=O)C=C1;COC=CC=CC1=C(C=O)C=C1;COC1=CC=CC=C1C=O;C1OC=CC=CC2=C(C=O)C=C12;C12OC=CC=CC=C(C=O)C=C1C=C2;C1OC=CC=CC2=C(C=O)C=C2C=C1;C1OC=CC=CC=C(C2=O)C=C12;C12OC=CC=CC=C(C3=O)C=C1C=C23;C12OC=CC=CC=C(C=O)C3=C1C=C23;C12OC=CC=CC=C(C=O)C=C1C#C2;C1OC=CC=CC=C(C=O)C#C1;COC=CC=CC=C(C=O)C=C;COC=CC=CC=C(C=O)C#C;C1=2OC=CC=CC=C(C=O)C=C1C=C=2;C1OC=CC=CC=C(C=O)C=C1C#C;C1OC=CC=CC=C(C=O)C=C1C=C;COC=CC=CC#CC=O;COC=CC=CC1=C(C=O)C=C1C#C;COC=CC=CC1=C(C=O)C=C1C=C;CC=CC1=CC=CC=C1;COC1=CC=CC=C1
m_8d75c7,COC1=CC=CC=C1C=O;COC=CC1=CC=CC=C1C=O;COC=CC1=CC=CC=C1;COC1=CC=CC=C1;CCO;CCO;CCO;CCO;CCO;CCO;CCO;CCO;CCO;CCO;CCO;CCO;CCO;CCO;CCO;CCO;CCO;CCO;CCO;CCO;CCO
m_8db7e3,CCC1(C)CCCCC(=O)NCCCC=CC2=CC=CC=C2C=C1;CCC(C)CCCCC(=O)NCCCC1=CC2=CC=C1C=C2;CCC1(C)C2CCCC(=O)NCCCC=CC3=CC=CC=C3C=C1C=C2;CCC(C)CCCCC(=O)NCCCC=CC1=CC2=CC=C1C=C2;CCC(C)CCCCC(=O)NCCCC1=CC=CC2=C1C=CC=C2;CCC(C)C1CCCC(=O)NCCCC=CC2=CC3=CC=C2C=C3C=C1;CCC(C)CCCCC(=O)NCCCC=CC1=CC=CC=C1;CCC(C)C1CCCC(=O)NCCCC2=CC=CC3=C2C=CC=C3C=C1;CC1C(C)CCCCC(=O)NCCCC=CC2=CC=CC=C2C=C1;CCC1(C)CCC2CC(=O)NCCCC=CC3=CC=CC4=C3C=C1C=C24;CCC(C)CCCCC(=O)NCC1CC=CC2=C1C=CC=C2;CCC(C)CCCCC(=O)NCCCC=C1C=CC2=CC=C1C=C2;CCC(C)CCCCC(=O)NCCCC1=CC=CC=C1;CCC(C)CCCCC(=O)NCCCC=CC1=C2C=CC=C1C=C2;CCC(C)CCCCC(=O)NCCCC1=C2C=CC=C1C=C2;CCC(C)CCCCC(=O)NCCCC1=CC=CC2=C1C3=CC=C2C=C3;CCC1(C)CCCCC(=O)NCCCC2=CC=CC=C2C=CC=C1;CCC1(C)CCCC2C(=O)NCCCC=CC3=CC=CC=C3C=C1C=C2;CCC1(C)CCCCC(=O)NCCCC2=CC=CC3=C2C=CC=C31;CCC1(C)CCC2CC(=O)NCCCC=CC3=CC=CC=C3C4=C1C=C24;CCC1(C)C=2CCCC(=O)NCCCC=CC3=CC=CC=C3C=C1C=C=2;CC1C(C)CCCCC(=O)NCCCC2=CC=CC3=C2C=CC=C31;CCC(C)CCCCC(=O)NCCCC1=CC=CC=C1C=O;CCC(C)CCCCC(=O)NCCCC1=CC=C2C=C1C=CC=C2;CCC(C)C1C2CCC(=O)NCCCC=CC3=CC4=CC=C3C=C4C=C1C2
m_8e45f7,COC1=CC=CC=C1C=O;COC=CC1=CC=CC=C1C=O;COC=CC1=CC=CC=C1;COC1=CC=CC=C1;CCO;CCO;CCO;CCO;CCO;CCO;CCO;CCO;CCO;CCO;CCO;CCO;CCO;CCO;CCO;CCO;CCO;CCO;CCO;CCO;CCO
m_8eaf01,COC=CC1=CC=CC=C1C=O;COC1=CC=CC=C1C=O;COC=CC1=CC=CC=C1;COC1=CC=CC=C1;CCO;CCO;CCO;CCO;CCO;CCO;CCO;CCO;CCO;CCO;CCO;CCO;CCO;CCO;CCO;CCO;CCO;CCO;CCO;CCO;CCO
m_9068e1,CC=CC=CC=CC=O;C1C=CC=CC=C1C=O;O=CC=CC=CC=O;C1C=CC=CC=C(C=O)C=C1;COC=CC=CC=CC=O;CC=CC=CC1=C(C=O)C=C1;CC1=CC=CC=C1C=O;CC=CC1=CC=CC=C1C=O;COC1=CC=CC=C1C=O;C1OC=CC=CC=C1C=O;C12C=CC=CC=C(C=O)C=C1C=C2;C1OC=CC=CC=C(C=O)C=C1;COC=CC=CC1=C(C=O)C=C1;C12C=CC=CC=C(C3=O)C=C1C=C23;C1OC=CC=CC2=C(C=O)C=C12;C12OC=CC=CC=C(C=O)C=C1C=C2;C12C=CC=CC=C(C=O)C3=C1C=C23;C12C=CC=CC=C(C=O)C=C1C#C2;C12OC=CC=CC=C(C3=O)C=C1C=C23;C1OC=CC=CC=C(C2=O)C=C12;C12OC=CC=CC=C(C=O)C3=C1C=C23;C12OC=CC=CC=C(C=O)C=C1C#C2;C1OC=CC=CC=C(C=O)C#C1;C1C=CC=CC=C(C=O)C=C1C;COC=CC=CC=C(C=O)C=C
m_907412,COC=CC1=CC=CC=C1C=O;COC1=CC=CC=C1C=O;COC=CC1=CC=CC=C1;COC1=CC=CC=C1;CCO;CCO;CCO;CCO;CCO;CCO;CCO;CCO;CCO;CCO;CCO;CCO;CCO;CCO;CCO;CCO;CCO;CCO;CCO;CCO;CCO
m_90baa7,CC=CC1=CC=CC=C1C=O;COC1=CC=CC=C1C=O;COC=CC1=CC=CC=C1C=O;COC=CC1=CC=CC=C1;CC=CC1=CC=CC=C1;COC1=CC=CC=C1;CCO;CCO;CCO;CCO;CCO;CCO;CCO;CCO;CCO;CCO;CCO;CCO;CCO;CCO;CCO;CCO;CCO;CCO;CCO
m_91512a,COC=CC=CC=CC=O;C1OC=CC=CC=C1C=O;COC1=CC=CC=C1C=O;C1OC=CC=CC=C(C=O)C=C1;COC=CC=CC1=C(C=O)C=C1;O=C(O)C1=CC=CC=C1C=O;C1OC=CC=CC2=C(C=O)C=C12;C12OC=CC=CC=C(C=O)C=C1C=C2;C1OC=CC=CC2=C(C=O)C=C2C=C1;C12OC=CC=CC=C(C3=O)C=C1C=C23;C1OC=CC=CC=C(C2=O)C=C12;C12OC=CC=CC=C(C=O)C3=C1C=C23;C1OC=CC=CC=C(C=O)C#C1;O=C(O)COC1=CC=CC=C1C=O;C12OC=CC=CC=C(C=O)C=C1C#C2;COC=CC=CC=C(C=O)C=C;COC=CC=CC=C(C=O)C#C;C1OC=CC=CC=C(C=O)C=C1C#C;COC=CC=CC#CC=O;C1OC=CC=CC=C(C=O)C=C1C=C;COC=CC=CC1=C(C=O)C=C1C#C;COC=CC=CC1=C(C=O)C=C1C=C;O=C(O)CC1=CC=CC=C1C=O;O=C(O)C1=CC=CC=C1;COC=CC1=CC=CC=C1
m_916daf,CC=CC=CC=CC=O;COC=CC=CC=CC=O;C1C=CC=CC=C1C=O;C1OC=CC=CC=C1C=O;C1C=CC=CC=C(C=O)C=C1;CC=CC=CC1=C(C=O)C=C1;CC1=CC=CC=C1C=O;C1OC=CC=CC=C(C=O)C=C1;COC=CC=CC1=C(C=O)C=C1;C12C=CC=CC=C(C=O)C=C1C=C2;CC=CC1=CC=CC=C1C=O;COC1=CC=CC=C1C=O;C1OC=CC=CC2=C(C=O)C=C12;C12OC=CC=CC=C(C=O)C=C1C=C2;C12C=CC=CC=C(C3=O)C=C1C=C23;C12C=CC=CC=C(C=O)C3=C1C=C23;C12OC=CC=CC=C(C3=O)C=C1C=C23;C12C=CC=CC=C(C=O)C=C1C#C2;C12OC=CC=CC=C(C=O)C3=C1C=C23;C12OC=CC=CC=C(C=O)C=C1C#C2;C1OC=CC=CC=C(C2=O)C=C12;C1C=CC=CC=C(C=O)C=C1C#C;COC=CC=CC=C(C=O)C#C;C1C=CC=CC=C(C=O)C=C1C;C1OC=CC=CC=C(C=O)C=C1C#C
m_921c43,COC=CC=CC=CC=O;COC=CC1=CC=CC=C1C=O;COC1=CC=CC=C1C=O;C1OC=CC=CC=C1C=O;C1OC=CC=CC=C(C=O)C=C1;COC=CC=CC1=C(C=O)C=C1;CCC(C)CCCCC(=O)NCCC=CC1=CC2=CC=C1C=C2;CCC(C)CCCCC(=O)NCCC1=CC=CC2=C1C=CC=C2;C1OC=CC=CC2=C(C=O)C=C12;CCC(C)CCCCC(=O)NCCC1=CC2=CC=C1C=C2;CCC(C)CCCCC(=O)NCCC=CC1=CC=CC2=C1C=CC=C2;C1OC=CC=CC=C(C2=O)C=C12;CCC(C1)CCCCC(=O)NCCC=CC2=CC3=CC=C2C=C3C=C1;CCC(C)CCCCC(=O)NCCC=CC1=CC=CC=C1;CCC(C)CC1CCC(=O)NCCC=CC2=CC=CC3=C2C=CC=C3C=C1;CCC(C1)CCCCC(=O)NCCC2=CC=CC3=C2C=CC=C3C=C1;C=1OC=CC=CC=C(C=O)C=C=1;CCC(C)CCCCC(=O)NCCC=CC1=C2C=CC=C1C=C2;CCC(C)CCCCC(=O)NCCC1=CC=CC=C1;CCC(C)CCCCC(=O)NCCC1=CC=CC2=C1C3=CC=C2C=C3;CCC(C)CCCCC(=O)NCCC1=CC=CC=C1C=O;CCC(C)CCCC1C(=O)NCCC=CC2=CC=CC3=C2C4=CC=C3C=C14;C1OC=CC=CC=C(C=O)C#C1;CCC(C)CCCCC(=O)NCCC=CC1=CC=CC2=C1C3=CC=C2C=C3;CCC(C)CCCCC(=O)NCCC=CC1=CC=CC2=C1C=CC=C2C=C
m_930a3b,COC=CC=CC=CC=O;CC=CC1=CC=CC=C1C=O;C1OC=CC=CC=C1C=O;C1OC=CC=CC=C(C=O)C=C1;COC=CC=CC=CC=CC=O;COC=CC=CC1=C(C=O)C=C1;COC1=CC=CC=C1C=O;C1OC=CC=CC2=C(C=O)C=C12;C12OC=CC=CC=C(C=O)C=C1C=C2;C1OC=CC=CC2=C(C=O)C=C2C=C1;C12OC=CC=CC=C(C3=O)C=C1C=C23;C1OC=CC=CC2=C(C3=O)C=C2C=C13;C12OC=CC=CC=C(C=O)C3=C1C=C23;C1OC=CC=CC2=C(C=O)C3=C2C=C13;C12OC=CC=CC=C(C=O)C=C1C#C2;C1OC=CC=CC=C(C2=O)C=C12;C1OC=CC=CC2=C(C=O)C=C2C#C1;COC=CC=CC=C(C=O)C=C;C1OC=CC=CC=C(C=O)C=C1C#C;COC=CC=CC=C(C=O)C#C;COC=CC=CC#CC=O;C1OC=CC=CC=C(C=O)C=C1C=C;COC=CC=CC1=C(C=O)C=C1C#C;CC=CC1=CC=CC=C1;CCO
m_935b22,CC=CC=CC=CC=O;CC=CC1=CC=CC=C1C=O;COC1=CC=CC=C1C=O;C1C=CC=CC=C1C=O;C1C=CC=CC=C(C=O)C=C1;CC1=CC=CC=C1C=O;CC=CC=CC1=C(C=O)C=C1;COC=CC1=CC=CC=C1C=O;CC=CC=C1C=C(C=O)C=C1;C1C=CC=CC2=C(C=O)C=C12;C12C=CC=CC=C(C=O)C=C1C=C2;C1C=CC=CC=C(C2=O)C=C12;C1C=CC=CC=C(C=O)C#C1;C12C=CC=CC=C(C3=O)C=C1C=C23;CC=CC=CC=C(C=O)C=C;C12C=CC=CC=C(C=O)C=C1C#C2;C12C=CC=CC=C(C=O)C3=C1C=C23;CC=CC=CC#CC=O;C1C=CC=CC=C(C=O)C=C1C#C;CC=CC=CC=C(C=O)C#C;C1C=CC=CC=C(C=O)C=C1C=C;CC=CC1=CC=CC=C1;COC=CC1=CC=CC=C1;O=C(O)C1=CC=CC=C1;COC1=CC=CC=C1
m_93b6a1,COC1=CC=CC=C1C=O;CCC(C)CCCC(=O)NCC=CC1=CC2=CC=C1C=C2;CCC(C)CCCC(=O)NCC=CC1=CC=CC2=C1C=CC=C2;CCC(C)CCCC(=O)NCC1=CC=CC2=C1C=CC=C2;CCC(C)CCCC(=O)NCCC1=CC=CC2=C1C=CC=C2;CCC(C)CCCC(=O)NCC=CC1=CC=CC=C1;CCC(C)CCCC(=O)NCCCC1=CC2=CC=C1C=C2;CCC(C)CCCC(=O)NCCCC1=CC=CC2=C1C=CC=C2;CCC(C)CCCC(=O)NCCC1=CC2=CC=C1C=C2;CC1C(C)CCCC(=O)NCC=CC2=CC=CC3=C2C=CC=C31;CCC(C)CCCC(=O)NCCC1=CC=CC=C1;CCC(C)CCCC(=O)NCC1=CC=CC=C1;CCC(C)CCCC(=O)NCC=CC1=CC=C2C=C1C=CC=C2;CCC(C1)CCCC(=O)NCC=CC2=CC=CC3=C2C=CC=C3C=C1;CCC(C)CCCC(=O)NCCC1=CC=C2C=C1C=CC=C2;C1CC(C)CCCC(=O)NCC=CC2=CC=CC3=C2C=CC=C31;CCC1(C)CCCC(=O)NCCC2=CC=CC3=C2C=CC=C3C=C1;CCC(C)CCCC(=O)NCC=CC1=CC2=C3C=C1C=C2C3;CCC(C)CCCC(=O)NCCCC1=CC=CC=C1;CCC(C)CCCC(=O)NCC=CC1=CC=CC2=C1C3=CC=C2C=C3;CCC(C)CCCC(=O)NCC=CC1=CC2=CC=C1C=C2C=O;CC1C(C)CCCC(=O)NCCC2=CC=CC3=C2C=CC=C3C=C1;CCC1(C)CCCC(=O)NCC=CC2=CC=CC3=C2C=CC=C3C=C1;CCC(C)CCCC(=O)NCCC1=CC2=CC=C1C=C2C=O;CCC(C)CCCC(=O)NCCCC1=CC=C2C=C1C=CC=C2
m_94a765,CC=CC=CC=CC=O;CC=CC1=CC=CC=C1C=O;COC=CC=CC=CC=O;C1C=CC=CC=C1C=O;C1C=CC=CC=C(C=O)C=C1;CC=CC=CC1=C(C=O)C=C1;C1OC=CC=CC=C1C=O;CC1=CC=CC=C1C=O;C1OC=CC=CC=C(C=O)C=C1;COC=CC=CC1=C(C=O)C=C1;COC1=CC=CC=C1C=O;CC=CC=C1C=C(C=O)C=C1;C1C=CC=CC2=C(C=O)C=C12;C1OC=CC=CC2=C(C=O)C=C12;C12C=CC=CC=C(C=O)C=C1C=C2;C12OC=CC=CC=C(C=O)C=C1C=C2;C1C=CC=CC=C(C2=O)C=C12;C12C=CC=CC=C(C3=O)C=C1C=C23;C12OC=CC=CC=C(C3=O)C=C1C=C23;C1C=CC=CC=C(C=O)C#C1;C12OC=CC=CC=C(C=O)C3=C1C=C23;C12C=CC=CC=C(C=O)C=C1C#C2;C1OC=CC=CC=C(C2=O)C=C12;CC=CC=CC=C(C=O)C=C;C12C=CC=CC=C(C=O)C3=C1C=C23
m_95e8da,COC1=CC=CC=C1C=O;COC=CC1=CC=CC=C1C=O;COC=CC1=CC=CC=C1;COC1=CC=CC=C1;CCO;CCO;CCO;CCO;CCO;CCO;CCO;CCO;CCO;CCO;CCO;CCO;CCO;CCO;CCO;CCO;CCO;CCO;CCO;CCO;CCO
m_966da0,CCC(C)CCCCC(=O)NCCCCCC(C)CC1CCCCCC1;CCC(C)CCCCC(=O)NCCCCCC(C)CCC1CCCCCC1;CCC(C)CCCCC(=O)NCCCCCC(C)C1CCCCCC1;CCC(C)CCCCC(=O)NCCCCCC(C)CCCCCC1C=C1;CCC(C)CCCCC(=O)NCCCCCC(C)CCCCCCC1C=C1;CCC(C)CCCCC(=O)NCCCCCC(C)CCCCCCCC1C=C1;CCC(C)CCCCC(=O)NCCCCCC(C)CCCCCCC=1CC=1;CCC(C)CCCCC(=O)NCCCCCC(C)CCC1CCCCCC1C;CCC(C)CCCC1C(=O)NCCCCCC(C)CCCCCCCCCC2CC21;CCC(C)CCCCC(=O)NCCCCCC(C)CCCCCCCC=1CC=1;CCC(C)CCCCC(=O)NCCCCCC(C)CCCCCCCCCC1CC1;CCC(C)CCCCC(=O)N1CCCCCC(C)CCCCCC2CCCC3CC312;CCC(C)CCCCC(=O)N1CCCCCC(C)CCCCCCCCC2C3CC312;CCC(C)CCCCC(=O)N1CCCCCC(C)CCCCCCCCCC2C=C21;CCC(C)CCCCC(=O)NCCCCCC(C)CCCCCCCCC=1C=C=1;CCC(C)CCCCC(=O)N1CCCCCC(C)CCCCCCCCCC2CC21C;CCC(C)CCCCC(=O)NCCCCCC(C)CCCCCCCCCC1CC1C;CCC(C)CCCCC(=O)NCCCCCC(C)CCCCCCCCCC=1C=C=1;CCC(C)CCCCC(=O)NC1CCCCC(C)CCCCCCC2CCC3CC3C12;CCC(C)CCCCC(=O)NC1CCCCC(C)CCCCCCCCCC2CC21;CCC(C)CCCCC(=O)NC1C2CCCC(C)CCCCCCCCCC3CC312;CCC(C)CCCCC(=O)NCCCCCC(C)CCCCCCCCCC=1CC=1;CCC(C)CCCCC(=O)NCCCCCC(C)CCCCCCCCCC1CC1(C)C;CCC(C)CCCCC(=O)N1C2CCCCC(C)CCCCCCCCCC3CC321;CCC(C)CCCCC(=O)N1CCCCCC(C)CCCCCCCCCC2CC21
m_97693a,CC=CC=CC=CC=O;C1C=CC=CC=C(C=O)C=C1;CC=CC=CC1=C(C=O)C=C1;COC=CC=CC=O;CC1=CC=CC=C1C=O;C1C=CC=CC=C1C=O;C12C=CC=CC=C(C=O)C=C1C=C2;CCC=CC1=CC=CC=C1C=O;C1OC=CC=C(C=O)C=C1;C1C=CC=CC2=C(C=O)C=C12;C1C=CC=CC=C(C2=O)C=C12;C1C=CC=CC2=C(C=O)C=C2C=C1;C12C=CC=CC=C(C3=O)C=C1C=C23;C12OC=CC=C(C=O)C=C1C=C2;CC=CC=CC=C(C1=O)C=CC=C1;C12C=CC=CC=C(C=O)C3=C1C=C23;C1C=CC=CC=C(C=O)C#C1;C12C=CC=CC=C(C=O)C=C1C#C2;C1C=CC=CC=C(C=O)C=C1C#C;CC=CC=CC=C(C=O)C#C;C1OC=CC=C(C=O)C=C1C#C;C1=2C=CC=CC=C(C=O)C=C1C=C=2;CC=CC=CC1=C(C=O)C=C1C#C;COC=CC=C(C=O)C#C;CCO
m_97cca9,CC=CC=CC=CC=O;COC=CC=CC=CC=O;C1C=CC=CC=C1C=O;COC=CC=CC=O;C1C=CC=CC=C(C=O)C=C1;CC=CC=CC1=C(C=O)C=C1;CC=CC1=CC=CC=C1C=O;CC1=CC=CC=C1C=O;C1OC=CC=CC=C(C=O)C=C1;COC=CC=CC1=C(C=O)C=C1;COC=CC1=CC=CC=C1C=O;COC1=CC=CC=C1C=O;C12C=CC=CC=C(C=O)C=C1C=C2;COC=CC1=C(C=O)C=C1;C12OC=CC=CC=C(C=O)C=C1C=C2;C1OC=CC=CC2=C(C=O)C=C12;C12C=CC=CC=C(C3=O)C=C1C=C23;COC=CC=CC=C(C1=O)C=CC=C1;C12OC=CC=CC=C(C3=O)C=C1C=C23;C12OC=CC=CC=C(C=O)C=C1C2;C12C=CC=CC=C(C=O)C3=C1C=C23;C1OC=CC=CC=C(C=O)C=C1C;C12OC=CC=CC=C(C=O)C3=C1C=C23;C12C=CC=CC=C(C=O)C=C1C#C2;C12OC=CC=CC=C(C=O)C=C1C#C2
m_982aac,COC=CC=CC=CC=O;COC=CC1=CC=CC=C1C=O;C1OC=CC=CC=C1C=O;COC1=CC=CC=C1C=O;COC=CC=CC#CC=O;COC=CC1=CC=CC=C1;COC1=CC=CC=C1;CCO;CCO;CCO;CCO;CCO;CCO;CCO;CCO;CCO;CCO;CCO;CCO;CCO;CCO;CCO;CCO;CCO;CCO
m_987cff,CCC(C)CCCC(=O)NCC=CC1=CC2=CC=C1C=C2;CCC(C)CCCC(=O)NCC=CC1=CC=CC2=C1C=CC=C2;CCC(C)CCCC(=O)NCCC=CC1=CC2=CC=C1C=C2;CCC(C)CCCC(=O)NCC=CC=CC1=CC2=CC=C1C=C2;CCC(C)CCCC(=O)NCCC1=CC=CC2=C1C=CC=C2;CCC(C)CCCC(=O)NCC1=CC=CC2=C1C=CC=C2;CCC(C)CCCC(=O)NCC=CC1=CC=CC=C1;CC1C(C)CCCC(=O)NCC=CC2=CC3=CC=C2C=C3C=C1;CC1C(C)CCCC(=O)NCC=CC2=CC=CC3=C2C=CC=C31;CCC(C)CCCC(=O)NCCC=CC1=CC=CC2=C1C=CC=C2;CCC(C1)CCCC(=O)NCC=CC2=CC=CC3=C2C=CC=C3C=C1;CCC(C)CCCC(=O)NCCCC1=CC2=CC=C1C=C2;CCC(C)CCCC(=O)NCC=CC=CC1=CC=CC=C1;CCC(C)CCCC(=O)NCCCC1=CC=CC2=C1C=CC=C2;C1CC(C)CCCC(=O)NCC=CC2=CC3=CC=C2C=C3C=C1;CCC(C)CCCC(=O)NCCC1=CC2=CC=C1C=C2;CCC(C)CCCC(=O)NCCC=CC1=CC=CC=C1;CCC(C)CCCC(=O)NCC=CC1=CC=C2C=C1C=CC=C2;CCC1(C)CCCC(=O)NCCC=CC2=CC3=CC=C2C=C3C=C1;CCC(C)CCCC(=O)NCCC1=CC=CC=C1;CCC(C)CCCC(=O)NCC=CC1=CC=CC2=C1C3=CC=C2C=C3;CCC(C)CCCC(=O)NCC1=CC=CC=C1;CCC(C)CCCC(=O)NCC1=CC2=CC=C1C=C2C=O;CC1C(C)CCCC(=O)NCCC=CC2=CC3=CC=C2C=C3C=C1;CCC(C)C1CCC(=O)NCCC=CC2=CC=CC3=C2C=CC=C3C=C1
m_9910fd,CC=CC1=CC=CC=C1C=O;O=CC=CC=CC=O;CCC1=CC=CC=C1C=O;O=CC=CC=C(C=O)C=C;O=CC=CC1=C(C=O)C=C1;CCC=CC1=CC=CC=C1C=O;O=C(O)C1=CC=CC=C1C=O;O=CC=CC=C(C=O)C=CC=C;O=CC=CC=C(C1=O)C=CC=C1;O=CC=CC=C(C=O)C1=CC=C1;O=CC=CC=C(C=O)C=CC;O=CC=CC=C(C=O)C=CC#C;O=CC=CC=C(C=O)C#C;O=CC=CC1=C(C=O)C#C1;O=CC=CC1=C(C=O)C=C1C;O=CC=CC=C(C=O)C=C1C=C1;O=CC=CC=C(C=O)C=C=C;O=CC=CC#CC=O;CC=CC1=CC=CC=C1;O=C(O)C1=CC=CC=C1;O=CC1=CC=CC=C1;O=CC1=CC=CC=C1C=O;CC1=CC=CC=C1C=O;CCC1=CC=CC=C1;CC1=CC=CC=C1
m_997dbc,COC=CC=CC=CC=O;COC=CC1=CC=CC=C1C=O;C1OC=CC=CC=C(C=O)C=C1;COC=CC=CC1=C(C=O)C=C1;COC1=CC=CC=C1C=O;C12OC=CC=CC=C(C=O)C=C1C=C2;C1OC=CC=CC2=C(C=O)C=C12;C12OC=CC=CC=C(C3=O)C=C1C=C23;C12OC=CC=CC=C(C=O)C3=C1C=C23;C12OC=CC=CC=C(C=O)C=C1C#C2;C1OC=CC=CC=C(C2=O)C=C12;COC=CC=CC=C(C=O)C#C;C1OC=CC=CC=C(C=O)C=C1C#C;C1OC=CC=CC=C(C=O)C=C1C=C;COC=CC1=CC=CC=C1;CCO;CCO;CCO;CCO;CCO;CCO;CCO;CCO;CCO;CCO
m_99e777,COC=CC=CC=CC=O;CC=CC1=CC=CC=C1C=O;C1OC=CC=CC=C1C=O;COC1=CC=CC=C1C=O;COC=CC1=CC=CC=C1C=O;C1OC=CC=CC=C(C=O)C=C1;COC=CC=CC1=C(C=O)C=C1;O=C(O)C1=CC=CC=C1C=O;C1OC=CC=CC2=C(C=O)C=C12;C12OC=CC=CC=C(C=O)C=C1C=C2;C1OC=CC=CC2=C(C=O)C=C2C=C1;C12OC=CC=CC=C(C3=O)C=C1C=C23;C1OC=CC=CC2=C(C3=O)C=C2C=C13;C12OC=CC=CC=C(C=O)C3=C1C=C23;C1OC=CC=CC2=C(C=O)C3=C2C=C13;C1OC=CC=CC=C(C=O)C#C1;C12OC=CC=CC=C(C=O)C=C1C#C2;C1OC=CC=CC=C(C2=O)C=C12;C1OC=CC=CC2=C(C=O)C=C2C#C1;COC=CC=CC=C(C=O)C=C;C1OC=CC=CC=C(C=O)C=C1C#C;COC=CC=CC=C(C=O)C#C;COC=CC=CC#CC=O;C1OC=CC=CC=C(C=O)C=C1C=C;COC=CC=CC1=C(C=O)C=C1C#C
m_9b41d0,CC=CC=CC=CC=O;C1C=CC=CC=C1C=O;COC=CC1=CC=CC=C1C=O;COC1=CC=CC=C1C=O;C1C=CC=CC=C(C=O)C=C1;CC1=CC=CC=C1C=O;CC=CC=CC1=C(C=O)C=C1;C1C=CC=CC2=C(C=O)C=C12;C1C=CC=CC=C(C2=O)C=C12;O=C(O)C=CC1=CC=CC=C1C=O;C1C=CC=CC=C(C=O)C#C1;O=C(O)CC=CC1=CC=CC=C1C=O;CC=CC=CC=C(C=O)C=C;O=C(O)COC1=CC=CC=C1C=O;CC=CC=CC#CC=O;C1C=CC=CC=C(C=O)C=C1C;CC=CC=CC=C(C=O)C#C;C1C=CC=CC=C(C=O)C=C1C=C;O=C(O)C1=CC=CC=C1;COC=CC1=CC=CC=C1;COC1=CC=CC=C1;O;CCO;CCO;CCO
m_9b8030,COC=CC=CC=CC=O;COC=CC=CC=O;C1OC=CC=CC=C(C=O)C=C1;COC=CC=CC1=C(C=O)C=C1;C1OC=CC=CC=C(C=O)C=CC=C1;COC1=CC=CC=C1C=O;C12OC=CC=CC=C(C=O)C=C1C=C2;C1OC=CC=CC2=C(C=O)C=C2C=C1;C12OC=CC=CC=C(C3=O)C=C1C=C23;C1OC=CC=CC2=C(C3=O)C=C2C=C13;CCC(C)CCCCC(=O)NCCCC1=CC2=CC=C1C=C2;C12OC=CC=CC=C(C=O)C3=C1C=C23;CCC(C)CCCCC(=O)NCCCC1=CC=CC2=C1C=CC=C2;C12OC=CC=CC=C(C=O)C=C1C#C2;CCC(C)CCCCC(=O)NCC1CC=CC2=C1C=CC=C2;CCC(C)C1CCCC(=O)NCCCC2=CC=CC3=C2C=CC=C3C=C1;CCC(C)CCCCC(=O)NCCCC1=CC=CC=C1;CCC1(C)CCCCC(=O)NCCCC2=CC=CC=C2C=CC=C1;CCC(C)CCCCC(=O)NCCCC1=C2C=CC=C1C=C2;CCC1(C)CCCCC(=O)NCCCC2=CC=CC3=C2C=CC=C31;CC1C(C)CCCCC(=O)NCCCC2=CC=CC3=C2C=CC=C31;CCC(C)CCCCC(=O)NCCCC1=CC=C2C=C1C=CC=C2;CCC(C)CCCCC(=O)NCCCC1=CC=CC=C1C=O;CCC(C)CCCCC(=O)NCCCC1=CC=CC2=C1C3=CC=C2C=C3;CCC(C)CCC1CC(=O)NCCCC2=CC=CC3=C2C4=CC=C3C=C14
m_9b95d4,CCC=CC=CC=CC=O;CCC=CC1=CC=CC=C1C=O;COC=CC=CC=CC=O;CCC1=CC=CC=C1C=O;C1CC=CC=CC=C1C=O;C1CC=CC=CC=C(C=O)C=C1;COC=CC1=CC=CC=C1C=O;COC1=CC=CC=C1C=O;C1OC=CC=CC=C1C=O;C1CC=CC=CC2=C(C=O)C=C12;CCC=CC=CC1=C(C=O)C=C1;C1CC=CC=CC=C(C2=O)C=C12;COC=CC=C1C=C(C=O)C1;C=1CC=CC=CC=C(C=O)C=C=1;C1CC=CC=CC=C(C=O)C#C1;CCC=CC=CC=C(C=O)C#C;CCC=CC=CC=C(C=O)C=C;CCC=CC=CC#CC=O;COC=CC=CC#CC=O;COC=CC=C1C=C(C=O)C1C#C;COC=CC=C1C=C(C=O)C1C=C;CCC=CC1=CC=CC=C1;COC=CC1=CC=CC=C1;CC=CC1=CC=CC=C1;COC1=CC=CC=C1
m_9c4788,COC=CC=CC=CC=O;CC=CC1=CC=CC=C1C=O;C1OC=CC=CC=C1C=O;C1OC=CC=CC=C(C=O)C=C1;COC=CC=CC1=C(C=O)C=C1;COC1=CC=CC=C1C=O;COC=CC=C1C=C(C=O)C1;C1OC=CC=CC2=C(C=O)C=C12;C12OC=CC=CC=C(C=O)C=C1C=C2;C1OC=CC=CC2=C(C=O)C=C2C=C1;C12OC=CC=CC=C(C3=O)C=C1C=C23;C1OC=CC=CC2=C(C3=O)C=C2C=C13;C12OC=CC=CC=C(C=O)C3=C1C=C23;C1OC=CC=CC2=C(C=O)C3=C2C=C13;C1OC=CC=CC=C(C=O)C#C1;C12OC=CC=CC=C(C=O)C=C1C#C2;C1OC=CC=CC=C(C2=O)C=C12;C1OC=CC=CC2=C(C=O)C=C2C#C1;COC=CC=CC=C(C=O)C=C;COC=CC=CC=C(C=O)C#C;C1OC=CC=CC=C(C=O)C=C1C#C;COC=CC=CC#CC=O;C1OC=CC=CC=C(C=O)C=C1C=C;COC=CC=CC1=C(C=O)C=C1C#C;COC=CC=CC1=C(C=O)C=C1C=C
m_9dc5c4,CC=CC=CC=CC=O;COC=CC=CC=CC=O;CC=CC1=CC=CC=C1C=O;CC=CC=CC=CC=CC=O;C1C=CC=CC=C1C=O;O=CC=CC=CC=O;C1C=CC=CC=C(C=O)C=C1;COC1=CC=CC=C1C=O;CC=CC=CC1=C(C=O)C=C1;C1OC=CC=CC=C1C=O;CC1=CC=CC=C1C=O;C1OC=CC=CC=C(C=O)C=C1;COC=CC=CC1=C(C=O)C=C1;CC=CC=C1C=C(C=O)C=C1;C1C=CC=CC2=C(C=O)C=C12;COC=CC1=CC=CC=C1C=O;C12C=CC=CC=C(C=O)C=C1C=C2;C1OC=CC=CC2=C(C=O)C=C12;C1C=CC=CC=C(C2=O)C=C12;C12OC=CC=CC=C(C=O)C=C1C=C2;C12C=CC=CC=C(C3=O)C=C1C=C23;C1OC=CC=CC=C(C2=O)C=C12;C1C=CC=CC=C(C=O)C#C1;C12C=CC=CC=C(C=O)C3=C1C=C23;C12OC=CC=CC=C(C3=O)C=C1C=C23
m_9e99f7,CC=CC=CC=CC=O;C1C=CC=CC=C1C=O;O=CC=CC=CC=CC=O;O=CC=CC=CC=O;C1C=CC=CC=C(C=O)C=C1;CC=CC=CC1=C(C=O)C=C1;CC1=CC=CC=C1C=O;C12C=CC=CC=C(C=O)C=C1C=C2;O=CC=CC=C(C=O)C=C;O=CC=CC1=C(C=O)C=C1;O=CC1=CC=CC=C1C=O;C12C=CC=CC=C(C3=O)C=C1C=C23;C12C=CC=CC=C(C=O)C3=C1C=C23;O=CC=CC=C(C=O)C=CC=C;C12C=CC=CC=C(C=O)C=C1C#C2;O=CC=CC=C(C1=O)C=CC=C1;C1C=CC=CC=C(C=O)C=C1C#C;CCC(C)CCCCC(=O)NCCC1CC=CC=C1C=O;CCC(C)CCCCC(=O)NCCC1CC=CC=C1;CC=CC=CC=C(C=O)C#C;O=CC=CC=C(C=O)C=C=C;CC=CC=CC#CC=O;C1C=CC=CC=C(C=O)C=C1C=C;O=CC=CC=C(C=O)C=CC#C;CCC(C)CCCCC(=O)NCCCCCCCC(C1)CCCCCC1
m_9f1fb6,COC=CC=CC=CC=O;CC=CC1=CC=CC=C1C=O;C1OC=CC=CC=C(C=O)C=C1;COC=CC=CC1=C(C=O)C=C1;COC1=CC=CC=C1C=O;C1OC=CC=CC2=C(C=O)C=C12;C12OC=CC=CC=C(C=O)C=C1C=C2;CCC(C)CCCC(=O)NCC=CC1=CC2=CC=C1C=C2;CCC(C)CCCC(=O)NCC=CC1=CC=CC2=C1C=CC=C2;CCC(C)CCCC(=O)NCC=CC=CC1=CC2=CC=C1C=C2;C12OC=CC=CC=C(C3=O)C=C1C=C23;CCC(C)CCCC(=O)NCC1=CC=CC2=C1C=CC=C2;CCC(C)CCCC(=O)NCC=CC1=CC=CC=C1;C12OC=CC=CC=C(C=O)C3=C1C=C23;CC1C(C)CCCC(=O)NCC=CC2=CC=CC3=C2C=CC=C31;CCC(C)CCCC(=O)NCC=CC=CC1=CC=CC=C1;CCC(C)CCCC(=O)NCC=CC1=C2C=CC=C1C=C2;CCC(C1)CCCC(=O)NCC=CC2=CC=CC3=C2C=CC=C3C=C1;CCC(C)CCCC(=O)NCC=CC1=CC=C2C=C1C=CC=C2;CCC(C)CCCC(=O)NCC=CC=CC1=CC=CC2=C1C=CC=C2;C12OC=CC=CC=C(C=O)C=C1C#C2;C1OC=CC=CC=C(C2=O)C=C12;C1CC(C)CCCC(=O)NCC=CC2=CC=CC3=C2C=CC=C31;CCC(C)CCCC(=O)NCC=CC1=CC=CC2=C1C3=CC=C2C=C3;CCC(C)CCCC(=O)NCC1=CC=CC=C1
m_9fcc62,CC=CC1=CC=CC=C1C=O;COC1=CC=CC=C1C=O;COC=CC1=CC=CC=C1C=O;CC1=CC=CC=C1C=O;CC=CC1=CC=CC=C1;C=CC1=CC=CC=C1C=O;C=CC1=CC=CC=C1;O=CC1=CC=CC=C1;O=CC1=CC=CC=C1C=O;COC=CC1=CC=CC=C1;CC1=CC=CC=C1;O=CC=CC=CC=C;COC1=CC=CC=C1;CO;O;CCO;CCO;CCO;CCO;CCO;CCO;CCO;CCO;CCO;CCO
m_a06450,CC=CC=CC=CC=O;C1C=CC=CC=C1C=O;C1C=CC=CC=C(C=O)C=C1;COC=CC=CC=CC=O;CC=CC=CC1=C(C=O)C=C1;CC1=CC=CC=C1C=O;O=CC=CC=CC=O;C12C=CC=CC=C(C=O)C=C1C=C2;O=CC=CC=CC=CC=O;C12C=CC=CC=C(C3=O)C=C1C=C23;O=CC=CC=C(C=O)C=C;O=CC=CC1=C(C=O)C=C1;C12C=CC=CC=C(C=O)C3=C1C=C23;O=CC=CC=CC=C(C=O)C;O=CC=CC=C1C=C(C=O)C1;C12C=CC=CC=C(C=O)C=C1C#C2;O=CC=CC=C(C=O)C=CC=C;O=CC=CC=C(C1=O)C=CC=C1;O=CC=CC=CC=C(C=O)CC=C;O=CC=CC=C(C=O)C1=CC=C1;O=CC=CC=C(C=O)C=CC;C1C=CC=CC=C(C=O)C=C1C#C;O=CC=CC=C(C=O)C=CC#C;CC=CC=CC=C(C=O)C#C;O=CC=CC=CC1=C(C=O)CC1
m_a0edff,COC1=CC=CC=C1C=O;CCC(C)CCCC(=O)NCCC1=CC=CC2=C1C=CC=C2;CCC(C)CCCC(=O)NCCCC1=CC=CC2=C1C=CC=C2;CCC(C)CCCC(=O)NCCCC1=CC2=CC=C1C=C2;CCC(C)CCCC(=O)NCCC1=CC2=CC=C1C=C2;CCC(C)CCCC(=O)NCCC1=CC=CC=C1;CCC(C)CCCC(=O)NCCC1=CC=C2C=C1C=CC=C2;CCC1(C)CCCC(=O)NCCC2=CC=CC3=C2C=CC=C3C=C1;CCC(C)CCCC(=O)NCCCC1=CC=CC=C1;CC1C(C)CCCC(=O)NCCC2=CC=CC3=C2C=CC=C3C=C1;CCC(C)CCCC(=O)NCCC1=CC2=CC=C1C=C2C=O;CCC(C)CCCC(=O)NCCCC1=CC=C2C=C1C=CC=C2;CCC(C1)CCCC(=O)NCCCC2=CC=CC3=C2C=CC=C3C=C1;CCC(C)CCCC(=O)NCCCC1=CC=CC=C1C=O;CCC(C)CCCC(=O)NCCC1=CC=CC2=C1C=CC=C2C;CCC(C)CCCC(=O)NCCC1=CC=CC2=C1C3=CC=C2C=C3;CCC1(C)CCCC(=O)NCCCC2=CC=CC3=C2C=CC=C3C=C1;CCC(C)CCCC(=O)NCCCC1=CC=CC2=C1C3=CC=C2C=C3;CCC(C)CCCC(=O)NCCCC1=CC=CC2=C1C=CC=C2C;CCC(C)CC1CC(=O)NCCC2=CC=CC3=C2C=CC=C3C=C1;CCC1(C)C2CCC(=O)NCCC3=CC=CC4=C3C=CC=C4C=C1C=C2;CCC(C)CCCC(=O)NCC1C=CC=CC=C1;CCC(C)CCC1C(=O)NCCCC2=CC=CC3=C2C=CC=C3C=C1;CCC(C)CCCC(=O)NCC1CC=CC=C1;CCC1(C)CCC2C(=O)NCCC3=CC=CC4=C3C=C5C=C4C=C1C=C25
m_a12514,CC=CC=CC=CC=O;C1C=CC=CC=C1C=O;CC=CC1=CC=CC=C1C=O;O=CC=CC=CC=O;COC=CC=CC=CC=O;COC1=CC=CC=C1C=O;C1C=CC=CC=C(C=O)C=C1;CC=CC=CC1=C(C=O)C=C1;CC1=CC=CC=C1C=O;C1OC=CC=CC=C(C=O)C=C1;C1C=CC=CC2=C(C=O)C=C12;COC=CC=CC1=C(C=O)C=C1;C1OC=CC=CC2=C(C=O)C=C12;C1C=CC=CC=C(C2=O)C=C12;C12OC=CC=CC=C(C=O)C=C1C=C2;C1C=CC=CC=C(C=O)C#C1;C12OC=CC=CC=C(C3=O)C=C1C=C23;C12OC=CC=CC=C(C=O)C3=C1C=C23;CC=CC=CC=C(C=O)C=C;C1OC=CC=CC=C(C2=O)C=C12;C12OC=CC=CC=C(C=O)C=C1C#C2;CC=CC=CC#CC=O;CC=CC=CC=C(C=O)C#C;COC=CC=CC=C(C=O)C#C;C1OC=CC=CC=C(C=O)C=C1C#C
m_a3c949,CCC(C)CCCC(=O)NCCC1=CC=CC2=C1C=CC=C2;CCC(C)CCCC(=O)NCCCC1=CC=CC2=C1C=CC=C2;CCC(C)CCCC(=O)NCCCC1=CC2=CC=C1C=C2;CCC(C)CCCC(=O)NCCC1=CC2=CC=C1C=C2;CCC1(C)CCCC(=O)NCCC2=CC=CC3=C2C=CC=C3C=C1;CCC(C)CCCC(=O)NCCC1=CC=CC=C1;CCC(C)CCCC(=O)NCCC1=CC=C2C=C1C=CC=C2;CC1C(C)CCCC(=O)NCCC2=CC=CC3=C2C=CC=C3C=C1;CCC(C)CCCC(=O)NCCCC1=CC=CC=C1;CCC(C1)CCCC(=O)NCCCC2=CC=CC3=C2C=CC=C3C=C1;CC1C(C)CCCC(=O)NCCCC2=CC=CC3=C2C=CC=C31;CCC(C)CCCC(=O)NCCCC1=CC=CC=C1C=O;CCC(C)CCCC(=O)NCCCC1=CC=C2C=C1C=CC=C2;CCC(C)CCCC(=O)NCCCC1=C2C=CC=C1C=C2;CCC(C)CCCC(=O)NCCC1=CC2=CC=C1C=C2C=O;CCC(C)CCCC(=O)NCCC1=CC=CC2=C1C3=CC=C2C=C3;CCC(C)CCCC(=O)NCCC1=CC=CC2=C1C=CC=C2C;CCC(C)CCCC(=O)NCCCC1=C2C=CC=C1C2C=O;C1CC(C)CCCC(=O)NCCCC2=CC=CC3=C2C=CC=C31;CCC1(C)CCCC(=O)NCCCC2=CC=CC3=C2C=CC=C3C=C1;CCC(C)CCCC(=O)NCCCC1=CC=CC2=C1C3=CC=C2C=C3;CCC(C)CCCC(=O)NCCCC1=C2C=CC=C1C2;CCC(C)CCCC(=O)NCCCC1=CC=CC2=C1C=CC=C2C;CCC1(C)C2CCC(=O)NCCC3=CC=CC4=C3C=CC=C4C=C1C=C2;CCC(C)CC1CC(=O)NCCC2=CC=CC3=C2C=CC=C3C=C1
m_a5509a,COC=CC=CC=CC=O;CC=CC1=CC=CC=C1C=O;COC1=CC=CC=C1C=O;C1OC=CC=CC=C1C=O;COC=CC1=CC=CC=C1C=O;C1OC=CC=CC=C(C=O)C=C1;COC=CC=CC1=C(C=O)C=C1;C1OC=CC=CC2=C(C=O)C=C12;C1OC=CC=CC=C(C2=O)C=C12;C=1OC=CC=CC=C(C=O)C=C=1;C1OC=CC=CC=C(C=O)C#C1;COC=CC=CC=C(C=O)C=C;COC=CC=CC=C(C=O)C#C;COC=CC=CC#CC=O;COC=CC1=CC=CC=C1;CC=CC1=CC=CC=C1;COC1=CC=CC=C1;CCO;CCO;CCO;CCO;CCO;CCO;CCO;CCO
m_a5bb0e,COC=CC=CC=CC=O;CC=CC1=CC=CC=C1C=O;COC1=CC=CC=C1C=O;C1OC=CC=CC=C(C=O)C=C1;COC=CC=CC1=C(C=O)C=C1;C1OC=CC=CC2=C(C=O)C=C2C=C1;C12OC=CC=CC=C(C=O)C=C1C=C2;C12OC=CC=CC=C(C3=O)C=C1C=C23;C1OC=CC=CC2=C(C3=O)C=C2C=C13;C1OC=CC=CC=C(C=O)C=C1C;C12OC=CC=CC=C(C=O)C3=C1C=C23;C1OC=CC=CC2=C(C=O)C3=C2C=C13;C12OC=CC=CC=C(C=O)C=C1C#C2;C1OC=CC=CC2=C(C=O)C=C2C#C1;COC=CC=CC=C(C=O)C=C;COC=CC=CC=C(C=O)C#C;C1OC=CC=CC=C(C=O)C=C1C#C;C1OC=CC=CC=C(C=O)C=C1C=C;COC=CC=CC1=C(C=O)C=C1C#C;CC=CC1=CC=CC=C1;COC1=CC=CC=C1;CCO;CCO;CCO;CCO
m_a5d8e5,COC=CC=CC=CC=O;CC=CC1=CC=CC=C1C=O;C1OC=CC=CC=C1C=O;COC1=CC=CC=C1C=O;COC=CC=CC#CC=O;COC=CC1=CC=CC=C1;CC=CC1=CC=CC=C1;COC1=CC=CC=C1;CCO;CCO;CCO;CCO;CCO;CCO;CCO;CCO;CCO;CCO;CCO;CCO;CCO;CCO;CCO;CCO;CCO
m_a87b11,COC1=CC=CC=C1C=O;O=C(O)COC1=CC=CC=C1C=O;O=C(O)COC1=CC=CC=C1;O=C(O)CC1=CC=CC=C1C=O;O=C(O)C1=CC=CC=C1C=O;O=C(O)C1=CC=CC=C1;COC1=CC=CC=C1;O=CO;CO;O;CCO;CCO;CCO;CCO;CCO;CCO;CCO;CCO;CCO;CCO;CCO;CCO;CCO;CCO;CCO
m_a94f72,COC=CC1=CC=CC=C1C=O;CC=CC1=CC=CC=C1C=O;COC1=CC=CC=C1C=O;O=CC=CC=CC=O;CCC=CC1=CC=CC=C1C=O;CCC1=CC=CC=C1C=O;O=CC1=CC=CC=C1C=O;CCC=CC1=CC=CC=C1;O=CC1=CC=CC=C1;CCC1=CC=CC=C1;COC=CC1=CC=CC=C1;O=C(O)CC1=CC=CC=C1C=O;O=C(O)C1=CC=CC=C1C=O;CC=CC1=CC=CC=C1;COC1=CC=CC=C1;CO;O;CCO;CCO;CCO;CCO;CCO;CCO;CCO;CCO
m_a98076,CC=CC=CC=CC=O;C1C=CC=CC=C1C=O;C1C=CC=CC=C(C=O)C=C1;CC=CC=CC1=C(C=O)C=C1;O=CC=CC=CC=O;CC1=CC=CC=C1C=O;C12C=CC=CC=C(C=O)C=C1C=C2;COC1=CC=CC=C1C=O;C1C=CC=CC2=C(C=O)C=C2C=C1;CC=CC=C1C=C(C=O)C=C1;COC=CC1=CC=CC=C1C=O;C12C=CC=CC=C(C3=O)C=C1C=C23;C1C=CC=CC2=C(C3=O)C=C2C=C13;C12C=CC=CC=C(C=O)C3=C1C=C23;C12C=CC=CC=C(C=O)C=C1C#C2;C1C=CC=CC2=C(C=O)C3=C2C=C13;C1C=CC=CC2=C(C=O)C=C2C#C1;C1C=CC=CC=C(C=O)C=C1C#C;CC=CC=CC=C(C=O)C#C;CC=CC=CC#CC=O;C1C=CC=CC=C(C=O)C=C1C=C;CC=CC=CC1=C(C=O)C=C1C#C;CC=CC=CC1=C(C=O)C=C1C=C;COC=CC1=CC=CC=C1;CC=CC1=CC=CC=C1
m_aa5754,COC1=CC=CC=C1C=O;CCC(C)CCCC(=O)NCCC1=CC=CC2=C1C=CC=C2;CCC(C)CCCC(=O)NCCCC1=CC2=CC=C1C=C2;CCC(C)CCCC(=O)NCCCC1=CC=CC2=C1C=CC=C2;CCC(C)CCCC(=O)NCCC1=CC2=CC=C1C=C2;CCC(C)CCCC(=O)NCCC1=CC=CC=C1;CCC(C)CCCC(=O)NCCC1=CC=C2C=C1C=CC=C2;CCC(C)CCCC(=O)NCCCC1=CC=CC=C1;CCC1(C)CCCC(=O)NCCC2=CC=CC3=C2C=CC=C3C=C1;CC1C(C)CCCC(=O)NCCC2=CC=CC3=C2C=CC=C3C=C1;CCC(C)CCCC(=O)NCCC1=CC2=CC=C1C=C2C=O;CCC(C)CCCC(=O)NCCCC1=CC=C2C=C1C=CC=C2;CCC(C)CCCC(=O)NCCCC1=CC=CC=C1C=O;CCC(C1)CCCC(=O)NCCCC2=CC=CC3=C2C=CC=C3C=C1;CCC(C)CCCC(=O)NCCC1=CC=CC2=C1C=CC=C2C;CCC(C)CCCC(=O)NCCC1=CC=CC2=C1C3=CC=C2C=C3;CCC(C)CCCC(=O)NCCCC1=CC=CC2=C1C=CC=C2C;CCC1(C)CCCC(=O)NCCCC2=CC=CC3=C2C=CC=C3C=C1;CCC(C)CCCC(=O)NCCCC1=CC=CC2=C1C3=CC=C2C=C3;CCC(C)CC1CC(=O)NCCC2=CC=CC3=C2C=CC=C3C=C1;CCC(C)CCCC(=O)NCC1C=CC=CC=C1;CCC1(C)C2CCC(=O)NCCC3=CC=CC4=C3C=CC=C4C=C1C=C2;CCC(C)CCCC(=O)NCC1CC=CC=C1;CCC(C)CCC1C(=O)NCCCC2=CC=CC3=C2C=CC=C3C=C1;CCC(C)CCCC(=O)NCCC1C=CC=CC=C1
m_ab3260,COC=CC=CC=CC=O;COC1=CC=CC=C1C=O;C1OC=CC=CC=C(C=O)C=C1;COC=CC1=CC=CC=C1C=O;COC=CC=CC1=C(C=O)C=C1;C12OC=CC=CC=C(C=O)C=C1C=C2;C1OC=CC=CC2=C(C=O)C=C12;C12OC=CC=CC=C(C3=O)C=C1C=C23;C12OC=CC=CC=C(C=O)C3=C1C=C23;C12OC=CC=CC=C(C=O)C=C1C#C2;C1OC=CC=CC=C(C2=O)C=C12;O=C(O)C=CC1=CC=CC=C1C=O;O=C(O)COC1=CC=CC=C1C=O;COC=CC=CC=C(C=O)C#C;C1OC=CC=CC=C(C=O)C=C1C#C;C1OC=CC=CC=C(C=O)C=C1C=C;O=C(O)C1=CC=CC=C1;COC=CC1=CC=CC=C1;COC1=CC=CC=C1;CCO;CCO;CCO;CCO;CCO;CCO
m_ab91a8,CC=CC=CC=CC=O;CC=CC1=CC=CC=C1C=O;C1C=CC=CC=C1C=O;C1C=CC=CC=C(C=O)C=C1;CC=CC=CC1=C(C=O)C=C1;CC1=CC=CC=C1C=O;COC1=CC=CC=C1C=O;O=CC=CC=CC=O;CC=CC=C1C=C(C=O)C=C1;C1C=CC=CC2=C(C=O)C=C12;C12C=CC=CC=C(C=O)C=C1C=C2;C1C=CC=CC=C(C2=O)C=C12;COC=CC1=CC=CC=C1C=O;C12C=CC=CC=C(C3=O)C=C1C=C23;C1C=CC=CC=C(C=O)C#C1;C12C=CC=CC=C(C=O)C3=C1C=C23;C12C=CC=CC=C(C=O)C=C1C#C2;CC=CC=CC=C(C=O)C=C;C=1C=CC=CC=C(C=O)C=C=1;C1C=CC=CC=C(C=O)C=C1C;C1C=CC=CC=C(C=O)C=C1C#C;CC=CC=CC#CC=O;CC=CC=CC=C(C=O)C#C;C1C=CC=CC=C(C=O)C=C1C=C;C12C=CC=CC=C(C=O)C=C1C2
m_abbd02,COC=CC1=CC=CC=C1C=O;CCC(C)CCCC(=O)NCCC1=CC=CC2=C1C=CC=C2;CCC(C)CCCC(=O)NCCCC1=CC=CC2=C1C=CC=C2;CCC(C)CCCC(=O)NCCCC1=CC2=CC=C1C=C2;CCC(C)CCCC(=O)NCCC1=CC2=CC=C1C=C2;CCC(C)CCCC(=O)NCCC1=CC=CC=C1;CCC1(C)CCCC(=O)NCCC2=CC=CC3=C2C=CC=C3C=C1;CCC(C)CCCC(=O)NCCC1=CC=C2C=C1C=CC=C2;CCC(C)CCCC(=O)NCCCC1=CC=CC=C1;CC1C(C)CCCC(=O)NCCC2=CC=CC3=C2C=CC=C3C=C1;CCC(C1)CCCC(=O)NCCCC2=CC=CC3=C2C=CC=C3C=C1;CCC(C)CCCC(=O)NCCC1=CC2=CC=C1C=C2C=O;CCC(C)CCCC(=O)NCCC1=CC=CC2=C1C=CC=C2C;CCC(C)CCCC(=O)NCCC1=CC=CC2=C1C3=CC=C2C=C3;CCC(C)CCCC(=O)NCCCC1=CC=CC=C1C=O;CCC(C)CCCC(=O)NCCCC1=CC=CC2=C1C3=CC=C2C=C3;CCC1(C)CCCC(=O)NCCCC2=CC=CC3=C2C=CC=C3C=C1;CCC(C)CCCC(=O)NCCCC1=CC=CC2=C1C=CC=C2C;CCC(C)CCCCC(=O)NCCC1CC2=CC=C1C=C2;CCC(C)CC1CC(=O)NCCC2=CC=CC3=C2C=CC=C3C=C1;CCC1(C)C2CCC(=O)NCCC3=CC=CC4=C3C=CC=C4C=C1C=C2;CCC(C)CCCCC(=O)NCCC1CC=CC=C1C=O;CCC(C)CCCCC(=O)NCCC1CC=CC=C1;CCC(C)CCCC(=O)NCC1C=CC=CC=C1;CCC(C)CCC1C(=O)NCCCC2=CC=CC3=C2C=CC=C3C=C1
m_acdfec,COC=CC=CC=CC=O;C1OC=CC=CC=C(C=O)C=C1;COC=CC=CC=CC=CC=O;COC=CC=CC1=C(C=O)C=C1;COC1=CC=CC=C1C=O;C12OC=CC=CC=C(C=O)C=C1C=C2;COC=CC=CC=C(C1=O)C=CC=C1;C12OC=CC=CC=C(C3=O)C=C1C=C23;C12OC=CC=CC=C(C=O)C=C1C2;C1OC=CC=CC=C(C=O)C=C1C;C12OC=CC=CC=C(C=O)C3=C1C=C23;C12OC=CC=CC=C(C=O)C=C1C#C2;C1OC=CC=CC=C(C=O)C=C1C#C;COC=CC=CC=C(C=O)C#C;C1OC=CC=CC=C(C=O)C=C1C=C;CC=CC1=CC=CC=C1;CCO;CCO;CCO;CCO;CCO;CCO;CCO;CCO;CCO
m_ace790,COC=CC=CC=CC=O;COC=CC1=CC=CC=C1C=O;C1OC=CC=CC=C(C=O)C=C1;COC=CC=CC1=C(C=O)C=C1;COC=CC=CC=CC=CC=O;COC1=CC=CC=C1C=O;C12OC=CC=CC=C(C=O)C=C1C=C2;COC=CC=CC=C(C1=O)C=CC=C1;C12OC=CC=CC=C(C3=O)C=C1C=C23;C12OC=CC=CC=C(C=O)C=C1C2;C12OC=CC=CC=C(C=O)C3=C1C=C23;C1OC=CC=CC=C(C=O)C=C1C;O=C(O)C1=CC=CC=C1C=O;C12OC=CC=CC=C(C=O)C=C1C#C2;C1OC=CC=CC=C(C=O)C=C1C#C;COC=CC=CC=C(C=O)C#C;C1OC=CC=CC=C(C=O)C=C1C=C;CC=CC1=CC=CC=C1;COC1=CC=CC=C1;CCO;CCO;CCO;CCO;CCO;CCO
m_acfc1e,CCC1=CC=CC=C1C=O;CC=CC1=CC=CC=C1C=O;CCC=CC1=CC=CC=C1C=O;COC=CC1=CC=CC=C1C=O;COC1=CC=CC=C1C=O;O=C(O)COC1=CC=CC=C1C=O;CCCC(C)CCCCCCCCCCCCCCCC1CCCCC1C=O;CCCC(C)CCC1CCCCCCCCCCCCC2CCCCC2=C1;CCCC(C)CC1CCCCCCCCCCCCCCCC2C3CC312;CCCC(C)CCCCCCCCCCCCCCCCCC=1C2CC2=1;CCCC(C)CC1CCCCCCCCCCCCCCCCC2C=C21;CCCC(C)CCC1CCCCCCCCCCCCC2CCC3CC2=C13;CCCC(C)CCCCCCCCCCCCCCCCC=1C2CC2=1;CCCC(C)CCCC1C2CCCCCCCCCCC3CCCCC3C12;CCCC(C)CCC1CCCCCCCCCCCCC2CCC=3CC2C1=3;CCCC(C)CCC1CCCCCCCCCCCCC2CCCC3C2C13;CCCC(C)CCC1CCCCCCCCCCCCC2CCC3CC2C13;CCCC(C)CCCCCCCCCCCCCCCCCC1C2C=C21;CCCC(C)CCC1C2CCCCCCCCCCCC3CCCCC3C21;CCCC(C)CCCC1CCCCCCCCCCCC2CCCCC2C1;CCCC(C)CCCCCCCCCCCCCCCCC1C2C=C21;CCCC(C)CCC1C2CCCCCCCCCCCC3CCCCC3=C21;CCCC(C)CCC1CCCCCCCCCCCCC2CCCC3C2=C13;CCCC(C)CCC1CC2CCCCCCCCCCC3CCCC4C3C142;CCCC(C)CCC1C2CCCCCCCCCCCC3CCC4CC3C214
m_aec773,CCC=CC1=CC=CC=C1C=O;CC=CC1=CC=CC=C1C=O;CCC1=CC=CC=C1C=O;CC=CC1=CC=CC=C1;CCC1=CC=CC=C1;O=CC1=CC=CC=C1C=O;CCO;CCO;CCO;CCO;CCO;CCO;CCO;CCO;CCO;CCO;CCO;CCO;CCO;CCO;CCO;CCO;CCO;CCO;CCO
m_aef2b4,COC1=CC=CC=C1C=O;COC=CC1=CC=CC=C1C=O;COC=CC1=CC=CC=C1;COC1=CC=CC=C1;CCO;CCO;CCO;CCO;CCO;CCO;CCO;CCO;CCO;CCO;CCO;CCO;CCO;CCO;CCO;CCO;CCO;CCO;CCO;CCO;CCO
m_b047da,CC=CC1=CC=CC=C1C=O;COC=CC=CC=CC=O;COC1=CC=CC=C1C=O;C1OC=CC=CC=C1C=O;C1OC=CC=CC=C(C=O)C=C1;COC=CC=CC1=C(C=O)C=C1;COC=CC1=CC=CC=C1C=O;C1OC=CC=CC2=C(C=O)C=C12;C12OC=CC=CC=C(C=O)C=C1C=C2;C1OC=CC=CC2=C(C=O)C=C2C=C1;C1OC=CC=CC=C(C2=O)C=C12;C12OC=CC=CC=C(C3=O)C=C1C=C23;C12OC=CC=CC=C(C=O)C3=C1C=C23;C1OC=CC=CC=C(C=O)C#C1;C12OC=CC=CC=C(C=O)C=C1C#C2;COC=CC=CC=C(C=O)C=C;COC=CC=CC=C(C=O)C#C;C1OC=CC=CC=C(C=O)C=C1C#C;COC=CC=CC#CC=O;C1OC=CC=CC=C(C=O)C=C1C=C;COC=CC=CC1=C(C=O)C=C1C#C;COC=CC=CC1=C(C=O)C=C1C=C;COC=CC1=CC=CC=C1;CC=CC1=CC=CC=C1;COC1=CC=CC=C1
m_b084eb,CC=CC=CC=CC=O;CC=CC1=CC=CC=C1C=O;COC=CC=CC=CC=O;COC1=CC=CC=C1C=O;C1C=CC=CC=C1C=O;C1C=CC=CC=C(C=O)C=C1;C1OC=CC=CC=C1C=O;CC=CC=CC1=C(C=O)C=C1;CC1=CC=CC=C1C=O;COC=CC1=CC=CC=C1C=O;COC=CC=C1C=C(C=O)C1;C12C=CC=CC=C(C=O)C=C1C=C2;C12C=CC=CC=C(C3=O)C=C1C=C23;C12C=CC=CC=C(C=O)C3=C1C=C23;C12C=CC=CC=C(C=O)C=C1C#C2;C1C=CC=CC=C(C=O)C=C1C;C1C=CC=CC=C(C=O)C=C1C#C;CC=CC=CC=C(C=O)C#C;CC=CC=CC#CC=O;C1C=CC=CC=C(C=O)C=C1C=C;COC=CC=CC#CC=O;COC=CC=C1C=C(C=O)C1C#C;COC=CC=C1C=C(C=O)C1C=C;COC=CC1=CC=CC=C1;CC=CC1=CC=CC=C1
m_b0ce2a,COC=CC=CC=CC=O;COC=CC=CC=CC=CC=O;C1OC=CC=CC=C1C=O;COC1=CC=CC=C1C=O;C1OC=CC=CC=C(C=O)C=C1;COC=CC=CC1=C(C=O)C=C1;COC=CC1=CC=CC=C1C=O;C1OC=CC=CC2=C(C=O)C=C12;C1OC=CC=CC2=C(C=O)C=C2C=C1;C12OC=CC=CC=C(C=O)C=C1C=C2;C1OC=CC=CC2=C(C3=O)C=C2C=C13;C12OC=CC=CC=C(C3=O)C=C1C=C23;C12OC=CC=CC=C(C=O)C3=C1C=C23;C1OC=CC=CC2=C(C=O)C3=C2C=C13;C12OC=CC=CC=C(C=O)C=C1C#C2;C1OC=CC=CC=C(C2=O)C=C12;C1OC=CC=CC2=C(C=O)C=C2C#C1;COC=CC=CC=C(C=O)C=C;C1OC=CC=CC=C(C=O)C=C1C#C;COC=CC=CC=C(C=O)C#C;COC=CC=CC#CC=O;C1OC=CC=CC=C(C=O)C=C1C=C;COC=CC=CC1=C(C=O)C=C1C#C;COC=CC1=CC=CC=C1;COC1=CC=CC=C1
m_b11a90,CC=CC=CC=CC=O;COC=CC=CC=CC=O;CC=CC1=CC=CC=C1C=O;C1C=CC=CC=C1C=O;C1OC=CC=CC=C1C=O;C1C=CC=CC=C(C=O)C=C1;CC=CC=CC1=C(C=O)C=C1;CC1=CC=CC=C1C=O;C1OC=CC=CC=C(C=O)C=C1;COC1=CC=CC=C1C=O;COC=CC=CC1=C(C=O)C=C1;CC=CC=C1C=C(C=O)C=C1;C1C=CC=CC2=C(C=O)C=C12;C12C=CC=CC=C(C=O)C=C1C=C2;C1OC=CC=CC2=C(C=O)C=C12;C12OC=CC=CC=C(C=O)C=C1C=C2;C1OC=CC=CC2=C(C=O)C=C2C=C1;C1C=CC=CC=C(C2=O)C=C12;C12C=CC=CC=C(C3=O)C=C1C=C23;C12OC=CC=CC=C(C3=O)C=C1C=C23;C1C=CC=CC=C(C=O)C#C1;C1OC=CC=CC2=C(C3=O)C=C2C=C13;C12OC=CC=CC=C(C=O)C3=C1C=C23;C12C=CC=CC=C(C=O)C=C1C#C2;C1OC=CC=CC2=C(C=O)C3=C2C=C13
m_b4039c,COC=CC1=CC=CC=C1C=O;COC1=CC=CC=C1C=O;COC=CC1=CC=CC=C1;COC1=CC=CC=C1;CCO;CCO;CCO;CCO;CCO;CCO;CCO;CCO;CCO;CCO;CCO;CCO;CCO;CCO;CCO;CCO;CCO;CCO;CCO;CCO;CCO
m_b43690,CC=CC=CC=CC=O;CC=CC1=CC=CC=C1C=O;C1C=CC=CC=C1C=O;COC1=CC=CC=C1C=O;CC1=CC=CC=C1C=O;CC=CC=CC#CC=O;O=C(O)CC1=CC=CC=C1C=O;CC=CC1=CC=CC=C1;COC1=CC=CC=C1;O;CCO;CCO;CCO;CCO;CCO;CCO;CCO;CCO;CCO;CCO;CCO;CCO;CCO;CCO;CCO
m_b51204,CCC=CC=CC=CC=O;O=CC=CC=CC=CC=O;O=CC=CC=CC=O;C1CC=CC=CC=C(C=O)C=C1;CCC=CC=CC1=C(C=O)C=C1;CCC1=CC=CC=C1C=O;C12CC=CC=CC=C(C=O)C=C1C=C2;O=CC=CC=CC=C(C=O)C=C;O=CC=CC=CC1=C(C=O)C=C1;O=CC=CC1=C(C=O)C=C1;O=CC1=CC=CC=C1C=O;COC1=CC=CC=C1C=O;C=1CC=CC=CC=C(C=O)C=C=1;CCC=CC=CC=C(C1=O)C=CC=C1;C12CC=CC=CC=C(C3=O)C=C1C=C23;O=CC=CC=CC=C(C=O)C=CC=C;C12CC=CC=CC=C(C=O)C3=C1C=C23;CCC(C)CCCC(=O)NCCC1=CC=CC2=C1C=CC=C2;O=CC=CC=CC=C(C1=O)C=CC=C1;C12CC=CC=CC=C(C=O)C=C1C#C2;CCC(C)CCCCC(=O)NCCCC1=CC2=CC=C1C=C2;CCC(C)CCCC(=O)NCCCC1=CC=CC2=C1C=CC=C2;O=CC=CC=CC=C(C=O)C=CC;CCC(C)CCCC(=O)NCCCC1=CC2=CC=C1C=C2;CCC(C)CCCC(=O)NCCC1=CC2=CC=C1C=C2
m_b53b6e,COC1=CC=CC=C1C=O;O=C(O)C1=CC=CC=C1C=O;COC1=CC=CC=C1;CCO;CCO;CCO;CCO;CCO;CCO;CCO;CCO;CCO;CCO;CCO;CCO;CCO;CCO;CCO;CCO;CCO;CCO;CCO;CCO;CCO;CCO
m_b6b7fe,CC=CC=CC=CC=O;COC=CC=CC=CC=O;CC=CC1=CC=CC=C1C=O;C1C=CC=CC=C1C=O;C1C=CC=CC=C(C=O)C=C1;C1OC=CC=CC=C1C=O;CC=CC=CC1=C(C=O)C=C1;CC1=CC=CC=C1C=O;C12C=CC=CC=C(C=O)C=C1C=C2;CC=CC=C1C=C(C=O)C=C1;C1C=CC=CC2=C(C=O)C=C12;C12C=CC=CC=C(C3=O)C=C1C=C23;C1C=CC=CC=C(C2=O)C=C12;C12C=CC=CC=C(C=O)C3=C1C=C23;C1C=CC=CC=C(C=O)C#C1;C12C=CC=CC=C(C=O)C=C1C#C2;CC=CC=CC=C(C=O)C=C;C1C=CC=CC=C(C=O)C=C1C#C;C1C=CC=CC=C(C=O)C=C1C;CC=CC=CC=C(C=O)C#C;CC=CC=CC#CC=O;C1C=CC=CC=C(C=O)C=C1C=C;COC=CC=CC#CC=O;COC=CC1=CC=CC=C1;CC=CC1=CC=CC=C1
m_b70863,COC=CC=CC=CC=O;CC=CC1=CC=CC=C1C=O;C1OC=CC=CC=C1C=O;COC=CC1=CC=CC=C1C=O;COC1=CC=CC=C1C=O;C1OC=CC=CC=C(C=O)C=C1;COC=CC=CC1=C(C=O)C=C1;C1OC=CC=CC2=C(C=O)C=C12;C12OC=CC=CC=C(C=O)C=C1C=C2;C1OC=CC=CC2=C(C=O)C=C2C=C1;C1OC=CC=CC=C(C2=O)C=C12;C12OC=CC=CC=C(C3=O)C=C1C=C23;C12OC=CC=CC=C(C=O)C3=C1C=C23;C1OC=CC=CC=C(C=O)C#C1;C12OC=CC=CC=C(C=O)C=C1C#C2;COC=CC=CC=C(C=O)C=C;C1OC=CC=CC=C(C=O)C=C1C#C;COC=CC=CC=C(C=O)C#C;COC=CC=CC#CC=O;C1OC=CC=CC=C(C=O)C=C1C=C;COC=CC=CC1=C(C=O)C=C1C#C;COC=CC=CC1=C(C=O)C=C1C=C;COC=CC1=CC=CC=C1;CC=CC1=CC=CC=C1;COC1=CC=CC=C1
m_b7be8a,COC=CC1=CC=CC=C1C=O;COC1=CC=CC=C1C=O;O=C(O)C1=CC=CC=C1C=O;O=C(O)C=CC1=CC=CC=C1C=O;O=C(O)CC1=CC=CC=C1C=O;O=C(O)C1=CC=CC=C1;COC=CC1=CC=CC=C1;COC1=CC=CC=C1;O=C(O)C=CC=C;O=C(O)C=CC=CC=O;O;CCO;CCO;CCO;CCO;CCO;CCO;CCO;CCO;CCO;CCO;CCO;CCO;CCO;CCO
m_b7d932,CCC(C)CCCCC(=O)NCCCC1=CC2=CC=C1C=C2;CCC(C)CCCCC(=O)NCCCC1=CC=CC2=C1C=CC=C2;CCC(C)CCCCC(=O)NCC1CC=CC2=C1C=CC=C2;CCC(C)CCCCC(=O)NCCCC1=CC=CC=C1;CCC(C)CCCCC(=O)NCCCC1=C2C=CC=C1C=C2;CCC(C)CCCCC(=O)NCCCC1=C2C=CC=C1C2;CCC1(C)CCCCC(=O)NCCCC2=CC3=CC=C2C=C3C=C1;CCC1(C)CCCCC(=O)NCCCC2=CC=CC3=C2C=CC=C31;CC1C(C)CCCCC(=O)NCCCC2=CC3=CC=C2C=C3C=C1;C1CC(C)CCCCC(=O)NCCCC2=CC3=CC=C2C=C31;CCC(C)CCCCC(=O)NCCCC1=CC=C2C=C1C=CC=C2;CCC(C)CCCCC(=O)NCCCC1=CC=CC=C1C=O;CCC(C)CCCCC(=O)NCCCC1=C2C=CC=C1C2C=O;CCC(C)CCCCC(=O)NCC1CC=CC=C1;CCC(C)CCCCC(=O)NCCCC1=CC=CC2=C1C3=CC=C2C=C3;CCC(C)CC1CCC(=O)NCCCC2=CC3=CC=C2C=C3C=C1;CCC1(C)C2CCCC(=O)NCCCC3=CC4=CC=C3C=C4C=C1C=C2;CCC(C)CCCCC(=O)NCCCC1=CC=CC2=C1C=CC=C2C=C;CCC1(C)CCC2CC(=O)NCCCC3=CC4=CC=C3C=C4C=C1C=C2;CCC(C)CCC1CC(=O)NCCCC2=CC3=CC=C2C=C3C=C1;CCC1(C)CCC2CC(=O)NCCCC3=CC4=CC=C3C5=C4C=C1C=C25;CCC1(C2)CCCCC(=O)NCCCC3=CC4=CC=C3C=C4C=C1C=C2;CCC(C)CCCCC(=O)NCC1CC=CC=C1C=O;CCC1(C)CCCCC(=O)NCCCC2=CC3=CC=C2C=C3C=C1C;CCC1(C)CCCC2C(=O)NCCCC3=CC4=CC=C3C=C4C=C1C=C2
m_b81b9d,COC1=CC=CC=C1C=O;COC=CC1=CC=CC=C1C=O;COC=CC1=CC=CC=C1;COC1=CC=CC=C1;CCO;CCO;CCO;CCO;CCO;CCO;CCO;CCO;CCO;CCO;CCO;CCO;CCO;CCO;CCO;CCO;CCO;CCO;CCO;CCO;CCO
m_b8415b,CC=CC=CC=CC=O;COC=CC=CC=CC=O;O=CC=CC=CC=O;CC=CC1=CC=CC=C1C=O;C1C=CC=CC=C1C=O;C1OC=CC=CC=C1C=O;COC1=CC=CC=C1C=O;COC=CC1=CC=CC=C1C=O;C1C=CC=CC=C(C=O)C=C1;CC=CC=CC1=C(C=O)C=C1;C1OC=CC=CC=C(C=O)C=C1;CC1=CC=CC=C1C=O;O=CC=CC=C(C=O)C=C;COC=CC=CC1=C(C=O)C=C1;O=CC=CC1=C(C=O)C=C1;C1OC=CC=CC2=C(C=O)C=C12;C12C=CC=CC=C(C=O)C=C1C=C2;O=CC=CC=CC=CC=O;C12OC=CC=CC=C(C=O)C=C1C=C2;O=CC=CC1=C(C=O)C=C1C=C;O=CC=CC=C(C=O)C=CC=C;C12C=CC=CC=C(C3=O)C=C1C=C23;C1OC=CC=CC=C(C2=O)C=C12;C12OC=CC=CC=C(C3=O)C=C1C=C23;O=CC=CC1=C(C2=O)C=C1C=C2
m_b8a6f4,COC=CC=CC=CC=O;CC=CC1=CC=CC=C1C=O;C1OC=CC=CC=C1C=O;COC1=CC=CC=C1C=O;COC=CC=CC=CC=CC=O;C1OC=CC=CC=C(C=O)C=C1;C1OC=CC=CC=CC=C1C=O;COC=CC=CC1=C(C=O)C=C1;C12OC=CC=CC=C(C=O)C=C1C=C2;C1OC=CC=CC2=C(C=O)C=C12;COC=CC1=CC=CC=C1C=O;C1OC=CC=CC=C(C2=O)C=C12;C12OC=CC=CC=C(C3=O)C=C1C=C23;C12OC=CC=CC=C(C=O)C3=C1C=C23;C12OC=CC=CC=C(C=O)C=C1C#C2;C1OC=CC=CC=C(C=O)C=C1C#C;COC=CC=CC=CC#CC=O;COC=CC=CC=C(C=O)C#C;C1OC=CC=CC=C(C=O)C=C1C=C;COC=CC=CC#CC=O;COC=CC1=CC=CC=C1;CC=CC1=CC=CC=C1;COC1=CC=CC=C1;CCO;CCO
m_b8f328,COC=CC=CC=CC=O;COC1=CC=CC=C1C=O;C1OC=CC=CC=C(C=O)C=C1;COC=CC=CC1=C(C=O)C=C1;C1OC=CC=CC2=C(C=O)C=C12;C12OC=CC=CC=C(C=O)C=C1C=C2;C12OC=CC=CC=C(C3=O)C=C1C=C23;C12OC=CC=CC=C(C=O)C3=C1C=C23;O=C(O)COC1=CC=CC=C1C=O;C1OC=CC=CC=C(C2=O)C=C12;C12OC=CC=CC=C(C=O)C=C1C#C2;COC=CC=CC=C(C=O)C#C;C1OC=CC=CC=C(C=O)C=C1C#C;C1OC=CC=CC=C(C=O)C=C1C=C;COC1=CC=CC=C1;O;CCO;CCO;CCO;CCO;CCO;CCO;CCO;CCO;CCO
m_b9f2b4,CCC(C)CCCC(=O)NCCC1=CC=CC2=C1C=CC=C2;CCC(C)CCCCC(=O)NCCC1=CC=CC2=C1C=CC=C2;CCC(C)CCCCC(=O)NCCC=CC1=CC2=CC=C1C=C2;CCC(C)CCCCC(=O)NCCC1=CC2=CC=C1C=C2;CCC(C)CCCC(=O)NCCCC1=CC=CC2=C1C=CC=C2;CCC(C)CCCC(=O)NCCCC1=CC2=CC=C1C=C2;CCC(C)CCCC(=O)NCCC1=CC2=CC=C1C=C2;CCC(C)CCCCC(=O)NCCC=CC1=CC=CC2=C1C=CC=C2;CCC(C1)CCCCC(=O)NCCC=CC2=CC3=CC=C2C=C3C=C1;CCC(C1)CCCCC(=O)NCCC2=CC=CC3=C2C=CC=C3C=C1;CCC(C)CC1CCC(=O)NCCC=CC2=CC=CC3=C2C=CC=C3C=C1;CCC1(C)CCCC(=O)NCCC2=CC=CC3=C2C=CC=C3C=C1;CCC(C)CCCCC(=O)NCCC=CC1=CC=CC=C1;CCC(C)CCCC(=O)NCCC1=CC=CC=C1;CCC(C)CCCC(=O)NCCC1=CC=C2C=C1C=CC=C2;CC1C(C)CCCC(=O)NCCC2=CC=CC3=C2C=CC=C3C=C1;CCC(C)CCCCC(=O)NCCC=CC1=C2C=CC=C1C=C2;CC1C(C)CCCC(=O)NCCCC2=CC=CC3=C2C=CC=C31;CCC(C)CCCC(=O)NCCCC1=CC=CC=C1;CCC(C)CCCCC(=O)NCCC1=CC=CC=C1;CCC(C1)CCCC(=O)NCCCC2=CC=CC3=C2C=CC=C3C=C1;CCC(C)CCCCC(=O)NCCC1=CC=CC2=C1C3=CC=C2C=C3;CCC(C)CCCCC(=O)NCCC1=CC=CC=C1C=O;CCC(C)CCCC(=O)NCCCC1=CC=C2C=C1C=CC=C2;CCC(C)CCCC1C(=O)NCCC=CC2=CC=CC3=C2C4=CC=C3C=C14
m_baccbd,CC=CC=CC=CC=O;COC=CC=CC=CC=O;C1C=CC=CC=C1C=O;C1C=CC=CC=C(C=O)C=C1;C1OC=CC=CC=C1C=O;CC=CC1=CC=CC=C1C=O;CC=CC=CC1=C(C=O)C=C1;CC1=CC=CC=C1C=O;COC1=CC=CC=C1C=O;C12C=CC=CC=C(C=O)C=C1C=C2;C12C=CC=CC=C(C3=O)C=C1C=C23;C12C=CC=CC=C(C=O)C3=C1C=C23;COC=CC1=CC=CC=C1C=O;C12C=CC=CC=C(C=O)C=C1C#C2;C1C=CC=CC=C(C=O)C=C1C#C;CC=CC=CC=C(C=O)C#C;CC=CC=CC#CC=O;C1C=CC=CC=C(C=O)C=C1C=C;COC=CC=CC#CC=O;C1C=CC=CC=C(C=O)C=C1C;COC=CC1=CC=CC=C1;CC=CC1=CC=CC=C1;COC1=CC=CC=C1;CCO;CCO
m_bb75e4,COC=CC1=CC=CC=C1C=O;COC1=CC=CC=C1C=O;O=C(O)C=CC1=CC=CC=C1C=O;O=C(O)COC1=CC=CC=C1C=O;COC=CC1=CC=CC=C1;COC1=CC=CC=C1;CCO;CCO;CCO;CCO;CCO;CCO;CCO;CCO;CCO;CCO;CCO;CCO;CCO;CCO;CCO;CCO;CCO;CCO;CCO
m_bbb21f,CC=CC=CC=CC=O;C1C=CC=CC=C1C=O;CC=CC1=CC=CC=C1C=O;C1C=CC=CC=C(C=O)C=C1;COC=CC=CC=CC=O;O=CC=CC=CC=O;CC=CC=CC1=C(C=O)C=C1;CC1=CC=CC=C1C=O;C12C=CC=CC=C(C=O)C=C1C=C2;C1C=CC=CC2=C(C=O)C=C12;CC=CC=C1C=C(C=O)C=C1;C12C=CC=CC=C(C3=O)C=C1C=C23;C1C=CC=CC=C(C2=O)C=C12;C12C=CC=CC=C(C=O)C3=C1C=C23;C1C=CC=CC=C(C=O)C#C1;C12C=CC=CC=C(C=O)C=C1C#C2;C=1C=CC=CC=C(C=O)C=C=1;CC=CC=CC=C(C=O)C=C;C1C=CC=CC=C(C=O)C=C1C#C;CC=CC=CC=C(C=O)C#C;CC=CC=CC#CC=O;C1C=CC=CC=C(C=O)C=C1C=C;CC=CC1=CC=CC=C1;O=C(O)C1=CC=CC=C1C=O;CCC=CC1=CC=CC=C1
m_bbc0aa,COC=CC=CC=CC=O;CC=CC1=CC=CC=C1C=O;COC1=CC=CC=C1C=O;C1OC=CC=CC=C1C=O;COC=CC1=CC=CC=C1C=O;C1OC=CC=CC=C(C=O)C=C1;COC=CC=CC1=C(C=O)C=C1;C1OC=CC=CC2=C(C=O)C=C12;C12OC=CC=CC=C(C=O)C=C1C=C2;C1OC=CC=CC=C(C2=O)C=C12;C12OC=CC=CC=C(C3=O)C=C1C=C23;C12OC=CC=CC=C(C=O)C3=C1C=C23;C1OC=CC=CC=C(C=O)C#C1;C12OC=CC=CC=C(C=O)C=C1C#C2;COC=CC=CC=C(C=O)C=C;COC=CC=CC=C(C=O)C#C;C1OC=CC=CC=C(C=O)C=C1C#C;COC=CC=CC#CC=O;C1OC=CC=CC=C(C=O)C=C1C=C;COC=CC1=CC=CC=C1;CC=CC1=CC=CC=C1;COC1=CC=CC=C1;CCO;CCO;CCO
m_bcb981,COC=CC=CC=CC=O;CC=CC1=CC=CC=C1C=O;C1OC=CC=CC=C1C=O;COC1=CC=CC=C1C=O;C1OC=CC=CC=C(C=O)C=C1;COC=CC=CC=CC=CC=O;COC=CC=CC1=C(C=O)C=C1;C1OC=CC=CC2=C(C=O)C=C12;C12OC=CC=CC=C(C=O)C=C1C=C2;C1OC=CC=CC2=C(C=O)C=C2C=C1;C12OC=CC=CC=C(C3=O)C=C1C=C23;C1OC=CC=CC=C(C2=O)C=C12;C12OC=CC=CC=C(C=O)C3=C1C=C23;C1OC=CC=CC=C(C=O)C#C1;C12OC=CC=CC=C(C=O)C=C1C#C2;COC=CC=CC=C(C=O)C=C;COC=CC=CC=C(C=O)C#C;C1OC=CC=CC=C(C=O)C=C1C#C;COC=CC=CC#CC=O;C1OC=CC=CC=C(C=O)C=C1C=C;COC=CC=CC1=C(C=O)C=C1C#C;COC=CC1=CC=CC=C1;CC=CC1=CC=CC=C1;COC1=CC=CC=C1;CCO
m_bcd97d,CC=CC1=CC=CC=C1C=O;COC1=CC=CC=C1C=O;O=C(O)C=CC1=CC=CC=C1C=O;O=C(O)COC1=CC=CC=C1C=O;O=C(O)CC1=CC=CC=C1C=O;O=C(O)C1=CC=CC=C1;O=C(O)C1=CC=CC=C1C=O;CC=CC1=CC=CC=C1;COC1=CC=CC=C1;O;CCO;CCO;CCO;CCO;CCO;CCO;CCO;CCO;CCO;CCO;CCO;CCO;CCO;CCO;CCO
m_bcdd81,CC=CC1=CC=CC=C1C=O;O=C(O)C1=CC=CC=C1C=O;COC1=CC=CC=C1C=O;CCC(C)CCCC(=O)NCCC1=CC=CC2=C1C=CC=C2;CCC(C)CCCC(=O)NCCCC1=CC=CC2=C1C=CC=C2;CCC(C)CCCC(=O)NCCCC1=CC2=CC=C1C=C2;CCC(C)CCCC(=O)NCCC1=CC2=CC=C1C=C2;CCC(C)CCCC(=O)NCCC1=CC=CC=C1;CCC1(C)CCCC(=O)NCCC2=CC=CC3=C2C=CC=C3C=C1;CCC(C)CCCC(=O)NCCC1=CC=C2C=C1C=CC=C2;CCC(C)CCCC(=O)NCCCC1=CC=CC=C1;CC1C(C)CCCC(=O)NCCC2=CC=CC3=C2C=CC=C3C=C1;CCC(C1)CCCC(=O)NCCCC2=CC=CC3=C2C=CC=C3C=C1;CCC(C)CCCC(=O)NCCCC1=CC=C2C=C1C=CC=C2;CCC(C)CCCC(=O)NCCC1=CC2=CC=C1C=C2C=O;CCC(C)CCCC(=O)NCCC1=CC=CC2=C1C=CC=C2C;CCC(C)CCCC(=O)NCCC1=CC=CC2=C1C3=CC=C2C=C3;CCC(C)CCCC(=O)NCCCC1=CC=CC=C1C=O;CCC(C)CCCC(=O)NCCCC1=CC=CC2=C1C3=CC=C2C=C3;CCC1(C)CCCC(=O)NCCCC2=CC=CC3=C2C=CC=C3C=C1;CCC(C)CCCC(=O)NCCCC1=CC=CC2=C1C=CC=C2C;CCC(C)CCCC(=O)NCCCC1=CC2=CC=C1C=C2C=O;CCC(C)CC1CC(=O)NCCC2=CC=CC3=C2C=CC=C3C=C1;CCC1(C)C2CCC(=O)NCCC3=CC=CC4=C3C=CC=C4C=C1C=C2;CCC(C)CCC1C(=O)NCCCC2=CC=CC3=C2C=CC=C3C=C1
m_bd0de9,CC=CC=CC=CC=O;C1C=CC=CC=C1C=O;COC1=CC=CC=C1C=O;O=CC=CC=CC=O;O=C(O)C1=CC=CC=C1C=O;CC1=CC=CC=C1C=O;C1C=CC=CC=C(C=O)C=C1;CC=CC=CC1=C(C=O)C=C1;CC=CC1=CC=CC=C1C=O;C1C=CC=CC2=C(C=O)C=C12;C12C=CC=CC=C(C=O)C=C1C=C2;C1C=CC=CC=C(C2=O)C=C12;C1C=CC=CC=C(C=O)C#C1;CC=CC=CC=C(C=O)C=C;CC=CC=CC#CC=O;C1C=CC=CC=C(C=O)C=C1C#C;CC=CC=CC=C(C=O)C#C;C1C=CC=CC=C(C=O)C=C1C=C;O=C(O)C=CC1=CC=CC=C1C=O;O=C(O)COC1=CC=CC=C1C=O;COC=CC1=CC=CC=C1;CC=CC1=CC=CC=C1;COC1=CC=CC=C1;CCO;CCO
m_bd907b,COC1=CC=CC=C1C=O;O=C(O)COC1=CC=CC=C1C=O;O=C(O)C1=CC=CC=C1;COC1=CC=CC=C1;O;CCO;CCO;CCO;CCO;CCO;CCO;CCO;CCO;CCO;CCO;CCO;CCO;CCO;CCO;CCO;CCO;CCO;CCO;CCO;CCO
m_bda18e,COC1=CC=CC=C1C=O;COC=CC1=CC=CC=C1C=O;COC=CC1=CC=CC=C1;COC1=CC=CC=C1;CCO;CCO;CCO;CCO;CCO;CCO;CCO;CCO;CCO;CCO;CCO;CCO;CCO;CCO;CCO;CCO;CCO;CCO;CCO;CCO;CCO
m_bf639c,COC=CC=CC=CC=O;C1OC=CC=CC=C(C=O)C=C1;COC=CC=CC=O;COC=CC=CC1=C(C=O)C=C1;COC1=CC=CC=C1C=O;CCC(C)CCCC(=O)NCC=CC1=CC2=CC=C1C=C2;C12OC=CC=CC=C(C=O)C=C1C=C2;C1OC=CC=CC2=C(C=O)C=C12;CCC(C)CCCC(=O)NCC=CC1=CC=CC2=C1C=CC=C2;CCC(C)CCCC(=O)NCCC1=CC=CC2=C1C=CC=C2;CCC(C)CCCC(=O)NCC1=CC=CC2=C1C=CC=C2;CCC(C)CCCC(=O)NCC=CC1=CC=CC=C1;C12OC=CC=CC=C(C3=O)C=C1C=C23;CC1C(C)CCCC(=O)NCC=CC2=CC=CC3=C2C=CC=C31;CCC(C)CCCC(=O)NCCC1=CC2=CC=C1C=C2;CCC(C1)CCCC(=O)NCC=CC2=CC=CC3=C2C=CC=C3C=C1;C12OC=CC=CC=C(C=O)C3=C1C=C23;CCC(C)CCCC(=O)NCC=CC1=CC=C2C=C1C=CC=C2;CCC(C)CCCC(=O)NCCC1=CC=CC=C1;CCC(C)CCCC(=O)NCC1=CC=CC=C1;C1CC(C)CCCC(=O)NCC=CC2=CC=CC3=C2C=CC=C31;CCC(C)CCCC(=O)NCC=CC1=CC=CC2=C1C3=CC=C2C=C3;C12OC=CC=CC=C(C=O)C=C1C#C2;CCC1(C)CCCC(=O)NCC=CC2=CC=CC3=C2C=CC=C3C=C1;CCC(C)CCCC(=O)NCC=CC1=CC2=CC=C1C=C2C=O
m_bf6cfe,CC=CC1=CC=CC=C1C=O;CCC1=CC=CC=C1C=O;CCC=CC1=CC=CC=C1C=O;COC1=CC=CC=C1C=O;CC1=CC=CC=C1C=O;O=CC1=CC=CC=C1C=O;O=C(O)C1=CC=CC=C1C=O;O=C(O)COC1=CC=CC=C1C=O;CC=CC1=CC=CC=C1;CCC=CC1=CC=CC=C1;O=CC=CC1=CC=CC=C1;O=CC=CC1=CC=CC=C1C=O;O=CC1=CC=CC=C1;CCC1=CC=CC=C1;O=C(O)C1=CC=CC=C1;CC=CC=CC=CC=O;CC1=CC=CC=C1;COC1=CC=CC=C1;CC=CC=CC=C;O=CO;CO;O;CCO;CCO;CCO
m_c1b10a,CC=CC=CC=CC=O;COC=CC=CC=CC=O;CC=CC1=CC=CC=C1C=O;C1C=CC=CC=C1C=O;COC1=CC=CC=C1C=O;C1OC=CC=CC=C1C=O;C1C=CC=CC=C(C=O)C=C1;CC=CC=CC1=C(C=O)C=C1;CC1=CC=CC=C1C=O;C1OC=CC=CC=C(C=O)C=C1;COC=CC=CC1=C(C=O)C=C1;C12C=CC=CC=C(C=O)C=C1C=C2;C1OC=CC=CC2=C(C=O)C=C12;COC=CC1=CC=CC=C1C=O;C12OC=CC=CC=C(C=O)C=C1C=C2;C1OC=CC=CC2=C(C=O)C=C2C=C1;C1OC=CC=CC=C(C2=O)C=C12;C12C=CC=CC=C(C3=O)C=C1C=C23;C12OC=CC=CC=C(C3=O)C=C1C=C23;C12C=CC=CC=C(C=O)C3=C1C=C23;C12OC=CC=CC=C(C=O)C3=C1C=C23;C12C=CC=CC=C(C=O)C=C1C#C2;C1OC=CC=CC=C(C=O)C#C1;C12OC=CC=CC=C(C=O)C=C1C#C2;COC=CC=CC=C(C=O)C=C
m_c1ec62,COC=CC1=CC=CC=C1C=O;COC=CC=CC=CC=CC=O;COC1=CC=CC=C1C=O;C1OC=CC=CC=CC=C1C=O;C1OC=CC=CC=CC=C(C=O)C=C1;C1OC=CC=CC=CC2=C(C=O)C=C12;C1OC=CC=CC=CC=C(C2=O)C=C12;COC=CC=CC=CC#CC=O;C1OC=CC=CC=CC=C(C=O)C#C1;COC=CC=CC=C1C=C1C=O;COC=CC=CC=CC=C(C=O)C#C;COC=CC=CC=CC=C(C=O)C=C;COC=CC1=CC=CC=C1;COC1=CC=CC=C1;O=C(O1)CC=CC=C1;CCO;CCO;CCO;CCO;CCO;CCO;CCO;CCO;CCO;CCO
m_c2176f,COC=CC=CC=CC=O;C1OC=CC=CC=C(C=O)C=C1;COC=CC=CC1=C(C=O)C=C1;CC=CC=CC=CC=CC=O;COC1=CC=CC=C1C=O;C12OC=CC=CC=C(C=O)C=C1C=C2;COC=CC=CC=C(C1=O)C=CC=C1;C12OC=CC=CC=C(C3=O)C=C1C=C23;C1OC=CC=CC=C(C2=O)C=CC=C2C=C1;C12OC=CC=CC=C(C=O)C3=C1C=C23;C1OC=CC=CC=C(C=O)C=C1C;C12OC=CC=CC=C(C=O)C=C1C#C2;C1OC=CC=CC=C(C2=O)C=C1C=C2;C1OC=CC=CC=C(C=O)C=C1C#C;COC=CC=CC=C(C=O)C#C;C1OC=CC=CC=C(C=O)C=C1C=C;COC=CC=CC=C(C1=O)C=CC=C1C#C;CCO;CCO;CCO;CCO;CCO;CCO;CCO;CCO
m_c2313f,COC=CC=CC=CC=O;COC=CC1=CC=CC=C1C=O;COC1=CC=CC=C1C=O;C1OC=CC=CC=C(C=O)C=C1;COC=CC=CC1=C(C=O)C=C1;C1OC=CC=CC2=C(C=O)C=C12;C12OC=CC=CC=C(C=O)C=C1C=C2;C12OC=CC=CC=C(C3=O)C=C1C=C23;C12OC=CC=CC=C(C=O)C3=C1C=C23;C1OC=CC=CC=C(C2=O)C=C12;C12OC=CC=CC=C(C=O)C=C1C#C2;COC=CC=CC=C(C=O)C#C;C1OC=CC=CC=C(C=O)C=C1C#C;C1OC=CC=CC=C(C=O)C=C1C=C;COC=CC1=CC=CC=C1;COC1=CC=CC=C1;CCO;CCO;CCO;CCO;CCO;CCO;CCO;CCO;CCO
m_c30e40,CC=CC=CC=CC=O;COC=CC=CC=CC=O;C1C=CC=CC=C1C=O;C1OC=CC=CC=C1C=O;C1C=CC=CC=C(C=O)C=C1;CC=CC=CC1=C(C=O)C=C1;CC=CC1=CC=CC=C1C=O;CC1=CC=CC=C1C=O;C1OC=CC=CC=C(C=O)C=C1;COC=CC=CC1=C(C=O)C=C1;C12C=CC=CC=C(C=O)C=C1C=C2;COC1=CC=CC=C1C=O;C12OC=CC=CC=C(C=O)C=C1C=C2;C12C=CC=CC=C(C3=O)C=C1C=C23;COC=CC=CC=C(C1=O)C=CC=C1;C12C=CC=CC=C(C=O)C3=C1C=C23;C12OC=CC=CC=C(C3=O)C=C1C=C23;C12OC=CC=CC=C(C=O)C=C1C2;C12C=CC=CC=C(C=O)C=C1C#C2;C1OC=CC=CC=C(C=O)C=C1C;C12OC=CC=CC=C(C=O)C3=C1C=C23;C12OC=CC=CC=C(C=O)C=C1C#C2;C1C=CC=CC=C(C=O)C=C1C#C;CC=CC=CC=C(C=O)C#C;COC=CC=CC=C(C=O)C#C
m_c3e52e,COC=CC=CC=CC=O;CC=CC1=CC=CC=C1C=O;C1OC=CC=CC=C1C=O;C1OC=CC=CC=C(C=O)C=C1;COC1=CC=CC=C1C=O;COC=CC=CC1=C(C=O)C=C1;COC=CC1=CC=CC=C1C=O;C1OC=CC=CC2=C(C=O)C=C12;C12OC=CC=CC=C(C=O)C=C1C=C2;C12OC=CC=CC=C(C3=O)C=C1C=C23;C12OC=CC=CC=C(C=O)C3=C1C=C23;C1OC=CC=CC=C(C2=O)C=C12;C12OC=CC=CC=C(C=O)C=C1C#C2;COC=CC=CC=C(C=O)C#C;C1OC=CC=CC=C(C=O)C=C1C#C;C1OC=CC=CC=C(C=O)C=C1C=C;COC=CC=CC#CC=O;COC=CC1=CC=CC=C1;CC=CC1=CC=CC=C1;COC1=CC=CC=C1;CCO;CCO;CCO;CCO;CCO
m_c50497,COC1=CC=CC=C1C=O;COC=CC1=CC=CC=C1C=O;O=C(O)C=CC1=CC=CC=C1C=O;COC=CC1=CC=CC=C1;COC1=CC=CC=C1;CCO;CCO;CCO;CCO;CCO;CCO;CCO;CCO;CCO;CCO;CCO;CCO;CCO;CCO;CCO;CCO;CCO;CCO;CCO;CCO
m_c567df,COC=CC=CC=CC=O;CC=CC1=CC=CC=C1C=O;C1OC=CC=CC=C1C=O;C1OC=CC=CC=C(C=O)C=C1;COC=CC=CC1=C(C=O)C=C1;COC=CC1=CC=CC=C1C=O;COC1=CC=CC=C1C=O;COC=CC=C1C=C(C=O)C1;C1OC=CC=CC2=C(C=O)C=C12;C12OC=CC=CC=C(C=O)C=C1C=C2;C1OC=CC=CC=C(C2=O)C=C12;C12OC=CC=CC=C(C3=O)C=C1C=C23;C12OC=CC=CC=C(C=O)C3=C1C=C23;C1OC=CC=CC=C(C=O)C#C1;C12OC=CC=CC=C(C=O)C=C1C#C2;COC=CC=CC=C(C=O)C=C;COC=CC=CC=C(C=O)C#C;C1OC=CC=CC=C(C=O)C=C1C#C;C1OC=CC=CC=C(C=O)C=C1C=C;COC=CC=CC#CC=O;CC=CC1=CC=CC=C1;COC1=CC=CC=C1;CCO;CCO;CCO
m_c57b9d,COC=CC=CC=CC=O;CC=CC1=CC=CC=C1C=O;C1OC=CC=CC=C1C=O;COC=CC1=CC=CC=C1C=O;C1OC=CC=CC=C(C=O)C=C1;COC=CC=CC1=C(C=O)C=C1;COC1=CC=CC=C1C=O;C1OC=CC=CC2=C(C=O)C=C12;C12OC=CC=CC=C(C=O)C=C1C=C2;C12OC=CC=CC=C(C3=O)C=C1C=C23;C12OC=CC=CC=C(C=O)C3=C1C=C23;C1OC=CC=CC=C(C2=O)C=C12;C12OC=CC=CC=C(C=O)C=C1C#C2;COC=CC=CC=C(C=O)C#C;C1OC=CC=CC=C(C=O)C=C1C#C;COC=CC=CC#CC=O;C1OC=CC=CC=C(C=O)C=C1C=C;COC=CC1=CC=CC=C1;CC=CC1=CC=CC=C1;COC1=CC=CC=C1;CCO;CCO;CCO;CCO;CCO
m_c63e89,CC=CC=CC=CC=O;C1C=CC=CC=C1C=O;COC=CC=CC=CC=O;O=CC=CC=CC=O;C1C=CC=CC=C(C=O)C=C1;COC=CC=CC=O;CC=CC=CC=CC=CC=O;C1OC=CC=CC=C1C=O;CC1=CC=CC=C1C=O;CC=CC=CC1=C(C=O)C=C1;O=CC=CC=CC=CC=O;CC=CC1=CC=CC=C1C=O;C1OC=CC=C(C=O)C=C1;C1C=CC=CC=CC=C1C=O;C12C=CC=CC=C(C=O)C=C1C=C2;C1C=CC=CC2=C(C=O)C=C2C=C1;COC=CC1=CC=CC=C1C=O;COC=CC1=C(C=O)C=C1;C12OC=CC=C(C=O)C=C1C=C2;C1C=CC=CC2=C(C=O)C=C12;O=CC=CC=C(C=O)C=C;C12C=CC=CC=C(C3=O)C=C1C=C23;O=CC=CC1=C(C=O)C=C1;O=CC1=CC=CC=C1C=O;C12C=CC=CC=C(C=O)C3=C1C=C23
m_c772b8,CCC(C)CCCC(=O)NCCC1=CC=CC2=C1C=CC=C2;CCC(C)CCCC(=O)NCCCC1=CC=CC2=C1C=CC=C2;CCC(C)CCCC(=O)NCCCC1=CC2=CC=C1C=C2;CCC(C)CCCC(=O)NCCC1=CC2=CC=C1C=C2;CCC(C)CCCC(=O)NCCC1=CC=CC=C1;CCC(C)CCCC(=O)NCCC1=CC=C2C=C1C=CC=C2;CCC1(C)CCCC(=O)NCCC2=CC=CC3=C2C=CC=C3C=C1;CCC(C)CCCC(=O)NCCCC1=CC=CC=C1;CC1C(C)CCCC(=O)NCCC2=CC=CC3=C2C=CC=C3C=C1;CCC(C1)CCCC(=O)NCCCC2=CC=CC3=C2C=CC=C3C=C1;CCC(C)CCCC(=O)NCCCC1=CC=C2C=C1C=CC=C2;CCC(C)CCCC(=O)NCCC1=CC2=CC=C1C=C2C=O;CCC(C)CCCC(=O)NCCC1=CC=CC2=C1C=CC=C2C;CCC(C)CCCC(=O)NCCCC1=CC=CC=C1C=O;CCC(C)CCCC(=O)NCCC1=CC=CC2=C1C3=CC=C2C=C3;CCC1(C)CCCC(=O)NCCCC2=CC=CC3=C2C=CC=C3C=C1;CCC(C)CCCC(=O)NCCCC1=CC=CC2=C1C3=CC=C2C=C3;CCC(C)CCCC(=O)NCCCC1=CC=CC2=C1C=CC=C2C;CCC(C)CC1CC(=O)NCCC2=CC=CC3=C2C=CC=C3C=C1;CCC1(C)C2CCC(=O)NCCC3=CC=CC4=C3C=CC=C4C=C1C=C2;CCC(C)CCCC(=O)NCC1C=CC=CC=C1;CCC(C)CCC1C(=O)NCCCC2=CC=CC3=C2C=CC=C3C=C1;CCC(C)CCCC(=O)NCC1CC=CC=C1;CCC(C1)CC2CC(=O)NCCCC3=CC=CC4=C3C=CC=C4C=C1C=C2;CCC1(C)CCC2C(=O)NCCC3=CC=CC4=C3C=C5C=C4C=C1C=C25
m_c886af,COC1=CC=CC=C1C=O;COC=CC1=CC=CC=C1C=O;CCC(C)CCCCC(=O)NCCCC1=CC2=CC=C1C=C2;CCC(C)CCCCC(=O)NCCCC1=CC=CC2=C1C=CC=C2;CCC(C)C1CCCC(=O)NCCCC2=CC=CC3=C2C=CC=C3C=C1;CCC1(C)CCCCC(=O)NCCCC2=CC=CC3=C2C=CC=C31;CCC1(C)CCCCC(=O)NCCCC2=CC=CC=C2C=CC=C1;CCC(C)CCCCC(=O)NCCCC1=C2C=CC=C1C=C2;CC1C(C)CCCCC(=O)NCCCC2=CC=CC3=C2C=CC=C31;CCC(C)CCCCC(=O)NCCCC1=CC=CC=C1;CCC(C)CCCCC(=O)NCCCC1=CC=CC=C1C=O;CCC(C)CCCCC(=O)NCCCC1=CC=C2C=C1C=CC=C2;CCC(C)CCCCC(=O)NCCCC1=CC=CC2=C1C3=CC=C2C=C3;CCC(C)CCCCC(=O)NCCCC1=C2C=CC=C1C2;CCC(C1)CCCCC(=O)NCCCC2=CC=CC3=C2C=CC=C3C=C1;CCC(C)CCC1CC(=O)NCCCC2=CC=CC3=C2C4=CC=C3C=C14;CCC(C)CCCCC(=O)NCCCC1=C2C=CC=C1C2C=O;CCC(C)CCC1CC(=O)NCCCC2=CC=CC3=C2C=CC4=C3C=C14;CCC(C)CCCCC(=O)NCC1CC=CC=C1;CCC(C)CCCC1C(=O)NCCCC2=CC=CC3=C2C=CC=C3C=C1;CCC(C)CCC1CC(=O)NCCCC2=CC=CC3=C2C=CC=C3C=C1;CCC(C)CCCCC(=O)NCCCC1=CC=CC2=C1C=CC=C2C#C;CCC(C)CCCCC(=O)NCCCC1=CC=CC2=C1C=CC#C2;COC=CC1=CC=CC=C1;COC1=CC=CC=C1
m_c8934f,CC=CC1=CC=CC=C1C=O;COC1=CC=CC=C1C=O;COC=CC1=CC=CC=C1C=O;COC=CC1=CC=CC=C1;CC=CC1=CC=CC=C1;COC1=CC=CC=C1;CCO;CCO;CCO;CCO;CCO;CCO;CCO;CCO;CCO;CCO;CCO;CCO;CCO;CCO;CCO;CCO;CCO;CCO;CCO
m_c89ffd,CC=CC1=CC=CC=C1C=O;COC1=CC=CC=C1C=O;CC=CC1=CC=CC=C1;O=CC1=CC=CC=C1;COC1=CC=CC=C1;O=CC1=CC=CC=C1C=O;CC1=CC=CC=C1C=O;CC1=CC=CC=C1;CO;O;CCO;CCO;CCO;CCO;CCO;CCO;CCO;CCO;CCO;CCO;CCO;CCO;CCO;CCO;CCO
m_c933b7,COC1=CC=CC=C1C=O;CCC(C)CCCC(=O)NCC=CC1=CC2=CC=C1C=C2;CCC(C)CCCC(=O)NCC=CC1=CC=CC2=C1C=CC=C2;CCC(C)CCCC(=O)NCCC=CC1=CC2=CC=C1C=C2;CCC(C)CCCC(=O)NCCC1=CC=CC2=C1C=CC=C2;CCC(C)CCCC(=O)NCC1=CC=CC2=C1C=CC=C2;CCC(C)CCCC(=O)NCC=CC1=CC=CC=C1;CC1C(C)CCCC(=O)NCC=CC2=CC=CC3=C2C=CC=C31;CCC(C1)CCCC(=O)NCC=CC2=CC=CC3=C2C=CC=C3C=C1;CCC(C)CCCC(=O)NCC=CC1=CC=C2C=C1C=CC=C2;CCC(C)CCCC(=O)NCCC=CC1=CC=CC=C1;CCC(C)CCCC(=O)NCC=CC1=CC=CC2=C1C3=CC=C2C=C3;C1CC(C)CCCC(=O)NCC=CC2=CC=CC3=C2C=CC=C31;CCC(C)CCCC(=O)NCCC1=CC=CC=C1;CCC1(C)CCCC(=O)NCC=CC2=CC=CC3=C2C=CC=C3C=C1;CCC(C)CCCC(=O)NCC1=CC=CC=C1;CCC(C)CCCC(=O)NCC=CC1=CC=CC2=C1C=CC=C2C=C;CCC(C)CCCC(=O)NCC=CC1=CC2=CC=C1C=C2C=O;O=C(O)COC1=CC=CC=C1C=O;CCC(C1)CC2CC(=O)NCC=CC3=CC=CC4=C3C=CC=C4C=C1C=C2;CCC(C)CCC1C(=O)NCC=CC2=CC=CC3=C2C=CC=C3C=C1;CCC(C1)C2CCC(=O)NCC=CC3=CC=CC4=C3C=CC=C4C=C1C=C2;CCC(C=1)CCCC(=O)NCC=CC2=CC=CC3=C2C=CC=C3C=C=1;CCC(C1)CCCC(=O)NCC=CC2=CC=CC3=C2C=CC4=C3C=C1C=C4;CCC(C1)C2CCC(=O)NCC=CC3=CC=CC4=C3C=CC=C4C=C1C2
m_c9a4bc,CC=CC1=CC=CC=C1C=O;COC1=CC=CC=C1C=O;COC=CC1=CC=CC=C1C=O;COC=CC1=CC=CC=C1;CC=CC1=CC=CC=C1;COC1=CC=CC=C1;CCO;CCO;CCO;CCO;CCO;CCO;CCO;CCO;CCO;CCO;CCO;CCO;CCO;CCO;CCO;CCO;CCO;CCO;CCO
m_c9c302,COC=CC=CC=CC=O;CC=CC1=CC=CC=C1C=O;C1OC=CC=CC=C(C=O)C=C1;COC=CC=CC1=C(C=O)C=C1;COC1=CC=CC=C1C=O;C1OC=CC=CC2=C(C=O)C=C12;C12OC=CC=CC=C(C=O)C=C1C=C2;C12OC=CC=CC=C(C3=O)C=C1C=C23;C12OC=CC=CC=C(C=O)C3=C1C=C23;C1OC=CC=CC=C(C2=O)C=C12;C12OC=CC=CC=C(C=O)C=C1C#C2;COC=CC=CC=C(C=O)C#C;C1OC=CC=CC=C(C=O)C=C1C#C;C1OC=CC=CC=C(C=O)C=C1C=C;CC=CC1=CC=CC=C1;COC1=CC=CC=C1;CCO;CCO;CCO;CCO;CCO;CCO;CCO;CCO;CCO
m_c9c422,CC=CC=CC=CC=O;COC=CC=CC=CC=O;C1C=CC=CC=C1C=O;CC=CC1=CC=CC=C1C=O;C1C=CC=CC=C(C=O)C=C1;C1OC=CC=CC=C1C=O;O=CC=CC=CC=O;CC=CC=CC1=C(C=O)C=C1;CC1=CC=CC=C1C=O;C1C=CC=CC2=C(C=O)C=C2C=C1;C12C=CC=CC=C(C=O)C=C1C=C2;C1C=CC=CC2=C(C=O)C=C12;O=C(O)C1=CC=CC=C1C=O;C12C=CC=CC=C(C3=O)C=C1C=C23;C1C=CC=CC=C(C2=O)C=C12;O=CC=CC=C(C=O)C=C;C1C=CC=CC=C(C=O)C#C1;C12C=CC=CC=C(C=O)C3=C1C=C23;O=CC=CC1=C(C=O)C=C1;C12C=CC=CC=C(C=O)C=C1C#C2;O=CC=CC=C(C=O)C=CC=C;C1C=CC=CC=C(C=O)C=C1C#C;CC=CC=CC=C(C=O)C#C;CC=CC=CC#CC=O;CC=CC=CC1=C(C=O)C=C1C#C
m_cad5a6,CC=CC=CC=CC=O;CC=CC1=CC=CC=C1C=O;COC=CC=CC=O;C1C=CC=CC=C1C=O;COC1=CC=CC=C1C=O;C1C=CC=CC=C(C=O)C=C1;COC=CC1=CC=CC=C1C=O;CC=CC=CC1=C(C=O)C=C1;C1OC=CC=C(C=O)C=C1;CC1=CC=CC=C1C=O;C12C=CC=CC=C(C=O)C=C1C=C2;C1C=CC=CC2=C(C=O)C=C2C=C1;C12OC=CC=C(C=O)C=C1C=C2;C12C=CC=CC=C(C3=O)C=C1C=C23;C12C=CC=CC=C(C=O)C3=C1C=C23;C12C=CC=CC=C(C=O)C=C1C#C2;C1OC=CC=C(C=O)C=C1C#C;C1C=CC=CC=C(C=O)C=C1C#C;CC=CC=CC1=C(C=O)C=C1C#C;CC=CC=CC=C(C=O)C#C;CC=CC=CC#CC=O;C1C=CC=CC=C(C=O)C=C1C=C;COC=CC=C(C=O)C#C;COC=CC1=CC=CC=C1;CC=CC1=CC=CC=C1
m_cc35ab,CC=CC1=CC=CC=C1C=O;CCC1=CC=CC=C1C=O;CCC=CC1=CC=CC=C1C=O;CC=CC1=CC=CC=C1;CCC=CC1=CC=CC=C1;CCCC1=CC=CC=C1C=O;CCCC1=CC=CC=C1;O=CC1=CC=CC=C1C=O;CCC1=CC=CC=C1;O=CC1=CC=CC=C1;C=CC1=CC=CC=C1;C=CC1=CC=CC=C1C=O;CO;O;CCO;CCO;CCO;CCO;CCO;CCO;CCO;CCO;CCO;CCO;CCO
m_cc95e9,COC=CC1=CC=CC=C1C=O;COC1=CC=CC=C1C=O;COC=CC=CC=CC=CC=O;C1OC=CC=CC=CC=C(C=O)C1;C1OC=CC=CC=C2C=C(C=O)C12;COC=CC=CC=C1C=C(C=O)C1;COC=CC=CC1=CC=C1C=O;C12OC=CC=CC=CC=C(C=O)C1C=C2;COC=CC=CC=C1C=C1C=O;C1OC=CC=CC2=CC=C(C=O)C12;C1OC=CC=CC=CC=C(C2=O)C12;C12OC=CC=CC=CC3=C(C=O)C1C=C23;C12OC=CC=CC=CC=C(C=O)C1C#C2;COC=CC=CC=CC=C(C=O)C;C1OC=CC=CC=CC=C(C=O)C1C#C;C1OC=CC=CC=CC=C(C=O)C1C=C;COC=CC1=CC=CC=C1;COC1=CC=CC=C1;CCO;CCO;CCO;CCO;CCO;CCO;CCO
m_cd50d8,COC1=CC=CC=C1C=O;COC=CC1=CC=CC=C1C=O;CCC(C)CCCC(=O)NCCC1=CC=CC2=C1C=CC=C2;CCC(C)CCCC(=O)NCCCC1=CC2=CC=C1C=C2;CCC(C)CCCC(=O)NCCCC1=CC=CC2=C1C=CC=C2;CCC(C)CCCC(=O)NCCC1=CC2=CC=C1C=C2;CCC(C)CCCC(=O)NCCC1=CC=CC=C1;CCC(C)CCCC(=O)NCCC1=CC=C2C=C1C=CC=C2;CCC(C)CCCC(=O)NCCCC1=CC=CC=C1;CCC1(C)CCCC(=O)NCCC2=CC=CC3=C2C=CC=C3C=C1;CC1C(C)CCCC(=O)NCCC2=CC=CC3=C2C=CC=C3C=C1;CCC(C)CCCC(=O)NCCC1=CC2=CC=C1C=C2C=O;CCC(C1)CCCC(=O)NCCCC2=CC=CC3=C2C=CC=C3C=C1;CCC(C)CCCC(=O)NCCCC1=CC=CC=C1C=O;CCC(C)CCCC(=O)NCCC1=CC=CC2=C1C=CC=C2C;CCC(C)CCCC(=O)NCCC1=CC=CC2=C1C3=CC=C2C=C3;CCC(C)CCCC(=O)NCCCC1=CC=CC2=C1C=CC=C2C;CCC(C)CCCC(=O)NCCCC1=CC=CC2=C1C3=CC=C2C=C3;CCC1(C)CCCC(=O)NCCCC2=CC=CC3=C2C=CC=C3C=C1;CCC(C)CC1CC(=O)NCCC2=CC=CC3=C2C=CC=C3C=C1;CCC(C)CCCC(=O)NCC1CC=CC=C1;CCC1(C)C2CCC(=O)NCCC3=CC=CC4=C3C=CC=C4C=C1C=C2;CCC(C)CCCC(=O)NCC1C=CC=CC=C1;CCC(C)CCC1C(=O)NCCCC2=CC=CC3=C2C=CC=C3C=C1;CCC(C)CCCC(=O)NCCC1C=CC=CC=C1
m_cd6458,CC=CC=CC=CC=O;CC=CC1=CC=CC=C1C=O;C1C=CC=CC=C1C=O;COC=CC=CC=CC=O;C1C=CC=CC=C(C=O)C=C1;CC=CC=CC1=C(C=O)C=C1;O=CC=CC=CC=O;CC1=CC=CC=C1C=O;C1OC=CC=CC=C(C=O)C=C1;COC1=CC=CC=C1C=O;COC=CC=CC1=C(C=O)C=C1;COC=CC1=CC=CC=C1C=O;C12C=CC=CC=C(C=O)C=C1C=C2;C12OC=CC=CC=C(C=O)C=C1C=C2;C1OC=CC=CC2=C(C=O)C=C12;C12C=CC=CC=C(C3=O)C=C1C=C23;C12OC=CC=CC=C(C3=O)C=C1C=C23;C12C=CC=CC=C(C=O)C3=C1C=C23;C12OC=CC=CC=C(C=O)C3=C1C=C23;C12C=CC=CC=C(C=O)C=C1C#C2;O=C(O)COC1=CC=CC=C1C=O;C12OC=CC=CC=C(C=O)C=C1C#C2;C1OC=CC=CC=C(C2=O)C=C12;C1C=CC=CC=C(C=O)C=C1C#C;C1C=CC=CC=C(C=O)C=C1C
m_ce56d4,CC=CC=CC=CC=O;COC=CC=CC=CC=O;C1C=CC=CC=C1C=O;CC=CC=CC=CC=CC=O;C1OC=CC=CC=C1C=O;C1C=CC=CC=C(C=O)C=C1;C1C=CC=CC=CC=C1C=O;CC=CC=CC1=C(C=O)C=C1;CC1=CC=CC=C1C=O;C1C=CC=CC=CC=C(C=O)C=C1;C1C=CC=CC=CC=C(C=O)C1;CC=CC1=CC=CC=C1C=O;C12C=CC=CC=C(C=O)C=C1C=C2;C1C=CC=CC=CC2=C(C=O)C=C12;CC=CC=CC=C1C=C(C=O)C1;C1C=CC=CC2=C(C=O)C=C2C=C1;CC=CC=CC=CC1=C(C=O)C=C1;C12C=CC=CC=CC=C(C=O)C=C1C=C2;C12C=CC=CC=CC=C(C=O)C1C=C2;C12C=CC=CC=C(C3=O)C=C1C=C23;C=1C=CC=CC=CC=C(C=O)C=C=1;C12C=CC=CC=CC=C(C3=O)C=C1C=C23;C12C=CC=CC=C(C=O)C3=C1C=C23;C12C=CC=CC=CC=C(C=O)C3=C1C=C23;C12C=CC=CC=C(C=O)C=C1C#C2
m_ced31c,COC=CC1=CC=CC=C1C=O;COC=CC=CC=CC=CC=O;COC1=CC=CC=C1C=O;C1OC=CC=CC=CC=C1C=O;C1OC=CC=CC=CC=C(C=O)C=C1;COC=CC=CC=CC1=C(C=O)C=C1;COC=CC=CC=CC#CC=O;COC=CC=CC=C1C=C1C=O;C1OC=CC=CC=CC=C(C=O)C=C1C=C;COC=CC=CC=CC=C(C=O)C#C;COC1=CC=CC=C1;CCO;CCO;CCO;CCO;CCO;CCO;CCO;CCO;CCO;CCO;CCO;CCO;CCO;CCO
m_cfb3df,CC=CC=CC=CC=O;CC=CC1=CC=CC=C1C=O;C1C=CC=CC=C1C=O;C1C=CC=CC=C(C=O)C=C1;CC=CC=CC1=C(C=O)C=C1;COC=CC=CC=CC=O;CC1=CC=CC=C1C=O;C12C=CC=CC=C(C=O)C=C1C=C2;C1C=CC=CC2=C(C=O)C=C2C=C1;C12C=CC=CC=C(C3=O)C=C1C=C23;C12C=CC=CC=C(C=O)C3=C1C=C23;C12C=CC=CC=C(C=O)C=C1C#C2;C1=2C=CC=CC=C(C=O)C=C1C=C=2;C1C=CC=CC=C(C=O)C=C1C#C;CC=CC=CC1=C(C=O)C=C1C#C;CC=CC=CC=C(C=O)C#C;CC=CC=CC#CC=O;C1C=CC=CC=C(C=O)C=C1C=C;COC=CC1=CC=CC=C1;CC=CC1=CC=CC=C1;COC1=CC=CC=C1C=O;COC1=CC=CC=C1;CCO;CCO;CCO
m_d01f54,COC1=CC=CC=C1C=O;COC=CC1=CC=CC=C1C=O;COC=CC=CC=CC=CC=O;C1OC=CC=CC=CC=C(C=O)C1;C1OC=CC=CC=C2C=C(C=O)C12;COC=CC=CC1=CC=C1C=O;COC=CC=CC=C1C=C(C=O)C1;COC=CC=CC=C1C=C1C=O;C=1OC=CC=CC=CC=C(C=O)C=1;C1OC=CC=CC2=CC=C(C=O)C12;O=C(O)COC1=CC=CC=C1C=O;C=1OC=CC=CC=C2C=C(C=O)C=12;COC=CC=CC=CC=C(C=O)C;COC=CC1=CC=CC=C1;COC1=CC=CC=C1;CCO;CCO;CCO;CCO;CCO;CCO;CCO;CCO;CCO;CCO
m_d07b86,CC=CC1=CC=CC=C1C=O;CCC1=CC=CC=C1C=O;CCC=CC1=CC=CC=C1C=O;O=CC=CC=CC=O;O=C(O)C1=CC=CC=C1C=O;O=CC=CC=C(C=O)C=C;O=CC=CC1=C(C=O)C=C1;O=CC=CC=C(C=O)C=CC=C;O=CC=CC1=C(C=O)C=C1C=C;O=CC=CC1=C(C2=O)C=C1C=C2;O=CC=CC=C(C1=O)C=CC=C1;O=CC=CC1=C(C=O)C2=C1C=C2;O=CC=CC=C(C=O)C1=CC=C1;O=CC=CC=C(C=O)C=CC#C;O=CC=CC1=C(C=O)C=C1C#C;O=CC=CC1=C(C=O)C=C1C;O=CC=CC=C(C=O)C=C=C;O=CC=CC=C(C=O)C#C;CCC=CC1=CC=CC=C1;CC=CC1=CC=CC=C1;O=C(O)CC1=CC=CC=C1C=O;CCC1=CC=CC=C1;O=CC1=CC=CC=C1C=O;O=CC1=CC=CC=C1;CC1=CC=CC=C1C=O
m_d1e5ef,CC=CC=CC=CC=O;CC=CC1=CC=CC=C1C=O;C1C=CC=CC=C1C=O;C1C=CC=CC=C(C=O)C=C1;CC=CC=CC1=C(C=O)C=C1;CC1=CC=CC=C1C=O;C12C=CC=CC=C(C=O)C=C1C=C2;CC=CC=C1C=C(C=O)C=C1;C1C=CC=CC2=C(C=O)C=C12;COC=CC=CC=CC=O;C12C=CC=CC=C(C3=O)C=C1C=C23;C1C=CC=CC=C(C2=O)C=C12;C12C=CC=CC=C(C=O)C3=C1C=C23;C1C=CC=CC=C(C=O)C#C1;C12C=CC=CC=C(C=O)C=C1C#C2;CC=CC=CC=C(C=O)C=C;C1C=CC=CC=C(C=O)C=C1C#C;C1C=CC=CC=C(C=O)C=C1C;CC=CC=CC=C(C=O)C#C;CC=CC=CC#CC=O;C1C=CC=CC=C(C=O)C=C1C=C;COC=CC1=CC=CC=C1;CC=CC1=CC=CC=C1;COC1=CC=CC=C1C=O;COC1=CC=CC=C1
m_d1ecad,CCC=CC1=CC=CC=C1C=O;CCC1=CC=CC=C1C=O;COC=CC=CC=CC=O;C1OC=CC=CC=C1C=O;COC1=CC=CC=C1C=O;C1OC=CC=CC=C(C=O)C=C1;COC=CC=CC1=C(C=O)C=C1;COC=CC1=CC=CC=C1C=O;C1OC=CC=CC2=C(C=O)C=C12;C1OC=CC=CC=C(C2=O)C=C12;O=C(O)C1=CC=CC=C1C=O;C1OC=CC=CC=C(C=O)C#C1;COC=CC=CC=C(C=O)C=C;COC=CC=CC#CC=O;COC=CC=CC=C(C=O)C#C;CCC=CC1=CC=CC=C1;CC=CC1=CC=CC=C1;CC=CC1=CC=CC=C1C=O;CCC1=CC=CC=C1;COC=CC1=CC=CC=C1;O=CC1=CC=CC=C1;O=CC1=CC=CC=C1C=O;CCC=CC=CC=CC=O;CCC=CC=CC=C;COC1=CC=CC=C1
m_d258c4,CCC(C)CCCC(=O)NCCC=CC1=CC2=CC=C1C=C2;CCC(C)CCCC(=O)NCCC1=CC=CC2=C1C=CC=C2;CCC(C)CCCC(=O)NCCC=CC1=CC=CC2=C1C=CC=C2;CCC(C)CCCC(=O)NCCCC1=CC2=CC=C1C=C2;CCC(C)CCCC(=O)NCCC1=CC2=CC=C1C=C2;CCC(C)CCCC(=O)NCCC=CC1=CC=CC=C1;CCC1(C)CCCC(=O)NCCC=CC2=CC3=CC=C2C=C3C=C1;CCC(C)CCCC(=O)NCCC=CC1=C2C=CC=C1C=C2;CCC1(C)CCCC(=O)NCCC2=CC=CC3=C2C=CC=C3C=C1;CC1C(C)CCCC(=O)NCCC=CC2=CC3=CC=C2C=C3C=C1;CCC(C)CCCC(=O)NCCC1=CC=CC=C1;CCC(C)CCCC(=O)NCCCC1=CC=CC=C1;CCC(C)CCCC(=O)NCCC=CC1=CC=CC2=C1C3=CC=C2C=C3;CCC(C)CCCC(=O)NCCC1=CC=CC2=C1C3=CC=C2C=C3;CCC1(C)C2CCC(=O)NCCC3=CC=CC4=C3C=CC=C4C=C1C=C2;CCC(C)CC1CC(=O)NCCC=CC2=CC3=CC=C2C=C3C=C1;CCC1(C)C2CCC(=O)NCCC=CC3=CC4=CC=C3C=C4C=C1C=C2;CCC1(C)CCC2C(=O)NCCC3=CC=CC4=C3C=C5C=C4C=C1C=C25;CCC1(C)CCC2C(=O)NCCC=CC3=CC4=CC=C3C=C4C=C1C=C2;CCC1(C)CCC2C(=O)NCCC3=CC=CC4=C3C=CC5=C4C=C1C=C25;CCC(C)CCCC(=O)NCC1CC=CC=C1;CCC1(C)CCCC(=O)NCCC2=CC=CC3=C2C=CC=C3C=C1C=C;CCC1(C)CCCC(=O)NCCC=CC2=CC3=CC=C2C=C3C=C1C;CCC1(C)CCCC(=O)NCCC2=CC=CC3=C2C=C4C=C3C=C1C4;CCC1(C)CCC2C(=O)NCCC3=CC=CC4=C3C=CC=C4C5=C1C=C25
m_d274b6,COC1=CC=CC=C1C=O;COC=CC1=CC=CC=C1C=O;COC=CC1=CC=CC=C1;COC1=CC=CC=C1;CCO;CCO;CCO;CCO;CCO;CCO;CCO;CCO;CCO;CCO;CCO;CCO;CCO;CCO;CCO;CCO;CCO;CCO;CCO;CCO;CCO
m_d3998e,CCC1=CC=CC=C1C=O;CC=CC1=CC=CC=C1C=O;O=CC=CC=CC=O;CCC=CC1=CC=CC=C1C=O;O=CC=CC=C(C=O)C=C;O=CC=CC1=C(C=O)C=C1;COC1=CC=CC=C1C=O;O=CC=CC=C(C=O)C=CC=C;O=CC=CC=C(C=O)C#C;O=CC=CC=C(C1=O)C=C1;O=CC=CC=C(C1=O)C=CC=C1;O=CC=CC=C(C=O)C1=CC=C1;O=CC=CC=C(C=O)C=CC#C;O=CC=CC=C(C=O)C=C1C=C1;O=CC=CC=C(C=O)C=C=C;CC=CC1=CC=CC=C1;CCCC1=CC=CC=C1C=O;CCC=CC1=CC=CC=C1;O=CC1=CC=CC=C1C=O;CCCC1=CC=CC=C1;CC1=CC=CC=C1C=O;O=CC1=CC=CC=C1;CCC1=CC=CC=C1;O=C(O)C1=CC=CC=C1;O=C(O)C1=CC=CC=C1C=O
m_d4c45b,COC1=CC=CC=C1C=O;O=C(O)C1=CC=CC=C1C=O;O=C(O)COC1=CC=CC=C1C=O;O=C(O)C=CC1=CC=CC=C1C=O;O=C(O)C1=CC=CC=C1;O=C(O)C1OC=CC=C1;COC1=CC=CC=C1;O;CCO;CCO;CCO;CCO;CCO;CCO;CCO;CCO;CCO;CCO;CCO;CCO;CCO;CCO;CCO;CCO;CCO
m_d56a4e,CC=CC=CC=CC=O;COC=CC=CC=CC=O;CC=CC1=CC=CC=C1C=O;C1C=CC=CC=C1C=O;C1OC=CC=CC=C1C=O;C1C=CC=CC=C(C=O)C=C1;CC=CC=CC1=C(C=O)C=C1;CC1=CC=CC=C1C=O;C1C=CC=CC2=C(C=O)C=C2C=C1;C12C=CC=CC=C(C=O)C=C1C=C2;CC=CC=C1C=C(C=O)C=C1;C1C=CC=CC2=C(C=O)C=C12;C12C=CC=CC=C(C3=O)C=C1C=C23;C1C=CC=CC=C(C2=O)C=C12;C12C=CC=CC=C(C=O)C3=C1C=C23;C12C=CC=CC=C(C=O)C=C1C#C2;C1C=CC=CC=C(C=O)C#C1;CC=CC=CC=C(C=O)C=C;C1C=CC=CC=C(C=O)C=C1C#C;CC=CC=CC1=C(C=O)C=C1C#C;CC=CC=CC=C(C=O)C#C;CC=CC=CC#CC=O;COC=CC=CC#CC=O;C1C=CC=CC=C(C=O)C=C1C=C;C1C=CC=CC=C(C=O)C=C1C
m_d6c1c0,CC=CC=CC=CC=O;CC=CC=CC=CC=CC=O;C1C=CC=CC=C1C=O;C1C=CC=CC=C(C=O)C=C1;C1C=CC=CC=CC=C1C=O;CC=CC=CC1=C(C=O)C=C1;COC=CC=CC=CC=O;CC1=CC=CC=C1C=O;CC=CC1=CC=CC=C1C=O;COC=CC1=CC=CC=C1C=O;COC1=CC=CC=C1C=O;C1OC=CC=CC=C1C=O;C12C=CC=CC=C(C=O)C=C1C=C2;C1OC=CC=CC=C(C=O)C=C1;COC=CC=CC1=C(C=O)C=C1;C1OC=CC=CC2=C(C=O)C=C12;C12OC=CC=CC=C(C=O)C=C1C=C2;C1OC=CC=CC=C(C2=O)C=C12;C12OC=CC=CC=C(C3=O)C=C1C=C23;C=1OC=CC=CC=C(C=O)C=C=1;C12OC=CC=CC=C(C=O)C3=C1C=C23;C12OC=CC=CC=C(C=O)C=C1C#C2;C1OC=CC=CC=C(C=O)C#C1;COC=CC=CC=C(C=O)C=C;C1C=CC=CC=C(C=O)C=C1C#C
m_d74296,CC=CC=CC=CC=O;C1C=CC=CC=C1C=O;C1C=CC=CC=C(C=O)C=C1;CC=CC=CC1=C(C=O)C=C1;CC1=CC=CC=C1C=O;C12C=CC=CC=C(C=O)C=C1C=C2;COC=CC=CC=CC=O;C12C=CC=CC=C(C3=O)C=C1C=C23;C12C=CC=CC=C(C=O)C3=C1C=C23;C12C=CC=CC=C(C=O)C=C1C#C2;C1C=CC=CC=C(C=O)C=C1C#C;CC=CC=CC=C(C=O)C#C;C1C=CC=CC=C(C=O)C=C1C=C;CC=CC=CC#CC=O;CC=CC1=CC=CC=C1;COC1=CC=CC=C1;CCO;CCO;CCO;CCO;CCO;CCO;CCO;CCO;CCO
m_d7ad1b,CC=CC=CC=CC=O;C1C=CC=CC=C1C=O;CC=CC1=CC=CC=C1C=O;C1C=CC=CC=C(C=O)C=C1;CC=CC=CC1=C(C=O)C=C1;CC1=CC=CC=C1C=O;C1C=CC=CC2=C(C=O)C=C12;O=CC=CC=CC=O;C1C=CC=CC=C(C2=O)C=C12;C1C=CC=CC=C(C=O)C#C1;CC=CC=CC=C(C=O)C=C;CC=CC=CC#CC=O;CC=CC=CC=C(C=O)C#C;C1C=CC=CC=C(C=O)C=C1C=C;CC=CC1=CC=CC=C1;CCO;CCO;CCO;CCO;CCO;CCO;CCO;CCO;CCO;CCO
m_d7ecc5,CC=CC=CC=CC=O;CC=CC1=CC=CC=C1C=O;C1C=CC=CC=C1C=O;C1C=CC=CC=C(C=O)C=C1;CC=CC=CC1=C(C=O)C=C1;CC1=CC=CC=C1C=O;C12C=CC=CC=C(C=O)C=C1C=C2;C12C=CC=CC=C(C3=O)C=C1C=C23;C12C=CC=CC=C(C=O)C3=C1C=C23;C12C=CC=CC=C(C=O)C=C1C#C2;C1C=CC=CC=C(C=O)C=C1C;C1C=CC=CC=C(C=O)C=C1C#C;CC=CC=CC=C(C=O)C#C;CC=CC=CC#CC=O;C1C=CC=CC=C(C=O)C=C1C=C;COC=CC1=CC=CC=C1;CC=CC1=CC=CC=C1;COC1=CC=CC=C1C=O;COC1=CC=CC=C1;CCO;CCO;CCO;CCO;CCO;CCO
m_d86693,CC=CC=CC=CC=O;CC=CC1=CC=CC=C1C=O;C1C=CC=CC=C1C=O;C1C=CC=CC=C(C=O)C=C1;COC=CC1=CC=CC=C1C=O;COC1=CC=CC=C1C=O;CC=CC=CC1=C(C=O)C=C1;COC=CC=CC=CC=O;CC1=CC=CC=C1C=O;C12C=CC=CC=C(C=O)C=C1C=C2;C12C=CC=CC=C(C3=O)C=C1C=C23;C12C=CC=CC=C(C=O)C3=C1C=C23;C12C=CC=CC=C(C=O)C=C1C#C2;C1C=CC=CC=C(C=O)C=C1C#C;CC=CC=CC=C(C=O)C#C;CC=CC=CC#CC=O;C1C=CC=CC=C(C=O)C=C1C=C;COC=CC1=CC=CC=C1;CC=CC1=CC=CC=C1;COC1=CC=CC=C1;CCO;CCO;CCO;CCO;CCO
m_d90c36,COC=CC=CC=CC=O;C1OC=CC=CC=C1C=O;COC=CC1=CC=CC=C1C=O;COC1=CC=CC=C1C=O;COC=CC=C1C=C(C=O)C1;COC=CC=CC#CC=O;COC=CC1=CC=CC=C1;COC1=CC=CC=C1;O=C(O)C=CC=C;CCO;CCO;CCO;CCO;CCO;CCO;CCO;CCO;CCO;CCO;CCO;CCO;CCO;CCO;CCO;CCO
m_daf5f1,CC=CC1=CC=CC=C1C=O;C=CC1=CC=CC=C1C=O;CC=CC1=CC=CC=C1;O=CC=CC1=CC=CC=C1;C=CC1=CC=CC=C1;O;CCO;CCO;CCO;CCO;CCO;CCO;CCO;CCO;CCO;CCO;CCO;CCO;CCO;CCO;CCO;CCO;CCO;CCO;CCO
m_db2018,COC=CC=CC=CC=O;C1OC=CC=CC=C1C=O;C1OC=CC=CC=C(C=O)C=C1;COC=CC=CC1=C(C=O)C=C1;COC1=CC=CC=C1C=O;C1OC=CC=CC2=C(C=O)C=C12;C12OC=CC=CC=C(C=O)C=C1C=C2;C1OC=CC=CC2=C(C=O)C=C2C=C1;C1OC=CC=CC=C(C2=O)C=C12;C12OC=CC=CC=C(C3=O)C=C1C=C23;C12OC=CC=CC=C(C=O)C3=C1C=C23;C1OC=CC=CC=C(C=O)C#C1;C12OC=CC=CC=C(C=O)C=C1C#C2;COC=CC=CC=C(C=O)C=C;COC=CC=CC=C(C=O)C#C;C1OC=CC=CC=C(C=O)C=C1C#C;COC=CC=CC#CC=O;C1OC=CC=CC=C(C=O)C=C1C=C;COC=CC=CC1=C(C=O)C=C1C#C;COC=CC=CC1=C(C=O)C=C1C=C;COC=CC1=CC=CC=C1;COC1=CC=CC=C1;CCO;CCO;CCO
m_db2c0e,COC1=CC=CC=C1C=O;COC=CC1=CC=CC=C1C=O;CCCC(C)CCCCCCCCCCCCCCCC1CCCCC1C=O;CCCC(C)CCC1CCCCCCCCCCCCC2CCC=3CC2C1=3;CCCC(C)CCC1CCCCCCCCCCCCC2CCC3CC2=C13;CCCC(C)CCC1CCCCCCCCCCCCC2CCCCC2=C1;CCCC(C)CCCC1C2CCCCCCCCCCC3CCCCC3C12;CCCC(C)CCC1CCCCCCCCCCCCC2CCC3CC2C13;CCCC(C)CCC1CCCCCCCCCCCCC2CCCC3C2C13;CCCC(C)CCC1C2CCCCCCCCCCCC3CCCCC3C21;CCCC(C)CCC=1CCCCCCCCCCCCC2CCC3CC2C=13;CCCC(C)CCC1C2CCCCCCCCCCCC3CCC4CC3C214;CCCC(C)CCC1C2CCCCCCCCCCCC3CCCCC3=C21;CCCC(C)CCC1CCCCCCCCCCCCC2CCCC3C2=C13;CCCC(C)CCC=1CCCCCCCCCCCCC2CCCC3C2C=13;CCCC(C)CCC1CC2CCCCCCCCCCC3CCCC4C3C142;CCCC(C)CCCCCCCCCCCCCCCC1CCCCC1;CCCC(C)CCCC1CCCCCCCCCCCC2CCCCC2C1;CCCC(C)CCCC1CCCCCCCCCCCC2CCCCC2=C1;CCCC(C)CCC1CC2CCCCCCCCCCC3CCC4CC3C142;CCCC(C)CCC1CCCCCCCCCCCCC2CCC3C4C2C134;CCCC(C)CCCCCCCCCCCCCCCCCCCCCCC1C=C1;CCCC(C)CCC1CCCCCCCCCCCCC2CCCCC2C1;COC=CC1=CC=CC=C1;COC1=CC=CC=C1
m_dbd1b2,CCC(C)CCCC(=O)NCCC1=CC=CC2=C1C=CC=C2;CCC(C)CCCCC(=O)NCCCC1=CC2=CC=C1C=C2;CCC(C)CCCC(=O)NCCCC1=CC2=CC=C1C=C2;CCC(C)CCCC(=O)NCCCC1=CC=CC2=C1C=CC=C2;CCC(C)CCCC(=O)NCCC1=CC2=CC=C1C=C2;CCC(C)CCCC(=O)NCCC1=CC=CC=C1;CCC(C)CCCCC(=O)NCCCC1=CC=CC2=C1C=CC=C2;CCC(C)CCCC(=O)NCCC1=CC=C2C=C1C=CC=C2;CCC(C)CCCCC(=O)NCC1CC=CC2=C1C=CC=C2;CCC1(C)CCCC(=O)NCCC2=CC=CC3=C2C=CC=C3C=C1;CCC(C)CCCC(=O)NCCCC1=CC=CC=C1;CCC(C)CCCCC(=O)NCCCC1=CC=CC=C1;CC1C(C)CCCC(=O)NCCC2=CC=CC3=C2C=CC=C3C=C1;CCC(C)C1CCCC(=O)NCCCC2=CC=CC3=C2C=CC=C3C=C1;CCC(C)CCCCC(=O)NCCCC1=C2C=CC=C1C=C2;CCC1(C)CCCCC(=O)NCCCC2=CC=CC=C2C=CC=C1;CCC1(C)CCCCC(=O)NCCCC2=CC=CC3=C2C=CC=C31;CCC(C)CCCC(=O)NCCC1=CC2=CC=C1C=C2C=O;CCC(C1)CCCC(=O)NCCCC2=CC=CC3=C2C=CC=C3C=C1;CCC(C)CCCC(=O)NCCC1=CC=CC2=C1C=CC=C2C;CCC(C)CCCC(=O)NCCCC1=CC=CC=C1C=O;CC1C(C)CCCCC(=O)NCCCC2=CC=CC3=C2C=CC=C31;CCC(C)CCCC(=O)NCCC1=CC=CC2=C1C3=CC=C2C=C3;CCC(C)CCCCC(=O)NCCCC1=CC=C2C=C1C=CC=C2;CCC(C)CCCCC(=O)NCCCC1=CC=CC=C1C=O
m_dbd5d0,COC=CC=CC=CC=O;C1OC=CC=CC=C1C=O;CC=CC1=CC=CC=C1C=O;COC=CC=CC=CC=CC=O;C1OC=CC=CC=C(C=O)C=C1;COC1=CC=CC=C1C=O;COC=CC=CC1=C(C=O)C=C1;C12OC=CC=CC=C(C=O)C=C1C=C2;C1OC=CC=CC2=C(C=O)C=C2C=C1;C1OC=CC=CC2=C(C=O)C=C12;C12OC=CC=CC=C(C3=O)C=C1C=C23;C1OC=CC=CC2=C(C3=O)C=C2C=C13;C12OC=CC=CC=C(C=O)C3=C1C=C23;C1OC=CC=CC=C(C=O)C=C1C;C1OC=CC=CC2=C(C=O)C3=C2C=C13;C1OC=CC=CC=C(C2=O)C=C12;C=1OC=CC=CC=C(C=O)C=C=1;C12OC=CC=CC=C(C=O)C=C1C#C2;C1OC=CC=CC=C(C=O)C#C1;COC=CC=CC=C(C=O)C=C;COC=CC=CC=C(C=O)C#C;C1OC=CC=CC=C(C=O)C=C1C#C;C1OC=CC=CC=C(C=O)C=C1C=C;COC=CC=CC1=C(C=O)C=C1C#C;COC=CC=CC#CC=O
m_dc5eb2,COC1=CC=CC=C1C=O;COC=CC1=CC=CC=C1C=O;O=C(O)C1=CC=CC=C1C=O;O=C(O)COC1=CC=CC=C1C=O;O=C(O)C=CC1=CC=CC=C1C=O;COC=CC1=CC=CC=C1;O=C(O)C1=CC=CC=C1;COC1=CC=CC=C1;O=C(O)C=CC=C;O;CCO;CCO;CCO;CCO;CCO;CCO;CCO;CCO;CCO;CCO;CCO;CCO;CCO;CCO;CCO
m_dc7be7,CC=CC=CC=CC=O;COC=CC=CC=CC=O;C1C=CC=CC=C1C=O;C1C=CC=CC=C(C=O)C=C1;CC=CC=CC1=C(C=O)C=C1;CC1=CC=CC=C1C=O;C1OC=CC=CC=C(C=O)C=C1;COC=CC=CC1=C(C=O)C=C1;COC=CC=CC=CC=CC=O;COC=CC1=CC=CC=C1C=O;COC1=CC=CC=C1C=O;C12C=CC=CC=C(C=O)C=C1C=C2;C12OC=CC=CC=C(C=O)C=C1C=C2;C12C=CC=CC=C(C3=O)C=C1C=C23;COC=CC=CC=C(C1=O)C=CC=C1;C12OC=CC=CC=C(C3=O)C=C1C=C23;C12C=CC=CC=C(C=O)C3=C1C=C23;C1OC=CC=CC=C(C2=O)C=CC=C2C=C1;C1OC=CC=CC=C(C=O)C=C1C;C12OC=CC=CC=C(C=O)C3=C1C=C23;C12C=CC=CC=C(C=O)C=C1C#C2;C1OC=CC=CC=C(C2=O)C=C1C=C2;C12OC=CC=CC=C(C=O)C=C1C#C2;C1C=CC=CC=C(C=O)C=C1C#C;C1OC=CC=CC=C(C=O)C=C1C#C
m_dd5487,CC=CC=CC=CC=O;COC=CC=CC=CC=O;CC=CC1=CC=CC=C1C=O;C1C=CC=CC=C1C=O;CC=CC=CC=CC=CC=O;C1C=CC=CC=C(C=O)C=C1;C1OC=CC=CC=C1C=O;CC=CC=CC1=C(C=O)C=C1;CC1=CC=CC=C1C=O;C1OC=CC=CC=C(C=O)C=C1;COC=CC=CC1=C(C=O)C=C1;COC1=CC=CC=C1C=O;C12C=CC=CC=C(C=O)C=C1C=C2;C1OC=CC=CC2=C(C=O)C=C12;C12OC=CC=CC=C(C=O)C=C1C=C2;C1OC=CC=CC2=C(C=O)C=C2C=C1;C12C=CC=CC=C(C3=O)C=C1C=C23;C12OC=CC=CC=C(C3=O)C=C1C=C23;C12C=CC=CC=C(C=O)C3=C1C=C23;C1OC=CC=CC=C(C2=O)C=C12;C12C=CC=CC=C(C=O)C=C1C#C2;C12OC=CC=CC=C(C=O)C3=C1C=C23;C1OC=CC=CC=C(C=O)C#C1;C12OC=CC=CC=C(C=O)C=C1C#C2;COC=CC=CC=C(C=O)C=C
m_de93b1,CC=CC=CC=CC=O;CC=CC1=CC=CC=C1C=O;O=CC=CC=CC=O;C1C=CC=CC=C1C=O;CC1=CC=CC=C1C=O;CC=CC=CC#CC=O;O=CC=CC#CC=O;CC=CC1=CC=CC=C1;CCO;CCO;CCO;CCO;CCO;CCO;CCO;CCO;CCO;CCO;CCO;CCO;CCO;CCO;CCO;CCO;CCO
m_ded5eb,CC=CC=CC=CC=O;CC=CC1=CC=CC=C1C=O;COC=CC=CC=CC=O;C1C=CC=CC=C1C=O;C1C=CC=CC=C(C=O)C=C1;C1OC=CC=CC=C1C=O;CC=CC=CC1=C(C=O)C=C1;CC1=CC=CC=C1C=O;COC=CC=CC=O;C1OC=CC=CC=C(C=O)C=C1;COC=CC1=CC=CC=C1C=O;CC=CC=C1C=C(C=O)C=C1;COC=CC=CC1=C(C=O)C=C1;C1C=CC=CC2=C(C=O)C=C12;C12C=CC=CC=C(C=O)C=C1C=C2;COC1=CC=CC=C1C=O;C1OC=CC=CC2=C(C=O)C=C12;C1C=CC=CC=C(C2=O)C=C12;C12OC=CC=CC=C(C=O)C=C1C=C2;C12C=CC=CC=C(C3=O)C=C1C=C23;C1C=CC=CC=C(C=O)C#C1;C12OC=CC=CC=C(C3=O)C=C1C=C23;C12C=CC=CC=C(C=O)C3=C1C=C23;C12C=CC=CC=C(C=O)C=C1C#C2;C12OC=CC=CC=C(C=O)C3=C1C=C23
m_e138be,COC=CC=CC=CC=O;CC=CC1=CC=CC=C1C=O;C1OC=CC=CC=C1C=O;C1OC=CC=CC=C(C=O)C=C1;COC=CC=CC1=C(C=O)C=C1;COC1=CC=CC=C1C=O;C12OC=CC=CC=C(C=O)C=C1C=C2;C1OC=CC=CC2=C(C=O)C=C12;C1OC=CC=CC2=C(C=O)C=C2C=C1;COC=CC=CC=C(C1=O)C=CC=C1;C1OC=CC=CC=C(C2=O)C=C12;C12OC=CC=CC=C(C3=O)C=C1C=C23;C12OC=CC=CC=C(C=O)C=C1C2;C1OC=CC=CC=C(C=O)C=C1C;C12OC=CC=CC=C(C=O)C3=C1C=C23;C12OC=CC=CC=C(C=O)C=C1C#C2;C1OC=CC=CC=C(C=O)C#C1;COC=CC=CC=C(C=O)C=C;COC=CC=CC=C(C=O)C#C;C1OC=CC=CC=C(C=O)C=C1C#C;C1OC=CC=CC=C(C=O)C=C1C=C;COC=CC=CC#CC=O;COC=CC=CC1=C(C=O)C=C1C#C;COC=CC=CC1=C(C=O)C=C1C=C;COC=CC1=CC=CC=C1
m_e17598,COC=CC1=CC=CC=C1C=O;COC1=CC=CC=C1C=O;O=C(O)COC1=CC=CC=C1C=O;O=C(O)C=CC1=CC=CC=C1C=O;O=C(O)CC1=CC=CC=C1C=O;O=C(O)C1=CC=CC=C1;COC=CC1=CC=CC=C1;COC1=CC=CC=C1;CCO;CCO;CCO;CCO;CCO;CCO;CCO;CCO;CCO;CCO;CCO;CCO;CCO;CCO;CCO;CCO;CCO
m_e1bfd4,CC=CC=CC=CC=O;COC=CC=CC=CC=O;CC=CC1=CC=CC=C1C=O;C1C=CC=CC=C1C=O;COC1=CC=CC=C1C=O;C1C=CC=CC=C(C=O)C=C1;C1OC=CC=CC=C1C=O;CC=CC=CC1=C(C=O)C=C1;CC1=CC=CC=C1C=O;C1OC=CC=CC=C(C=O)C=C1;COC=CC=CC1=C(C=O)C=C1;C1OC=CC=CC2=C(C=O)C=C12;C1OC=CC=CC=C(C2=O)C=C12;C=1OC=CC=CC=C(C=O)C=C=1;CC=CC=CC=C(C=O)C=C;C1OC=CC=CC=C(C=O)C#C1;COC=CC=CC=C(C=O)C=C;C1C=CC=CC=C(C=O)C=C1C;CC=CC=CC#CC=O;CC=CC=CC=C(C=O)C#C;C1C=CC=CC=C(C=O)C=C1C=C;COC=CC=CC=C(C=O)C#C;COC=CC=CC#CC=O;CC=CC1=CC=CC=C1;COC=CC1=CC=CC=C1
m_e1d7ad,COC=CC=CC=CC=O;CC=CC1=CC=CC=C1C=O;C1OC=CC=CC=C1C=O;C1OC=CC=CC=C(C=O)C=C1;COC=CC=CC1=C(C=O)C=C1;COC1=CC=CC=C1C=O;C12OC=CC=CC=C(C=O)C=C1C=C2;C1OC=CC=CC2=C(C=O)C=C12;C1OC=CC=CC2=C(C=O)C=C2C=C1;COC=CC=CC=C(C1=O)C=CC=C1;C12OC=CC=CC=C(C3=O)C=C1C=C23;C12OC=CC=CC=C(C=O)C=C1C2;C1OC=CC=CC=C(C=O)C=C1C;C1OC=CC=CC=C(C2=O)C=C12;C12OC=CC=CC=C(C=O)C3=C1C=C23;C12OC=CC=CC=C(C=O)C=C1C#C2;C1OC=CC=CC=C(C=O)C#C1;COC=CC=CC=C(C=O)C=C;COC=CC=CC=C(C=O)C#C;C1OC=CC=CC=C(C=O)C=C1C#C;C1OC=CC=CC=C(C=O)C=C1C=C;COC=CC=CC#CC=O;COC=CC=CC1=C(C=O)C=C1C#C;COC=CC=CC1=C(C=O)C=C1C=C;CC=CC1=CC=CC=C1
m_e1f9f4,CC=CC1=CC=CC=C1C=O;CCC(C)CCC(=O)NC=CC=CC1=CC2=CC=C1C=C2;CCC(C)CCC(=O)NC=CC1=CC=CC2=C1C=CC=C2;CCC(C)CCC(=O)NC=CC1=CC=CC=C1C2=CC=CC=C2;CCC(C)CCC(=O)NC=CC=CC1=CC=CC2=C1C=CC=C2;O=CC=CC=CC=O;CCC(C)CCC(=O)NC=CC1=CC2=CC=C1C=C2;CCC(C)CCC(=O)NC=CC1=CC=CC=C1;CCC(C)CCC(=O)NC=CC=CC1=CC=CC=C1;CC1C(C)CCC(=O)NC=CC2=CC=CC3=C2C=CC=C3C=C1;CCC(C)CCC(=O)NC=CC1=CC2=CC=C1C=C2C=O;C1CC(C)CCC(=O)NC=CC2=CC=CC3=C2C=CC=C3C=C1;CCC(C1)CCC(=O)NC=CC2=CC=CC=C2C3=CC=CC=C3C=C1;CCC(C)CCC(=O)NC=CC1=CC=CC=C1C2=CC3=CC=C2C=C3;CCC(C)CCC(=O)NC=CC1=CC=CC=C1C2=C3C=CC=C2C=C3;CC1C(C2)CCC(=O)NC=CC3=CC=CC4=C3C=CC=C4C=C1C=C2;CCC1(C)CCC(=O)NC=CC2=CC=CC=C2C3=CC=CC=C3C=C1;CCC(C)CCC(=O)NC1=CC=CC=C1;CCC(C)CCC(=O)OC1=CC=CC=C1;CCC(C)CCC(=O)NC=CC1=CC=CC=C1C2=CC=CC=C2C=C;CC1C(C)CC2C(=O)NC=CC3=CC=CC4=C3C=CC5=C4C=C1C=C25;CCC(C1)CC2C(=O)NC=CC3=CC=CC=C3C4=CC=CC=C4C=C1C=C2;CC1C(C)CCC(=O)NC=CC2=CC=CC3=C2C=C4C=C3C=C1C4;CCC(C)CCC(=O)NC1=CC=CC=C1C=O;CCC(C)C1CC(=O)NC=CC2=CC=CC3=C2C=CC=C3C=C1
m_e2993b,CCC=CC=CC=CC=O;CC=CC1=CC=CC=C1C=O;C1CC=CC=CC=C1C=O;C1CC=CC=CC=C(C=O)C=C1;CCC1=CC=CC=C1C=O;CCC=CC=CC1=C(C=O)C=C1;COC1=CC=CC=C1C=O;C1CC=CC=CC2=C(C=O)C=C12;O=CC=CC=CC=O;COC=CC1=CC=CC=C1C=O;C1CC=CC=CC=C(C2=O)C=C12;O=C(O)C1=CC=CC=C1C=O;C=1CC=CC=CC=C(C=O)C=C=1;C1CC=CC=CC=C(C=O)C#C1;O=CC=CC=C(C=O)C=C;CCC=CC=CC=C(C=O)C=C;O=CC=CC1=C(C=O)C=C1;O=CC=C1C=C(C=O)C1;O=CC1=CC=CC=C1C=O;O=CC=CC=C(C=O)C#C;O=CC=CC=C(C1=O)C=C1;CCC=CC=CC=C(C=O)C#C;CCC=CC=CC#CC=O;O=CC=CC=C(C=O)C=CC=C;O=CC=CC=C(C=O)C1=CC=C1
m_e3b936,CCC=CC=CC=CC=O;CC=CC=CC=CC=O;CC=CC1=CC=CC=C1C=O;C1CC=CC=CC=C1C=O;COC=CC=CC=CC=O;C1C=CC=CC=C1C=O;C1C=CC=CC=C(C=O)C=C1;CC=CC=CC1=C(C=O)C=C1;CCC=CC1=CC=CC=C1C=O;CCC1=CC=CC=C1C=O;CC1=CC=CC=C1C=O;C1OC=CC=CC=C(C=O)C=C1;COC=CC=CC1=C(C=O)C=C1;C12C=CC=CC=C(C=O)C=C1C=C2;C1C=CC=CC2=C(C=O)C=C2C=C1;C1C=CC=CC2=C(C=O)C=C12;COC1=CC=CC=C1C=O;COC=CC=CC=CC=CC=O;COC=CC1=CC=CC=C1C=O;C12C=CC=CC=C(C3=O)C=C1C=C23;C12OC=CC=CC=C(C=O)C=C1C=C2;COC=CC=CC=C(C1=O)C=CC=C1;C12C=CC=CC=C(C=O)C3=C1C=C23;C1C=CC=CC=C(C=O)C#C1;C12OC=CC=CC=C(C3=O)C=C1C=C23
m_e44302,CC=CC1=CC=CC=C1C=O;CC=CC=CC=CC=O;C1C=CC=CC=C1C=O;O=CC=CC=CC=O;C1C=CC=CC=C(C=O)C=C1;CC=CC=CC1=C(C=O)C=C1;CC1=CC=CC=C1C=O;C=CC1=CC=CC=C1C=O;C12C=CC=CC=C(C=O)C=C1C=C2;CC=CC=CC=C(C=O)C=C;C=1C=CC=CC=C(C=O)C=C=1;C1C=CC=CC=C(C=O)C#C1;C1C=CC=CC=C(C=O)C=C1C#C;CC=CC=CC#CC=O;CC=CC=CC=C(C=O)C#C;C1C=CC=CC=C(C=O)C=C1C=C;CC=CC1=CC=CC=C1;C1C=CC=CC=C(C=O)C=C1C;C=CC1=CC=CC=C1;O=CC1=CC=CC=C1;CC=C1C=CC=CC=C1;O=CC1=CC=CC=C1C=O;CC1=CC=CC=C1;CO;O
m_e4865d,O=CC=CC=CC=CC=O;COC=CC1=CC=CC=C1C=O;O=CC1=CC=CC=C1C=O;O=CC=CC=C1C=C1C=O;O=CC=CC=CC#CC=O;COC=CC1=CC=CC=C1;COC1=CC=CC=C1C=O;O=CC1=CC=CC=C1;COC1=CC=CC=C1;O=CC=CC=CC=O;CCO;CCO;CCO;CCO;CCO;CCO;CCO;CCO;CCO;CCO;CCO;CCO;CCO;CCO;CCO
m_e5050e,COC=CC=CC=CC=O;COC1=CC=CC=C1C=O;C1OC=CC=CC=C(C=O)C=C1;COC=CC=CC1=C(C=O)C=C1;C1OC=CC=CC2=C(C=O)C=C12;C12OC=CC=CC=C(C=O)C=C1C=C2;C1OC=CC=CC=C(C2=O)C=C12;C12OC=CC=CC=C(C3=O)C=C1C=C23;C12OC=CC=CC=C(C=O)C3=C1C=C23;C1OC=CC=CC=C(C=O)C#C1;C12OC=CC=CC=C(C=O)C=C1C#C2;COC=CC=CC=C(C=O)C=C;COC=CC=CC=C(C=O)C#C;C1OC=CC=CC=C(C=O)C=C1C#C;C1OC=CC=CC=C(C=O)C=C1C=C;O=C(O)C1=CC=CC=C1;COC1=CC=CC=C1;CCO;CCO;CCO;CCO;CCO;CCO;CCO;CCO
m_e58af8,COC=CC=CC=CC=O;C1OC=CC=CC=C1C=O;COC1=CC=CC=C1C=O;C1OC=CC=CC=C(C=O)C=C1;COC=CC=CC1=C(C=O)C=C1;C1OC=CC=CC2=C(C=O)C=C12;C12OC=CC=CC=C(C=O)C=C1C=C2;C1OC=CC=CC2=C(C=O)C=C2C=C1;C1OC=CC=CC=C(C2=O)C=C12;C12OC=CC=CC=C(C3=O)C=C1C=C23;C12OC=CC=CC=C(C=O)C3=C1C=C23;O=C(O)COC1=CC=CC=C1C=O;C1OC=CC=CC=C(C=O)C#C1;C12OC=CC=CC=C(C=O)C=C1C#C2;COC=CC=CC=C(C=O)C=C;COC=CC=CC=C(C=O)C#C;C1OC=CC=CC=C(C=O)C=C1C#C;COC=CC=CC#CC=O;C1OC=CC=CC=C(C=O)C=C1C=C;COC=CC=CC1=C(C=O)C=C1C#C;COC=CC=CC1=C(C=O)C=C1C=C;COC1=CC=CC=C1;CCO;CCO;CCO
m_e5b5fa,COC1=CC=CC=C1C=O;COC1=CC=CC=C1;CCO;CCO;CCO;CCO;CCO;CCO;CCO;CCO;CCO;CCO;CCO;CCO;CCO;CCO;CCO;CCO;CCO;CCO;CCO;CCO;CCO;CCO;CCO
m_e6b2c8,CCC(C)CCCC(=O)NCCC1=CC=CC2=C1C=CC=C2;CCC(C)CCCCC(=O)NCCC=CC1=CC2=CC=C1C=C2;CCC(C)CCCCC(=O)NCCC1=CC=CC2=C1C=CC=C2;CCC(C)CCCCC(=O)NCCCC1=CC2=CC=C1C=C2;CCC(C)CCCCC(=O)NCCC1=CC2=CC=C1C=C2;CCC(C)CCCC(=O)NCCCC1=CC=CC2=C1C=CC=C2;CCC(C)CCCC(=O)NCCCC1=CC2=CC=C1C=C2;CCC(C)CCCCC(=O)NCCC=CC1=CC=CC2=C1C=CC=C2;CCC(C1)CCCCC(=O)NCCC=CC2=CC3=CC=C2C=C3C=C1;CCC(C)CC1CCC(=O)NCCC=CC2=CC=CC3=C2C=CC=C3C=C1;CCC(C)CCCC(=O)NCCC1=CC2=CC=C1C=C2;CCC(C1)CCCCC(=O)NCCC2=CC=CC3=C2C=CC=C3C=C1;CCC(C)CCCCC(=O)NCCC=CC1=CC=CC=C1;CCC(C)CCCC(=O)NCCC1=CC=CC=C1;CCC(C)CCCCC(=O)NCCCC1=CC=CC2=C1C=CC=C2;CCC(C)CCCC(=O)NCCC1=CC=C2C=C1C=CC=C2;CCC1(C)CCCC(=O)NCCC2=CC=CC3=C2C=CC=C3C=C1;CCC(C)CCCCC(=O)NCCC=CC1=C2C=CC=C1C=C2;CCC(C)CCCCC(=O)NCC1CC=CC2=C1C=CC=C2;CCC(C)CCCC(=O)NCCCC1=CC=CC=C1;CCC(C)CCCCC(=O)NCCCC1=CC=CC=C1;CCC(C)CCCCC(=O)NCCC1=CC=CC2=C1C3=CC=C2C=C3;CC1C(C)CCCC(=O)NCCC2=CC=CC3=C2C=CC=C3C=C1;CCC(C)CCCCC(=O)NCCC1=CC=CC=C1;CCC(C)CCCCC(=O)NCCC1=CC=CC=C1C=O
m_e6bed4,CC=CC1=CC=CC=C1C=O;COC1=CC=CC=C1C=O;COC=CC1=CC=CC=C1C=O;COC=CC1=CC=CC=C1;CC=CC1=CC=CC=C1;COC1=CC=CC=C1;CCO;CCO;CCO;CCO;CCO;CCO;CCO;CCO;CCO;CCO;CCO;CCO;CCO;CCO;CCO;CCO;CCO;CCO;CCO
m_e73d71,COC=CC=CC=CC=O;CCC=CC=CC=CC=O;CC=CC1=CC=CC=C1C=O;C1OC=CC=CC=C1C=O;COC=CC1=CC=CC=C1C=O;COC=CC=CC=CC=CC=O;C1CC=CC=CC=C1C=O;C1OC=CC=CC=C(C=O)C=C1;COC1=CC=CC=C1C=O;C1CC=CC=CC=C(C=O)C=C1;COC=CC=CC1=C(C=O)C=C1;CCC=CC=CC1=C(C=O)C=C1;CCC1=CC=CC=C1C=O;C1OC=CC=CC=CC=C1C=O;C1OC=CC=CC2=C(C=O)C=C12;C1CC=CC=CC2=C(C=O)C=C12;C12OC=CC=CC=C(C=O)C=C1C=C2;C1OC=CC=CC2=C(C=O)C=C2C=C1;C12CC=CC=CC=C(C=O)C=C1C=C2;C1CC=CC=CC=C(C2=O)C=C12;C1OC=CC=CC=CC=C(C=O)C=C1;C12OC=CC=CC=C(C3=O)C=C1C=C23;C1OC=CC=CC2=C(C3=O)C=C2C=C13;C12CC=CC=CC=C(C3=O)C=C1C=C23;C1OC=CC=CC=CC2=C(C=O)C=C12
m_e77f56,COC=CC=CC=CC=O;CC=CC1=CC=CC=C1C=O;C1OC=CC=CC=C1C=O;COC=CC1=CC=CC=C1C=O;COC1=CC=CC=C1C=O;C1OC=CC=CC=C(C=O)C=C1;COC=CC=CC1=C(C=O)C=C1;C1OC=CC=CC2=C(C=O)C=C12;C12OC=CC=CC=C(C=O)C=C1C=C2;C1OC=CC=CC2=C(C=O)C=C2C=C1;C12OC=CC=CC=C(C3=O)C=C1C=C23;C1OC=CC=CC2=C(C3=O)C=C2C=C13;C12OC=CC=CC=C(C=O)C3=C1C=C23;C1OC=CC=CC2=C(C=O)C3=C2C=C13;C1OC=CC=CC=C(C=O)C#C1;C12OC=CC=CC=C(C=O)C=C1C#C2;C1OC=CC=CC=C(C2=O)C=C12;C1OC=CC=CC2=C(C=O)C=C2C#C1;COC=CC=CC=C(C=O)C=C;C1OC=CC=CC=C(C=O)C=C1C#C;COC=CC=CC=C(C=O)C#C;COC=CC=CC#CC=O;C1OC=CC=CC=C(C=O)C=C1C=C;COC=CC=CC1=C(C=O)C=C1C#C;CC=CC1=CC=CC=C1
m_e7af25,CCC(C)CCCC(=O)NCCC=CC1=CC2=CC=C1C=C2;CCC(C)CCCC(=O)NCCC1=CC=CC2=C1C=CC=C2;CCC(C)CCCCC(=O)NCCCC1=CC2=CC=C1C=C2;CCC(C)CCCC(=O)NCCC1=CC2=CC=C1C=C2;CCC(C)CCCC(=O)NCCC=CC1=CC=CC=C1;CCC(C)CCCCC(=O)NCCCC1=CC=CC2=C1C=CC=C2;CCC(C)CCCC(=O)NCCC=CC1=CC=CC2=C1C=CC=C2;CCC(C)CCCC(=O)NCCC1=CC=CC=C1;CCC(C)CCCC(=O)NCCC=CC1=C2C=CC=C1C=C2;CCC(C)CCCCC(=O)NCCCC1=CC=CC=C1;CCC1(C)CCCC(=O)NCCC=CC2=CC3=CC=C2C=C3C=C1;CCC(C)C1CCCC(=O)NCCCC2=CC=CC3=C2C=CC=C3C=C1;CCC(C)CCCCC(=O)NCCCC1=C2C=CC=C1C=C2;CCC1(C)CCCCC(=O)NCCCC2=CC=CC=C2C=CC=C1;CC1C(C)CCCC(=O)NCCC=CC2=CC3=CC=C2C=C3C=C1;CCC1(C)CCCCC(=O)NCCCC2=CC=CC3=C2C=CC=C31;CCC(C)CCCCC(=O)NCCCC1=C2C=CC=C1C2;CCC(C)CCCC(=O)NCCC1=CC2=CC=C1C=C2C=O;CCC(C)C1CCC(=O)NCCC=CC2=CC=CC3=C2C=CC=C3C=C1;CC1C(C)CCCCC(=O)NCCCC2=CC=CC3=C2C=CC=C31;CCC(C)CCCC(=O)NCCC1=CC=CC=C1C=O;CCC(C)CCCCC(=O)NCCCC1=CC=C2C=C1C=CC=C2;CCC(C)CCCCC(=O)NCCCC1=CC=CC=C1C=O;CCC(C)CCCC(=O)NCCC=CC1=CC=CC=C1C=O;CCC(C)CCCC(=O)NCCC1=CC=CC2=C1C3=CC=C2C=C3
m_e80818,CC=CC1=CC=CC=C1C=O;CCC=CC1=CC=CC=C1C=O;CCC1=CC=CC=C1C=O;COC1=CC=CC=C1C=O;CC=CC1=CC=CC=C1;O=CC=CC1=CC=CC=C1C=O;O=CC1=CC=CC=C1C=O;CCC=CC1=CC=CC=C1;O=CC=CC1=CC=CC=C1;O=CC1=CC=CC=C1;CCCC1=CC=CC=C1C=O;CCC1=CC=CC=C1;CCCC1=CC=CC=C1;O=C(O)COC1=CC=CC=C1C=O;COC1=CC=CC=C1;CO;O;CCO;CCO;CCO;CCO;CCO;CCO;CCO;CCO
m_e8359d,CCC1=CC=CC=C1C=O;CC=CC1=CC=CC=C1C=O;CCC=CC1=CC=CC=C1C=O;CC=CC=CC=CC=O;COC=CC=CC=CC=O;C1C=CC=CC=C1C=O;CC=CC=CC=CC=CC=O;C1C=CC=CC=C(C=O)C=C1;C1OC=CC=CC=C1C=O;CC=CC=CC1=C(C=O)C=C1;C1C=CC=CC=CC=C1C=O;CC1=CC=CC=C1C=O;C1OC=CC=CC=C(C=O)C=C1;COC=CC=CC1=C(C=O)C=C1;COC=CC1=CC=CC=C1C=O;COC1=CC=CC=C1C=O;C12C=CC=CC=C(C=O)C=C1C=C2;C1OC=CC=CC2=C(C=O)C=C12;C12OC=CC=CC=C(C=O)C=C1C=C2;COC=CC=C1C=C(C=O)C1;C1OC=CC=CC2=C(C=O)C=C2C=C1;C12C=CC=CC=C(C3=O)C=C1C=C23;C1OC=CC=CC=C(C2=O)C=C12;C12OC=CC=CC=C(C3=O)C=C1C=C23;C1OC=CC=CC2=C(C3=O)C=C2C=C13
m_e8d835,CC=CC=CC=CC=O;C1C=CC=CC=C1C=O;O=CC=CC=CC=O;CC=CC=CC1=C(C=O)C=C1;C1C=CC=CC=C(C=O)C=C1;CC1=CC=CC=C1C=O;O=CC=CC=CC=CC=O;CC=CC=C1C=C(C=O)C=C1;C1C=CC=CC2=C(C=O)C=C2C=C1;C12C=CC=CC=C(C=O)C=C1C=C2;C1C=CC=CC2=C(C3=O)C=C2C=C13;C12C=CC=CC=C(C3=O)C=C1C=C23;C1C=CC=CC2=C(C=O)C3=C2C=C13;C12C=CC=CC=C(C=O)C3=C1C=C23;C12C=CC=CC=C(C=O)C=C1C#C2;C1C=CC=CC2=C(C=O)C=C2C#C1;C1C=CC=CC=C(C=O)C=C1C#C;CC=CC=CC1=C(C=O)C=C1C#C;CC=CC=CC=C(C=O)C#C;CC=CC1=CC=CC=C1;CCO;CCO;CCO;CCO;CCO
m_e993ec,COC=CC=CC=CC=O;COC1=CC=CC=C1C=O;COC=CC1=CC=CC=C1C=O;C1OC=CC=CC=C1C=O;COC=CC=C1C=C(C=O)C1;O=C(O)C=CC1=CC=CC=C1C=O;COC=CC=CC#CC=O;COC=CC=C1C=C(C=O)C1C#C;COC=CC=C1C=C(C=O)C1C=C;O=C(O)COC1=CC=CC=C1C=O;COC=CC1=CC=CC=C1;COC1=CC=CC=C1;CCO;CCO;CCO;CCO;CCO;CCO;CCO;CCO;CCO;CCO;CCO;CCO;CCO
m_ea2f71,COC=CC=CC=CC=O;CC=CC1=CC=CC=C1C=O;C1OC=CC=CC=C1C=O;COC1=CC=CC=C1C=O;C1OC=CC=CC=C(C=O)C=C1;COC=CC=CC1=C(C=O)C=C1;C1OC=CC=CC2=C(C=O)C=C12;COC=CC1=CC=CC=C1C=O;C12OC=CC=CC=C(C=O)C=C1C=C2;C1OC=CC=CC=C(C2=O)C=C12;C12OC=CC=CC=C(C3=O)C=C1C=C23;C12OC=CC=CC=C(C=O)C3=C1C=C23;C1OC=CC=CC=C(C=O)C#C1;C12OC=CC=CC=C(C=O)C=C1C#C2;COC=CC=CC=C(C=O)C=C;COC=CC=CC=C(C=O)C#C;C1OC=CC=CC=C(C=O)C=C1C#C;COC=CC=CC#CC=O;C1OC=CC=CC=C(C=O)C=C1C=C;COC=CC1=CC=CC=C1;CC=CC1=CC=CC=C1;COC1=CC=CC=C1;CCO;CCO;CCO
m_ea7270,COC=CC=CC=CC=O;CC=CC1=CC=CC=C1C=O;C1OC=CC=CC=C(C=O)C=C1;COC=CC1=CC=CC=C1C=O;COC=CC=CC1=C(C=O)C=C1;COC1=CC=CC=C1C=O;C1OC=CC=CC2=C(C=O)C=C12;C12OC=CC=CC=C(C=O)C=C1C=C2;C12OC=CC=CC=C(C3=O)C=C1C=C23;C12OC=CC=CC=C(C=O)C3=C1C=C23;C1OC=CC=CC=C(C2=O)C=C12;C12OC=CC=CC=C(C=O)C=C1C#C2;COC=CC=CC=C(C=O)C#C;C1OC=CC=CC=C(C=O)C=C1C#C;C1OC=CC=CC=C(C=O)C=C1C=C;CC=CC1=CC=CC=C1;CCO;CCO;CCO;CCO;CCO;CCO;CCO;CCO;CCO
m_eaecd7,CC=CC=CC=CC=O;O=CC=CC=CC=O;C1C=CC=CC=C1C=O;COC1=CC=CC=C1C=O;CC1=CC=CC=C1C=O;C1C=CC=CC=C(C=O)C=C1;CC=CC=CC1=C(C=O)C=C1;C12C=CC=CC=C(C=O)C=C1C=C2;C=1C=CC=CC=C(C=O)C=C=1;C12C=CC=CC=C(C3=O)C=C1C=C23;C12C=CC=CC=C(C=O)C3=C1C=C23;CC=CC=CC=C(C=O)C=C;C12C=CC=CC=C(C=O)C=C1C#C2;O=C(O)COC1=CC=CC=C1C=O;C1C=CC=CC=C(C=O)C#C1;CC=CC=CC#CC=O;C1C=CC=CC=C(C=O)C=C1C#C;CC=CC=CC=C(C=O)C#C;C1C=CC=CC=C(C=O)C=C1C=C;CC=CC1=CC=CC=C1;CC=CC1=CC=CC=C1C=O;COC1=CC=CC=C1;CCO;CCO;CCO
m_ebcb8a,CC=CC=CC=CC=O;CCC1=CC=CC=C1C=O;CC=CC1=CC=CC=C1C=O;CCC=CC1=CC=CC=C1C=O;C1C=CC=CC=C1C=O;C1C=CC=CC=C(C=O)C=C1;O=CC=CC=CC=O;CC=CC=CC1=C(C=O)C=C1;CC1=CC=CC=C1C=O;C1C=CC=CC2=C(C=O)C=C12;C12C=CC=CC=C(C=O)C=C1C=C2;C1C=CC=CC=C(C2=O)C=C12;C12C=CC=CC=C(C3=O)C=C1C=C23;C1C=CC=CC2=C(C=O)C=C2C=C1;C12C=CC=CC=C(C=O)C3=C1C=C23;C1C=CC=CC=C(C=O)C#C1;C1C=CC=CC2=C(C3=O)C=C2C=C13;C12C=CC=CC=C(C=O)C=C1C#C2;CC=CC=CC=C(C=O)C=C;C1C=CC=CC2=C(C=O)C3=C2C=C13;C1C=CC=CC2=C(C=O)C=C2C#C1;C1C=CC=CC=C(C=O)C=C1C#C;CC=CC=CC#CC=O;CC=CC=CC=C(C=O)C#C;C1C=CC=CC=C(C=O)C=C1C=C
m_ec2936,COC=CC=CC=CC=O;COC=CC1=CC=CC=C1C=O;C1OC=CC=CC=C(C=O)C=C1;COC1=CC=CC=C1C=O;COC=CC=CC=CC=CC=O;COC=CC=CC1=C(C=O)C=C1;C12OC=CC=CC=C(C=O)C=C1C=C2;CCC(C)CCCCC(=O)NCC1=CC=CC2=C1C=CC=C2;COC=CC=CC=C(C1=O)C=CC=C1;C12OC=CC=CC=C(C3=O)C=C1C=C23;C12OC=CC=CC=C(C=O)C=C1C2;CCC(C)CCCCC(=O)NCCC1=CC2=CC=C1C=C2;CCC(C)CCCCC(=O)NCCC1=CC=CC2=C1C=CC=C2;C1OC=CC=CC=C(C=O)C=C1C;CCC(C)CCCCC(=O)NCC1=CC2=CC=C1C=C2;C12OC=CC=CC=C(C=O)C3=C1C=C23;CCC(C)CCCCC(=O)NCC1=CC=CC=C1;C12OC=CC=CC=C(C=O)C=C1C#C2;CCC1(C)CCCCC(=O)NCC2=CC=CC3=C2C=CC=C3C=C1;CCC(C)CCCCC(=O)NCC1=CC=C2C=C1C=CC=C2;CCC(C)CCCCC(=O)NCCC1=CC=CC=C1;CC1C(C)CCCCC(=O)NCCC2=CC=CC3=C2C=CC=C31;CC1C(C)CCCCC(=O)NCC2=CC=CC3=C2C=CC=C3C=C1;CCC(C1)CCCCC(=O)NCCC2=CC=CC3=C2C=CC=C3C=C1;CCC(C)CCCCC(=O)NCCC1=CC=C2C=C1C=CC=C2
m_ec5045,CC=CC=CC=CC=O;CCC=CC=CC=CC=O;CCC=CC=CC=O;CCC=CC1=CC=CC=C1C=O;C1CC=CC=CC=C1C=O;CCC1=CC=CC=C1C=O;C1C=CC=CC=C1C=O;CC=CC1=CC=CC=C1C=O;C1CC=CC=CC=C(C=O)C=C1;CC1=CC=CC=C1C=O;C1C=CC=CC=C(C=O)C=C1;CC=CC=CC1=C(C=O)C=C1;CCC=CC=CC1=C(C=O)C=C1;C1CC=CC=CC2=C(C=O)C=C12;C1CC=CC=CC=C(C2=O)C=C12;C1C=CC=CC2=C(C=O)C=C12;C=1CC=CC=CC=C(C=O)C=C=1;C12C=CC=CC=C(C=O)C=C1C=C2;C1C=CC=CC=C(C2=O)C=C12;C1C=CC=CC=C(C=O)C#C1;C1CC=CC=CC=C(C=O)C#C1;CC=CC=CC=C(C=O)C=C;CCC=CC=CC=C(C=O)C=C;CCC=CC=CC=C(C=O)C#C;CC=CC=CC#CC=O
m_ec755b,CC=CC=CC=CC=O;C1C=CC=CC=C1C=O;COC=CC=CC=CC=O;CC=CC1=CC=CC=C1C=O;O=CC=CC=CC=O;C1C=CC=CC=C(C=O)C=C1;CC=CC=CC1=C(C=O)C=C1;CC1=CC=CC=C1C=O;C1OC=CC=CC=C1C=O;C1OC=CC=CC=C(C=O)C=C1;COC=CC=CC1=C(C=O)C=C1;COC1=CC=CC=C1C=O;C1C=CC=CC2=C(C=O)C=C12;C12C=CC=CC=C(C=O)C=C1C=C2;C1OC=CC=CC2=C(C=O)C=C12;C12OC=CC=CC=C(C=O)C=C1C=C2;C1C=CC=CC=C(C2=O)C=C12;C12C=CC=CC=C(C3=O)C=C1C=C23;C1OC=CC=CC2=C(C=O)C=C2C=C1;C1C=CC=CC=C(C=O)C#C1;C12OC=CC=CC=C(C3=O)C=C1C=C23;C1OC=CC=CC=C(C2=O)C=C12;C12C=CC=CC=C(C=O)C3=C1C=C23;C12C=CC=CC=C(C=O)C=C1C#C2;C12OC=CC=CC=C(C=O)C3=C1C=C23
m_ecbfb5,CC=CC=CC=CC=O;CC=CC=CC=O;C1C=CC=CC=C1C=O;COC=CC=CC=CC=O;O=CC=CC=CC=O;C1C=CC=CC=C(C=O)C=C1;C1C=CC=C(C=O)C=C1;CC1=CC=CC=C1C=O;CC=CC=CC1=C(C=O)C=C1;C1OC=CC=CC=C1C=O;C1OC=CC=CC=C(C=O)C=C1;COC=CC=CC1=C(C=O)C=C1;C12C=CC=C(C=O)C=C1C=C2;C12C=CC=CC=C(C=O)C=C1C=C2;COC1=CC=CC=C1C=O;C12OC=CC=CC=C(C=O)C=C1C=C2;C1OC=CC=CC2=C(C=O)C=C12;CC=CC1=CC=CC=C1C=O;C12C=CC=CC=C(C3=O)C=C1C=C23;C1OC=CC=CC=C(C2=O)C=C12;C=1OC=CC=CC=C(C=O)C=C=1;C12OC=CC=CC=C(C3=O)C=C1C=C23;C12C=CC=CC=C(C=O)C3=C1C=C23;C12C=CC=CC=C(C=O)C=C1C#C2;C12OC=CC=CC=C(C=O)C3=C1C=C23
m_ed201b,CCC(C)CCCC(=O)NCCC1=CC=CC2=C1C=CC=C2;CCC(C)CCCCC(=O)NCCCC1=CC2=CC=C1C=C2;CCC(C)CCCC(=O)NCCCC1=CC2=CC=C1C=C2;CCC(C)CCCC(=O)NCCCC1=CC=CC2=C1C=CC=C2;CCC(C)CCCC(=O)NCCC1=CC2=CC=C1C=C2;CCC(C)CCCCC(=O)NCCCC1=CC=CC2=C1C=CC=C2;CCC(C)CCCCC(=O)NCC1CC=CC2=C1C=CC=C2;CCC(C)CCCC(=O)NCCC1=CC=CC=C1;CCC(C)CCCC(=O)NCCC1=CC=C2C=C1C=CC=C2;CCC(C)CCCCC(=O)NCCCC1=CC=CC=C1;CCC(C)CCCC(=O)NCCCC1=CC=CC=C1;CCC1(C)CCCC(=O)NCCC2=CC=CC3=C2C=CC=C3C=C1;CCC(C)CCCCC(=O)NCCCC1=C2C=CC=C1C=C2;CCC(C)C1CCCC(=O)NCCCC2=CC=CC3=C2C=CC=C3C=C1;CCC1(C)CCCCC(=O)NCCCC2=CC=CC=C2C=CC=C1;CCC1(C)CCCCC(=O)NCCCC2=CC=CC3=C2C=CC=C31;CCC(C)CCCCC(=O)NCCCC1=C2C=CC=C1C2;CC1C(C)CCCC(=O)NCCC2=CC=CC3=C2C=CC=C3C=C1;CCC(C)CCCC(=O)NCCC1=CC2=CC=C1C=C2C=O;CC1C(C)CCCCC(=O)NCCCC2=CC=CC3=C2C=CC=C31;CCC(C)CCCC(=O)NCCCC1=CC=CC=C1C=O;CCC(C)CCCCC(=O)NCCCC1=CC=C2C=C1C=CC=C2;CCC(C1)CCCC(=O)NCCCC2=CC=CC3=C2C=CC=C3C=C1;CCC(C)CCCC(=O)NCCC1=CC=CC2=C1C=CC=C2C;CCC(C)CCCCC(=O)NCCCC1=CC=CC=C1C=O
m_edaa12,COC=CC=CC=CC=O;CC=CC1=CC=CC=C1C=O;C1OC=CC=CC=C(C=O)C=C1;COC=CC=CC1=C(C=O)C=C1;COC1=CC=CC=C1C=O;C1OC=CC=CC2=C(C=O)C=C12;C12OC=CC=CC=C(C=O)C=C1C=C2;COC=CC=CC=C(C1=O)C=CC=C1;C12OC=CC=CC=C(C3=O)C=C1C=C23;C12OC=CC=CC=C(C=O)C=C1C2;C12OC=CC=CC=C(C=O)C3=C1C=C23;C1OC=CC=CC=C(C=O)C=C1C;C1OC=CC=CC=C(C2=O)C=C12;C12OC=CC=CC=C(C=O)C=C1C#C2;COC=CC=CC=C(C=O)C#C;C1OC=CC=CC=C(C=O)C=C1C#C;C1OC=CC=CC=C(C=O)C=C1C=C;CC=CC1=CC=CC=C1;COC1=CC=CC=C1;CCO;CCO;CCO;CCO;CCO;CCO
m_edccdd,COC1=CC=CC=C1C=O;COC=CC1=CC=CC=C1C=O;COC=CC1=CC=CC=C1;COC1=CC=CC=C1;CCO;CCO;CCO;CCO;CCO;CCO;CCO;CCO;CCO;CCO;CCO;CCO;CCO;CCO;CCO;CCO;CCO;CCO;CCO;CCO;CCO
m_edd5cd,COC=CC1=CC=CC=C1C=O;COC1=CC=CC=C1C=O;COC=CC=CC=CC=CC=O;C1OC=CC=CC=CC=C(C=O)C1;C1OC=CC=CC=C2C=C(C=O)C12;COC=CC=CC1=CC=C1C=O;COC=CC=CC=C1C=C(C=O)C1;COC=CC=CC=C1C=C1C=O;C1OC=CC=CC2=CC=C(C=O)C12;C1OC=CC=CC=CC=C(C2=O)C12;C=1OC=CC=CC=CC=C(C2=O)C=12;COC=CC=CC=CC=C(C=O)C;COC=CC1=CC=CC=C1;COC1=CC=CC=C1;CCO;CCO;CCO;CCO;CCO;CCO;CCO;CCO;CCO;CCO;CCO
m_eff2fa,CC=CC=CC=CC=O;COC=CC=CC=CC=O;C1C=CC=CC=C1C=O;C1OC=CC=CC=C1C=O;C1C=CC=CC=C(C=O)C=C1;COC1=CC=CC=C1C=O;CC=CC=CC1=C(C=O)C=C1;COC=CC1=CC=CC=C1C=O;C12C=CC=CC=C(C=O)C=C1C=C2;C1C=CC=CC2=C(C=O)C=C2C=C1;C12C=CC=CC=C(C3=O)C=C1C=C23;C12C=CC=CC=C(C=O)C3=C1C=C23;C12C=CC=CC=C(C=O)C=C1C#C2;C1C=CC=CC=C(C=O)C=C1C#C;CC=CC=CC1=C(C=O)C=C1C#C;CC=CC=CC1=C(C=O)C=C1C=C;C1C=CC=CC=C(C=O)C=C1C=C;CC=CC=CC#CC=O;CC=CC=CC=C(C=O)C#C;COC=CC=CC#CC=O;COC=CC1=CC=CC=C1;CC=CC1=CC=CC=C1;COC1=CC=CC=C1;CCO;CCO
m_f0bee0,COC=CC=CC=CC=O;CC=CC1=CC=CC=C1C=O;COC1=CC=CC=C1C=O;C1OC=CC=CC=C1C=O;C1OC=CC=CC=C(C=O)C=C1;COC=CC=CC1=C(C=O)C=C1;C1OC=CC=CC2=C(C=O)C=C12;C12OC=CC=CC=C(C=O)C=C1C=C2;C1OC=CC=CC2=C(C=O)C=C2C=C1;C12OC=CC=CC=C(C3=O)C=C1C=C23;C1OC=CC=CC=C(C2=O)C=C12;C12OC=CC=CC=C(C=O)C3=C1C=C23;C1OC=CC=CC=C(C=O)C#C1;C12OC=CC=CC=C(C=O)C=C1C#C2;COC=CC=CC=C(C=O)C=C;C1OC=CC=CC=C(C=O)C=C1C#C;COC=CC=CC=C(C=O)C#C;COC=CC=CC#CC=O;C1OC=CC=CC=C(C=O)C=C1C=C;COC=CC=CC1=C(C=O)C=C1C#C;CC=CC1=CC=CC=C1;COC1=CC=CC=C1;CCO;CCO;CCO
m_f10ba9,CC=CC1=CC=CC=C1C=O;COC=CC=CC=CC=O;COC1=CC=CC=C1C=O;C1OC=CC=CC=C(C=O)C=C1;COC=CC=CC1=C(C=O)C=C1;CCC(C)CCCC(=O)NCC=CC1=CC2=CC=C1C=C2;CCC(C)CCCC(=O)NCC=CC1=CC=CC2=C1C=CC=C2;O=C(O)C1=CC=CC=C1C=O;CCC(C)CCCC(=O)NCCC1=CC=CC2=C1C=CC=C2;CCC(C)CCCC(=O)NCC1=CC=CC2=C1C=CC=C2;C1OC=CC=CC2=C(C=O)C=C12;C12OC=CC=CC=C(C=O)C=C1C=C2;CC1C(C)CCCC(=O)NCC=CC2=CC3=CC=C2C=C3C=C1;C1OC=CC=CC=C(C2=O)C=C12;CCC(C)CCCC(=O)NCC=CC1=CC=CC=C1;CC1C(C)CCCC(=O)NCC=CC2=CC=CC3=C2C=CC=C31;CCC(C1)CCCC(=O)NCC=CC2=CC=CC3=C2C=CC=C3C=C1;C1CC(C)CCCC(=O)NCC=CC2=CC3=CC=C2C=C3C=C1;CCC(C)CCCC(=O)NCCC1=CC2=CC=C1C=C2;C12OC=CC=CC=C(C3=O)C=C1C=C23;CCC(C)CCCC(=O)NCC=CC1=CC=C2C=C1C=CC=C2;CCC(C)CCCC(=O)NCC=CC1=CC=CC2=C1C3=CC=C2C=C3;CCC1(C)CCCC(=O)NCC=CC2=CC=CC3=C2C=CC=C3C=C1;CCC(C)CCCC(=O)NCCC1=CC=CC=C1;CCC(C)CCCC(=O)NCC1=CC=CC=C1
m_f1a045,CC=CC=CC=CC=O;COC=CC=CC=CC=O;CC=CC1=CC=CC=C1C=O;O=CC=CC=CC=O;C1C=CC=CC=C1C=O;COC=CC1=CC=CC=C1C=O;COC1=CC=CC=C1C=O;C1OC=CC=CC=C1C=O;CC1=CC=CC=C1C=O;C1OC=CC=CC=C(C=O)C=C1;COC=CC=CC1=C(C=O)C=C1;CC=CC=CC1=C(C=O)C=C1;C1OC=CC=CC2=C(C=O)C=C12;C12OC=CC=CC=C(C=O)C=C1C=C2;C1OC=CC=CC2=C(C=O)C=C2C=C1;C1OC=CC=CC=C(C2=O)C=C12;C12OC=CC=CC=C(C3=O)C=C1C=C23;C1OC=CC=CC=C(C=O)C#C1;C12OC=CC=CC=C(C=O)C3=C1C=C23;C12OC=CC=CC=C(C=O)C=C1C#C2;COC=CC=CC=C(C=O)C=C;COC=CC=CC=C(C=O)C#C;COC=CC=CC#CC=O;CC=CC=CC#CC=O;C1OC=CC=CC=C(C=O)C=C1C#C
m_f22b14,COC=CC=CC=CC=O;CC=CC1=CC=CC=C1C=O;C1OC=CC=CC=C1C=O;COC1=CC=CC=C1C=O;COC=CC=CC#CC=O;COC=CC1=CC=CC=C1;CC=CC1=CC=CC=C1;COC1=CC=CC=C1;CCO;CCO;CCO;CCO;CCO;CCO;CCO;CCO;CCO;CCO;CCO;CCO;CCO;CCO;CCO;CCO;CCO
m_f22bed,CC=CC=CC=CC=O;COC=CC=CC=CC=O;CC=CC1=CC=CC=C1C=O;C1C=CC=CC=C1C=O;C1OC=CC=CC=C1C=O;C1C=CC=CC=C(C=O)C=C1;C1OC=CC=CC=C(C=O)C=C1;COC=CC=CC1=C(C=O)C=C1;COC1=CC=CC=C1C=O;CC1=CC=CC=C1C=O;CC=CC=CC1=C(C=O)C=C1;C1OC=CC=CC2=C(C=O)C=C12;C1C=CC=CC2=C(C=O)C=C12;C12OC=CC=CC=C(C=O)C=C1C=C2;C1OC=CC=CC2=C(C=O)C=C2C=C1;C12C=CC=CC=C(C=O)C=C1C=C2;C1C=CC=CC=C(C2=O)C=C12;C12OC=CC=CC=C(C3=O)C=C1C=C23;C12C=CC=CC=C(C3=O)C=C1C=C23;C1OC=CC=CC=C(C2=O)C=C12;C1C=CC=CC=C(C=O)C#C1;C12OC=CC=CC=C(C=O)C3=C1C=C23;C1OC=CC=CC=C(C=O)C#C1;C12OC=CC=CC=C(C=O)C=C1C#C2;C12C=CC=CC=C(C=O)C=C1C#C2
m_f24d72,CC=CC1=CC=CC=C1C=O;O=CC=CC=CC=CC=O;O=CC=CC=CC=O;COC1=CC=CC=C1C=O;O=CC=CC=C(C=O)C=C;O=CC=CC1=C(C=O)C=C1;COC=CC1=CC=CC=C1C=O;O=CC1=CC=CC=C1C=O;O=CC=CC=C(C=O)C=CC=C;O=CC=CC=C(C1=O)C=CC=C1;O=CC=CC=C(C=O)C=C=C;O=CC=CC=C(C=O)C=CC#C;O=CC=CC=CC#CC=O;O=CC=CC=C(C=O)C#C;COC=CC1=CC=CC=C1;CC=CC1=CC=CC=C1;O=CC1=CC=CC=C1;COC1=CC=CC=C1;CCO;CCO;CCO;CCO;CCO;CCO;CCO
m_f2d901,O=CC=CC=CC=O;COC1=CC=CC=C1C=O;O=CC=CC=C(C=O)C=C;O=CC=CC1=C(C=O)C=C1;O=CC=CC=C(C=O)C=CC=C;O=CC=CC=C(C=O)C#C;O=CC=CC=C(C=O)C1=CC=C1;O=CC=CC=C(C=O)C=CC#C;O=CC=CC=C(C1=O)C=C1;O=CC=CC=C(C=O)C=CC;O=CC=CC=C(C=O)C=C=C;O=CC=CC=C(C=O)C=C1C=C1;O=CC=CC#CC=O;O=C(O)C1=CC=CC=C1C=O;O=C(O)C1OC=CC=C1C=O;O=C(O)C=CC=C;O=C(O)C1OC=CC=C1;COC1=CC=CC=C1;O=C(O)C=CC=CC=O;O;CCO;CCO;CCO;CCO;CCO
m_f55e93,CC=CC=CC=CC=O;C1C=CC=CC=C1C=O;COC=CC=CC=O;COC=CC=CC=CC=O;O=CC=CC=CC=O;CC=CC=CC=CC=CC=O;C1C=CC=CC=C(C=O)C=C1;CC=CC=CC1=C(C=O)C=C1;C1C=CC=CC=CC=C(C=O)C1;C1C=CC=CC=CC=C(C=O)C=C1;CC1=CC=CC=C1C=O;CC=CC1=CC=CC=C1C=O;C12C=CC=CC=C(C=O)C=C1C=C2;C1C=CC=CC2=C(C=O)C=C2C=C1;COC=CC=C1C=C(C=O)C1;C1C=CC=CC=CC2=C(C=O)C=C12;C12C=CC=CC=CC=C(C=O)C1C=C2;CC=CC=CC=C1C=C(C=O)C1;C1C=CC=CC=C2C=C(C=O)C12;C12C=CC=CC=CC=C(C=O)C=C1C=C2;C1C=CC=CC2=C(C3=O)C=C2C=C13;C12C=CC=CC=C(C3=O)C=C1C=C23;CC=CC=CC=CC1=C(C=O)C=C1;C12C=CC=CC=CC=C(C3=O)C=C1C=C23;C1C=CC=CC2=C(C=O)C3=C2C=C13
m_f5c42c,CC=CC=CC=CC=O;CC=CC1=CC=CC=C1C=O;C1C=CC=CC=C1C=O;C1C=CC=CC=C(C=O)C=C1;CC=CC=CC1=C(C=O)C=C1;CC1=CC=CC=C1C=O;CC=CC=C1C=C(C=O)C=C1;C1C=CC=CC2=C(C=O)C=C12;C12C=CC=CC=C(C=O)C=C1C=C2;C1C=CC=CC=C(C2=O)C=C12;C12C=CC=CC=C(C3=O)C=C1C=C23;C1C=CC=CC=C(C=O)C#C1;C12C=CC=CC=C(C=O)C3=C1C=C23;C12C=CC=CC=C(C=O)C=C1C#C2;CC=CC=CC=C(C=O)C=C;C1C=CC=CC=C(C=O)C=C1C;C1C=CC=CC=C(C=O)C=C1C#C;CC=CC=CC#CC=O;CC=CC=CC=C(C=O)C#C;C1C=CC=CC=C(C=O)C=C1C=C;COC=CC1=CC=CC=C1;CC=CC1=CC=CC=C1;COC1=CC=CC=C1C=O;COC1=CC=CC=C1;CCO
m_f7002e,CC=CC=CC=CC=O;CC=CC1=CC=CC=C1C=O;C1C=CC=CC=C1C=O;COC=CC=CC=CC=O;C1C=CC=CC=C(C=O)C=C1;CC=CC=CC1=C(C=O)C=C1;CC1=CC=CC=C1C=O;C1OC=CC=CC=C1C=O;C1C=CC=CC2=C(C=O)C=C12;C1OC=CC=CC=C(C=O)C=C1;COC1=CC=CC=C1C=O;COC=CC=CC1=C(C=O)C=C1;C1C=CC=CC=C(C2=O)C=C12;C1OC=CC=CC2=C(C=O)C=C12;C1C=CC=CC=C(C=O)C#C1;C12OC=CC=CC=C(C=O)C=C1C=C2;C12OC=CC=CC=C(C3=O)C=C1C=C23;CC=CC=CC=C(C=O)C=C;C12OC=CC=CC=C(C=O)C3=C1C=C23;C1OC=CC=CC=C(C2=O)C=C12;C12OC=CC=CC=C(C=O)C=C1C#C2;CC=CC=CC#CC=O;CC=CC=CC=C(C=O)C#C;COC=CC=CC=C(C=O)C#C;C1C=CC=CC=C(C=O)C=C1C=C
m_f7302f,COC=CC1=CC=CC=C1C=O;COC1=CC=CC=C1C=O;COC=CC=CC=CC=CC=O;C1OC=CC=CC=CC=C1C=O;O=C(O)C1=CC=CC=C1C=O;C1OC=CC=CC=CC=C(C=O)C=C1;C1OC=CC=CC=CC2=C(C=O)C=C12;C1OC=CC=CC=CC=C(C2=O)C=C12;O=C(O)COC1=CC=CC=C1C=O;O=C(O)C=CC1=CC=CC=C1C=O;COC=CC=CC=CC#CC=O;C1OC=CC=CC=CC=C(C=O)C#C1;COC=CC=CC=C1C=C1C=O;COC=CC=CC=CC=C(C=O)C#C;COC=CC=CC=CC=C(C=O)C=C;COC1=CC=CC=C1;O;CCO;CCO;CCO;CCO;CCO;CCO;CCO;CCO
m_f82743,COC1=CC=CC=C1C=O;O=C(O)C1OC=CC=C1;COC1=CC=CC=C1;CCO;CCO;CCO;CCO;CCO;CCO;CCO;CCO;CCO;CCO;CCO;CCO;CCO;CCO;CCO;CCO;CCO;CCO;CCO;CCO;CCO;CCO
m_f858ee,CC=CC=CC=CC=O;COC=CC=CC=CC=O;C1C=CC=CC=C1C=O;C1C=CC=CC=C(C=O)C=C1;CC=CC=CC1=C(C=O)C=C1;CC1=CC=CC=C1C=O;C1OC=CC=CC=C(C=O)C=C1;COC=CC=CC1=C(C=O)C=C1;COC=CC=CC=CC=CC=O;C12C=CC=CC=C(C=O)C=C1C=C2;COC1=CC=CC=C1C=O;COC=CC1=CC=CC=C1C=O;C1OC=CC=CC2=C(C=O)C=C12;C12OC=CC=CC=C(C=O)C=C1C=C2;C1OC=CC=CC2=C(C=O)C=C2C=C1;C12C=CC=CC=C(C3=O)C=C1C=C23;C12OC=CC=CC=C(C3=O)C=C1C=C23;C1OC=CC=CC2=C(C3=O)C=C2C=C13;C12C=CC=CC=C(C=O)C3=C1C=C23;C12OC=CC=CC=C(C=O)C3=C1C=C23;C1OC=CC=CC=C(C=O)C=C1C;C12C=CC=CC=C(C=O)C=C1C#C2;C1OC=CC=CC2=C(C=O)C3=C2C=C13;C12OC=CC=CC=C(C=O)C=C1C#C2;C1OC=CC=CC=C(C2=O)C=C12
m_f866a0,O=CC=CC=CC=O;O=CC=CC=CC=CC=O;COC=CC=CC=CC=O;C1OC=CC=CC=C(C=O)C=C1;O=CC=CC=C(C=O)C=C;COC=CC=CC1=C(C=O)C=C1;O=CC=CC1=C(C=O)C=C1;COC=CC=CC=CC=CC=O;C12OC=CC=CC=C(C=O)C=C1C=C2;C1OC=CC=CC2=C(C=O)C=C12;O=CC1=CC=CC=C1C=O;CCC(C)CCCC(=O)NCCC=CC1=CC2=CC=C1C=C2;O=CC=CC=C(C=O)C=CC=C;C12OC=CC=CC=C(C3=O)C=C1C=C23;O=CC=CC=CC1=C(C=O)C=C1;CCC(C)CCCC(=O)NCCC1=CC=CC2=C1C=CC=C2;O=CC=CC=C(C1=O)C=CC=C1;C12OC=CC=CC=C(C=O)C3=C1C=C23;CCC(C)CCCC(=O)NCCC=CC1=CC=CC2=C1C=CC=C2;CCC(C)CCCC(=O)NCCCC1=CC=CC2=C1C=CC=C2;CCC(C)CCCC(=O)NCCCC1=CC2=CC=C1C=C2;CCC(C)CCCC(=O)NCCC1=CC2=CC=C1C=C2;CCC(C)CCCC(=O)NCCC=CC1=CC=CC=C1;O=CC=CC=CC1=C(C=O)C=C1C=C;CCC(C)CCCC(=O)NCCC=CC1=C2C=CC=C1C=C2
m_f8bf38,CC=CC=CC=CC=O;CC=CC1=CC=CC=C1C=O;C1C=CC=CC=C1C=O;COC=CC=CC=CC=O;C1C=CC=CC=C(C=O)C=C1;COC1=CC=CC=C1C=O;CC=CC=CC1=C(C=O)C=C1;CC1=CC=CC=C1C=O;COC=CC1=CC=CC=C1C=O;C1OC=CC=CC=C1C=O;C1OC=CC=CC=C(C=O)C=C1;COC=CC=CC1=C(C=O)C=C1;C12C=CC=CC=C(C=O)C=C1C=C2;O=C(O)C1=CC=CC=C1C=O;C12C=CC=CC=C(C3=O)C=C1C=C23;C1OC=CC=CC2=C(C=O)C=C12;C12OC=CC=CC=C(C=O)C=C1C=C2;C1OC=CC=CC2=C(C=O)C=C2C=C1;C12C=CC=CC=C(C=O)C3=C1C=C23;C12C=CC=CC=C(C=O)C=C1C#C2;C12OC=CC=CC=C(C3=O)C=C1C=C23;C1OC=CC=CC=C(C2=O)C=C12;C12OC=CC=CC=C(C=O)C3=C1C=C23;O=C(O)COC1=CC=CC=C1C=O;C1OC=CC=CC=C(C=O)C#C1
m_f8d39e,CC=CC=CC=CC=O;C1C=CC=CC=C1C=O;CC=CC1=CC=CC=C1C=O;COC=CC=CC=CC=O;C1C=CC=CC=C(C=O)C=C1;CC=CC=CC1=C(C=O)C=C1;CC1=CC=CC=C1C=O;C1OC=CC=CC=C1C=O;C12C=CC=CC=C(C=O)C=C1C=C2;COC1=CC=CC=C1C=O;CC=CC=CC=C(C=O)C=C;C1C=CC=CC=C(C=O)C=C1C;C1C=CC=CC=C(C=O)C=C1C#C;CC=CC=CC#CC=O;CC=CC=CC=C(C=O)C#C;C1C=CC=CC=C(C=O)C=C1C=C;COC=CC=CC#CC=O;COC=CC1=CC=CC=C1;CC=CC1=CC=CC=C1;COC1=CC=CC=C1;CCO;CCO;CCO;CCO;CCO
m_f8ef30,CC=CC=CC=CC=O;C1C=CC=CC=C1C=O;O=CC=CC=CC=O;CC1=CC=CC=C1C=O;CC=CC=CC1=C(C=O)C=C1;O=CC=CC=CC(=O)NC=CC1=CC2=CC=C1C=C2;C1C=CC=CC2=C(C=O)C=C2C=C1;C1C=CC=CC2=C(C3=O)C=C2C=C13;O=CC=CC=CC(=O)NC=CC1=CC=CC=C1;C1C=CC=CC2=C(C=O)C3=C2C=C13;O=CC=CC=C(C=O)C=C;CC=CC=CC=C(C=O)C=C;O=CC=CC1=C(C=O)C=C1;C1C=CC=CC2=C(C=O)C=C2C#C1;O=CC=CC=CC(=O)NC1=CC=CC=C1;O=CC=CC=C(C=O)C=CC=C;O=CC=CC=C(C=O)C#C;CC=CC=CC#CC=O;O=CC=CC=C(C=O)C1=CC=C1;O=CC=CC=C(C=O)C=CC#C;O=CC=CC=C(C1=O)C=C1;CC=CC=CC1=C(C=O)C=C1C#C;CC=CC=CC1=C(C=O)C=C1C=C;O=CC=CC=C(C=O)C=C1C=C1;O=CC=CC=C(C=O)C=C=C
m_fb2bcc,COC=CC=CC=CC=O;C1OC=CC=CC=C(C=O)C=C1;COC=CC=CC1=C(C=O)C=C1;COC=CC=CC=CC=CC=O;COC1=CC=CC=C1C=O;C1OC=CC=CC2=C(C=O)C=C12;C12OC=CC=CC=C(C=O)C=C1C=C2;C12OC=CC=CC=C(C3=O)C=C1C=C23;COC=CC=CC=C(C1=O)C=CC=C1;C12OC=CC=CC=C(C=O)C=C1C2;C12OC=CC=CC=C(C=O)C3=C1C=C23;C1OC=CC=CC=C(C=O)C=C1C;C1OC=CC=CC=C(C2=O)C=C12;C12OC=CC=CC=C(C=O)C=C1C#C2;COC=CC=CC=C(C=O)C#C;C1OC=CC=CC=C(C=O)C=C1C#C;C1OC=CC=CC=C(C=O)C=C1C=C;CC=CC1=CC=CC=C1;CCO;CCO;CCO;CCO;CCO;CCO;CCO
m_fb6996,CC=CC=CC=CC=O;COC=CC=CC=CC=O;C1C=CC=CC=C1C=O;C1OC=CC=CC=C1C=O;C1C=CC=CC=C(C=O)C=C1;COC=CC=CC=O;CC=CC=CC1=C(C=O)C=C1;CC=CC=CC=O;C1C=CC=C1C=O;C1OC=CC=C(C=O)C=C1;COC1=CC=CC=C1C=O;C1C=CC=C(C=O)C=C1;C12C=CC=CC=C(C=O)C=C1C=C2;COC=CC=CC=CC=CC=O;C1C=CC=CC2=C(C=O)C=C2C=C1;C1C=CC=CC2=C(C=O)C=C12;C12OC=CC=C(C=O)C=C1C=C2;CC=CC=CC=C(C1=O)C=CC=C1;C1OC=CC=C1C=O;C12C=CC=C(C=O)C=C1C=C2;COC=CC1=C(C=O)C=C1;C12C=CC=CC=C(C3=O)C=C1C=C23;C12C=CC=C(C3=O)C=C1C=C23;CC1=CC=CC=C1C=O;C12C=CC=CC=C(C=O)C3=C1C=C23
m_fbf20a,COC=CC=CC=CC=O;COC=CC=CC=O;C1OC=CC=CC=C(C=O)C=C1;COC=CC=CC1=C(C=O)C=C1;C12OC=CC=CC=C(C=O)C=C1C=C2;COC1=CC=CC=C1C=O;COC=CC1=C(C=O)C=C1;CCC(C)CCCC(=O)NCCC=CC1=CC2=CC=C1C=C2;COC=CC=CC=C(C1=O)C=CC=C1;C12OC=CC=CC=C(C3=O)C=C1C=C23;CCC(C)CCCC(=O)NCCC1=CC=CC2=C1C=CC=C2;C=1OC=CC=CC=C(C=O)C=C=1;C12OC=CC=CC=C(C=O)C3=C1C=C23;CCC(C)CCCC(=O)NCCC=CC1=CC=CC2=C1C=CC=C2;CCC(C)CCCC(=O)NCCCC1=CC2=CC=C1C=C2;CCC(C)CCCC(=O)NCCCC1=CC=CC2=C1C=CC=C2;CCC(C)CCCC(=O)NCCC1=CC2=CC=C1C=C2;CCC(C)CCCC(=O)NCCC=CC1=CC=CC=C1;CCC(C)CCCC(=O)NCCC=CC1=C2C=CC=C1C=C2;CCC1(C)CCCC(=O)NCCC=CC2=CC3=CC=C2C=C3C=C1;C1OC=CC=CC=C(C2=O)C=C1C=C2;CCC1(C)CCCC(=O)NCCC2=CC=CC3=C2C=CC=C3C=C1;CCC(C)CCCC(=O)NCCC1=CC=CC=C1;CC1C(C)CCCC(=O)NCCC=CC2=CC3=CC=C2C=C3C=C1;CCC(C)CCCC(=O)NCCC1=CC=C2C=C1C=CC=C2
m_fd4556,CC=CC=CC=CC=O;COC=CC=CC=CC=O;CC=CC1=CC=CC=C1C=O;C1C=CC=CC=C1C=O;C1OC=CC=CC=C1C=O;COC1=CC=CC=C1C=O;C1C=CC=CC=C(C=O)C=C1;CC=CC=CC1=C(C=O)C=C1;CC1=CC=CC=C1C=O;C1OC=CC=CC=C(C=O)C=C1;COC=CC=CC1=C(C=O)C=C1;CC=CC=C1C=C(C=O)C=C1;C1C=CC=CC2=C(C=O)C=C12;C12C=CC=CC=C(C=O)C=C1C=C2;C1OC=CC=CC2=C(C=O)C=C12;C1C=CC=CC=C(C2=O)C=C12;C12OC=CC=CC=C(C=O)C=C1C=C2;C1OC=CC=CC=C(C2=O)C=C12;C12C=CC=CC=C(C3=O)C=C1C=C23;C1C=CC=CC=C(C=O)C#C1;C12OC=CC=CC=C(C3=O)C=C1C=C23;C=1OC=CC=CC=C(C=O)C=C=1;C12C=CC=CC=C(C=O)C=C1C#C2;C12OC=CC=CC=C(C=O)C3=C1C=C23;C12C=CC=CC=C(C=O)C3=C1C=C23
m_fd693e,CCC1=CC=CC=C1C=O;CC=CC1=CC=CC=C1C=O;CCC=CC1=CC=CC=C1C=O;CCC=CC1=CC=CC=C1;CC=CC1=CC=CC=C1;CCC1=CC=CC=C1;O=CC1=CC=CC=C1;O=CC1=CC=CC=C1C=O;O;CCO;CCO;CCO;CCO;CCO;CCO;CCO;CCO;CCO;CCO;CCO;CCO;CCO;CCO;CCO;CCO
m_fe6eaa,COC=CC=CC=CC=O;COC=CC1=CC=CC=C1C=O;CC=CC1=CC=CC=C1C=O;COC1=CC=CC=C1C=O;C1OC=CC=CC=C(C=O)C=C1;COC=CC=CC1=C(C=O)C=C1;C1OC=CC=CC2=C(C=O)C=C12;C12OC=CC=CC=C(C=O)C=C1C=C2;C12OC=CC=CC=C(C3=O)C=C1C=C23;C12OC=CC=CC=C(C=O)C3=C1C=C23;C1OC=CC=CC=C(C2=O)C=C12;C12OC=CC=CC=C(C=O)C=C1C#C2;O=C(O)COC1=CC=CC=C1C=O;COC=CC=CC=C(C=O)C#C;C1OC=CC=CC=C(C=O)C=C1C#C;C1OC=CC=CC=C(C=O)C=C1C=C;O=C(O)CC1=CC=CC=C1C=O;COC=CC1=CC=CC=C1;CC=CC1=CC=CC=C1;COC1=CC=CC=C1;O;CCO;CCO;CCO;CCO
m_fe9649,COC=CC=CC=CC=O;C1OC=CC=CC=C1C=O;CC=CC1=CC=CC=C1C=O;C1OC=CC=CC=C(C=O)C=C1;COC=CC=CC1=C(C=O)C=C1;COC1=CC=CC=C1C=O;COC=CC=CC=CC=CC=O;C12OC=CC=CC=C(C=O)C=C1C=C2;C1OC=CC=CC2=C(C=O)C=C2C=C1;C1OC=CC=CC2=C(C=O)C=C12;COC=CC=C1C=C(C=O)C1;C=1OC=CC=CC=C(C=O)C=C=1;C12OC=CC=CC=C(C3=O)C=C1C=C23;C1OC=CC=CC2=C(C3=O)C=C2C=C13;COC=CC=CC=C(C1=O)C=CC=C1;C12OC=CC=CC=C(C=O)C3=C1C=C23;C1OC=CC=CC2=C(C=O)C3=C2C=C13;C12OC=CC=CC=C(C=O)C=C1C2;C12OC=CC=CC=C(C=O)C=C1C#C2;C1OC=CC=CC=C(C=O)C=C1C;C1OC=CC=CC=C(C2=O)C=C12;COC=CC=CC=C(C=O)C#C;C1OC=CC=CC=C(C=O)C=C1C#C;C1OC=CC=CC=C(C=O)C#C1;C1OC=CC=CC=C(C=O)C=C1C=C
m_fea652,CC=CC=CC=CC=O;COC=CC=CC=CC=O;C1C=CC=CC=C1C=O;C1C=CC=CC=C(C=O)C=C1;CC=CC=CC1=C(C=O)C=C1;C1OC=CC=CC=C(C=O)C=C1;CC1=CC=CC=C1C=O;COC=CC=CC=O;COC=CC=CC1=C(C=O)C=C1;C12C=CC=CC=C(C=O)C=C1C=C2;COC1=CC=CC=C1C=O;C1OC=CC=CC2=C(C=O)C=C12;C12OC=CC=CC=C(C=O)C=C1C=C2;C12C=CC=CC=C(C3=O)C=C1C=C23;C12OC=CC=CC=C(C3=O)C=C1C=C23;C12C=CC=CC=C(C=O)C3=C1C=C23;C12OC=CC=CC=C(C=O)C3=C1C=C23;C12C=CC=CC=C(C=O)C=C1C#C2;C1OC=CC=CC=C(C2=O)C=C12;C12OC=CC=CC=C(C=O)C=C1C#C2;COC=CC=CC=C(C=O)C#C;C1OC=CC=CC=C(C=O)C=C1C#C;C1C=CC=CC=C(C=O)C=C1C#C;CC=CC=CC=C(C=O)C#C;CC=CC=CC#CC=O
m_feb5c1,CC=CC=CC=CC=O;COC=CC=CC=CC=O;CC=CC1=CC=CC=C1C=O;C1C=CC=CC=C1C=O;C1OC=CC=CC=C1C=O;COC1=CC=CC=C1C=O;COC=CC1=CC=CC=C1C=O;CC=CC=CC1=C(C=O)C=C1;C1C=CC=CC=C(C=O)C=C1;C1OC=CC=CC=C(C=O)C=C1;CC1=CC=CC=C1C=O;COC=CC=CC1=C(C=O)C=C1;COC=CC=C1C=C(C=O)C1;C1OC=CC=CC2=C(C=O)C=C12;CC=CC=C1C=C(C=O)C=C1;C12OC=CC=CC=C(C=O)C=C1C=C2;C1OC=CC=CC2=C(C=O)C=C2C=C1;C1C=CC=CC2=C(C=O)C=C2C=C1;C12C=CC=CC=C(C=O)C=C1C=C2;C12OC=CC=CC=C(C3=O)C=C1C=C23;C1C=CC=CC2=C(C3=O)C=C2C=C13;C1OC=CC=CC2=C(C3=O)C=C2C=C13;C12OC=CC=CC=C(C=O)C3=C1C=C23;C1C=CC=CC2=C(C=O)C3=C2C=C13;C1OC=CC=CC2=C(C=O)C3=C2C=C13
m_ff32bb,CCC1=CC=CC=C1C=O;O=CC=CC=CC=O;CCC=CC1=CC=CC=C1C=O;O=CC=CC=C(C=O)C=C;O=CC=CC1=C(C=O)C=C1;O=CC=CC=CC=CC=O;O=CC=CC=C(C=O)C=CC=C;O=CC=CC=C(C1=O)C=CC=C1;O=CC=CC=C(C=O)C1=CC=C1;O=CC=CC=C(C=O)C=CC;O=CC=CC=C(C=O)C=CC#C;O=CC=CC=C(C=O)C#C;O=CC=CC=C(C=O)C=C=C;O=CC=CC=C(C=O)C=C1C=C1;CCC=CC1=CC=CC=C1;CCC1=CC=CC=C1;O=CC1=CC=CC=C1;O=CC1=CC=CC=C1C=O;O;CCO;CCO;CCO;CCO;CCO;CCO
m_ff4ed5,CCC1=CC=CC=C1C=O;CC=CC1=CC=CC=C1C=O;CCC=CC1=CC=CC=C1C=O;CC=CC1=CC=CC=C1;CCC=CC1=CC=CC=C1;CCC1=CC=CC=C1;O=CC1=CC=CC=C1C=O;O=CC1=CC=CC=C1;O;CCO;CCO;CCO;CCO;CCO;CCO;CCO;CCO;CCO;CCO;CCO;CCO;CCO;CCO;CCO;CCO
m_ff5db9,CCC(C)CCCCC(=O)NCC1=CC=CC2=C1C=CC=C2;CCC(C)CCCCC(=O)NCCC1=CC2=CC=C1C=C2;CCC(C)CCCCC(=O)NCCC1=CC=CC2=C1C=CC=C2;CCC(C)CCCCC(=O)NCC1=CC2=CC=C1C=C2;CCC(C)CCCCC(=O)NCC1=CC=CC=C1;CCC(C)CCCCC(=O)NCC1=CC=C2C=C1C=CC=C2;CCC(C)CCCCC(=O)NCCC1=CC=CC=C1;CCC1(C)CCCCC(=O)NCC2=CC=CC3=C2C=CC=C3C=C1;CC1C(C)CCCCC(=O)NCCC2=CC=CC3=C2C=CC=C31;CC1C(C)CCCCC(=O)NCC2=CC=CC3=C2C=CC=C3C=C1;CCC(C1)CCCCC(=O)NCCC2=CC=CC3=C2C=CC=C3C=C1;CCC(C)CCCCC(=O)NCCC1=CC=C2C=C1C=CC=C2;CCC(C)CCCCC(=O)NCC1=CC2=CC=C1C=C2C=O;CCC(C)CCCCC(=O)NCC1=CC=CC2=C1C3=CC=C2C=C3;CCC(C)CCCCC(=O)NCCC1=CC=CC=C1C=O;CCC(C)CCCCC(=O)NCCC1=CC=CC2=C1C3=CC=C2C=C3;CCC1(C)CCCCC(=O)NCCC2=CC=CC3=C2C=CC=C3C=C1;CCC(C)CC1CCC(=O)NCC2=CC=CC3=C2C=CC=C3C=C1;CCC1(C)C2CCCC(=O)NCC3=CC=CC4=C3C=CC=C4C=C1C=C2;CCC(C)CCCCC(=O)NC1CC=CC=C1;CCC(C)CCC1CC(=O)NCCC2=CC=CC3=C2C=CC=C3C=C1;CCC(C1)CC2CCC(=O)NCCC3=CC=CC4=C3C=CC=C4C=C1C=C2;CCC(C)CCCCC(=O)NCC1C=CC=CC=C1;CCC1(C)CCC2CC(=O)NCC3=CC=CC4=C3C=C5C=C4C=C1C=C25;CCC1(C)CCC2CC(=O)NCC3=CC=CC4=C3C=CC5=C4C=C1C=C25
m_ff7740,COC1=CC=CC=C1C=O;O=C(O)C1=CC=CC=C1C=O;O=C(O)C=CC1=CC=CC=C1C=O;COC1=CC=CC=C1;O;CCO;CCO;CCO;CCO;CCO;CCO;CCO;CCO;CCO;CCO;CCO;CCO;CCO;CCO;CCO;CCO;CCO;CCO;CCO;CCO
m_ff926d,CC=CC=CC=CC=O;COC=CC=CC=CC=O;C1C=CC=CC=C1C=O;CC=CC1=CC=CC=C1C=O;C1C=CC=CC=C(C=O)C=C1;CC=CC=CC1=C(C=O)C=C1;COC1=CC=CC=C1C=O;CC1=CC=CC=C1C=O;C1C=CC=CC2=C(C=O)C=C12;CC=CC=C1C=C(C=O)C=C1;C12C=CC=CC=C(C=O)C=C1C=C2;C1C=CC=CC=C(C2=O)C=C12;C1C=CC=CC=C(C=O)C#C1;C12C=CC=CC=C(C3=O)C=C1C=C23;C12C=CC=CC=C(C=O)C3=C1C=C23;C12C=CC=CC=C(C=O)C=C1C#C2;CC=CC=CC=C(C=O)C=C;CC=CC=CC=C(C=O)C#C;CC=CC=CC#CC=O;C1C=CC=CC=C(C=O)C=C1C=C;C1C=CC=CC=C(C=O)C=C1C;C1C=CC=CC=C(C=O)C=C1C#C;CC=CC1=CC=CC=C1;COC=CC1=CC=CC=C1;COC1=CC=CC=C1
